pdb_code,rid,aa,dssp,resolution,umap_x,umap_y,cluster
1ejg,4,CYS,-,0.54,19.060068,4.546,2
1ejg,5,PRO,S,0.54,11.696963,-8.801189,1
1ejg,10,ARG,H,0.54,11.328042,-9.600505,1
1ejg,14,ASN,H,0.54,11.420283,-9.537858,1
1ejg,15,VAL,H,0.54,11.039294,-9.4752655,1
1ejg,16,CYS,H,0.54,11.3155575,-9.578936,1
1ejg,17,ARG,H,0.54,11.434375,-9.444792,1
1ejg,18,LEU,T,0.54,11.255933,-9.027149,1
1ejg,19,PRO,T,0.54,11.684079,-8.880396,1
1ejg,20,GLY,T,0.54,-1.0697815,14.330224,0
1iua,2,ALA,-,0.8,18.275187,4.948712,2
1iua,3,PRO,-,0.8,18.121664,5.5165014,2
1iua,4,ALA,T,0.8,12.403774,-8.163258,1
1iua,5,ASN,T,0.8,13.934235,-6.9193125,1
1iua,6,ALA,B,0.8,20.228933,1.7342011,2
1iua,7,VAL,P,0.8,17.590118,6.219408,2
1iua,8,THR,P,0.8,16.997541,5.4347196,2
1iua,9,ALA,T,0.8,11.896975,-6.4737806,1
1iua,10,ASP,T,0.8,12.130288,-5.9645143,1
1iua,14,ALA,H,0.8,10.460702,-4.685348,1
1iua,15,ILE,H,0.8,8.9542885,-5.780031,1
1iua,16,ALA,H,0.8,10.545571,-4.1446824,1
1iua,17,LEU,T,0.8,12.890992,-6.0148387,1
1iua,18,LYS,T,0.8,-0.99530196,15.492252,0
1iua,19,TYR,-,0.8,20.077713,2.0831983,2
1iua,20,ASN,B,0.8,19.67779,4.204395,2
1iua,21,GLN,S,0.8,12.095584,-7.798085,1
1iua,22,ASP,S,0.8,18.346506,1.388782,2
1iua,23,ALA,G,0.8,9.970355,-5.106913,1
1iua,24,THR,G,0.8,8.093151,-6.3616767,1
1iua,25,LYS,G,0.8,13.163019,-5.2948036,1
1iua,26,SER,S,0.8,21.767086,3.573324,2
1iua,27,GLU,S,0.8,13.192231,-6.938172,1
1iua,28,ARG,H,0.8,10.4417515,-5.3702188,1
1iua,29,VAL,H,0.8,8.818513,-5.962809,1
1iua,30,ALA,H,0.8,10.276976,-4.9377675,1
1iua,31,ALA,H,0.8,10.348666,-5.1236234,1
1iua,32,ALA,-,0.8,-1.6976464,15.031849,0
1iua,33,ARG,-,0.8,19.811504,1.1915622,2
1iua,34,PRO,T,0.8,18.442797,6.3245606,2
1iua,35,GLY,T,0.8,-0.5230222,14.471847,0
1iua,36,LEU,S,0.8,21.92681,2.5765636,2
1iua,40,GLU,G,0.8,12.972551,-5.5114284,1
1iua,41,GLN,-,0.8,19.888836,1.7634127,2
1iua,42,HIS,-,0.8,19.768478,4.4733973,2
1iua,43,CYS,G,0.8,10.181663,-5.135117,1
1iua,44,ALA,G,0.8,10.608947,-5.424961,1
1iua,45,ASN,G,0.8,12.419837,-6.259389,1
1iua,46,CYS,B,0.8,20.739769,2.5738246,2
1iua,47,GLN,T,0.8,12.166754,-7.746383,1
1iua,48,PHE,T,0.8,12.81158,-6.767507,1
1iua,49,MET,E,0.8,19.596416,1.9610118,2
1iua,50,GLN,E,0.8,17.524801,3.4651918,2
1iua,51,ALA,E,0.8,11.685883,-5.71909,1
1iua,52,ASN,E,0.8,12.883291,-5.17275,1
1iua,53,VAL,E,0.8,21.849403,2.5382135,2
1iua,54,GLY,E,0.8,23.273376,3.869768,2
1iua,55,GLU,E,0.8,20.505861,4.142489,2
1iua,56,GLY,T,0.8,23.484821,3.8775115,2
1iua,57,ASP,T,0.8,12.212872,-7.3320537,1
1iua,58,TRP,E,0.8,19.446047,2.8101144,2
1iua,59,LYS,E,0.8,20.430824,4.059703,2
1iua,60,GLY,E,0.8,19.538853,5.918409,2
1iua,61,CYS,E,0.8,18.617617,3.8049173,2
1iua,62,GLN,T,0.8,11.98638,-7.103988,1
1iua,63,LEU,T,0.8,12.944132,-6.6762342,1
1iua,64,PHE,S,0.8,17.885584,1.166577,2
1iua,65,PRO,T,0.8,17.9878,6.757301,2
1iua,66,GLY,T,0.8,-0.42710018,14.447495,0
1iua,67,LYS,-,0.8,20.611933,3.5044477,2
1iua,68,LEU,B,0.8,20.910872,4.381236,2
1iua,69,ILE,E,0.8,18.487764,4.1305013,2
1iua,70,ASN,E,0.8,18.020838,4.3622484,2
1iua,71,VAL,T,0.8,12.0997305,-7.802251,1
1iua,72,ASN,T,0.8,12.576012,-6.596825,1
1iua,73,GLY,-,0.8,21.001793,2.994431,2
1iua,74,TRP,B,0.8,20.810617,4.84237,2
1iua,75,CYS,-,0.8,19.568676,4.6404557,2
1iua,76,ALA,T,0.8,12.576189,-8.007166,1
1iua,77,SER,T,0.8,12.7544365,-6.7481623,1
1iua,78,TRP,-,0.8,19.537094,1.8178908,2
1iua,79,THR,-,0.8,18.764563,2.6778295,2
1iua,80,LEU,B,0.8,17.533598,5.3731537,2
1iua,81,LYS,-,0.8,18.36974,4.7638955,2
1iua,82,ALA,-,0.8,11.369701,-5.0480585,1
1pq7,17,VAL,B,0.8,18.650276,3.2167623,2
1pq7,18,GLY,S,0.8,-0.34224343,14.817323,0
1pq7,19,GLY,-,0.8,21.009735,3.077635,2
1pq7,20,THR,E,0.8,20.166407,3.8988504,2
1pq7,21,SER,E,0.8,17.246464,5.778475,2
1pq7,22,ALA,P,0.8,18.365635,4.327307,2
1pq7,23,SER,P,0.8,19.377968,5.4965215,2
1pq7,24,ALA,T,0.8,18.13226,6.283234,2
1pq7,25,GLY,T,0.8,-0.3634126,14.794191,0
1pq7,26,ASP,S,0.8,10.559158,-4.834946,1
1pq7,27,PHE,S,0.8,17.894794,1.1293992,2
1pq7,28,PRO,T,0.8,12.061097,-7.029541,1
1pq7,29,PHE,T,0.8,12.951793,-6.0129466,1
1pq7,30,ILE,E,0.8,20.106855,2.226965,2
1pq7,31,VAL,E,0.8,20.806374,4.446811,2
1pq7,32,SER,E,0.8,18.067385,3.9485288,2
1pq7,33,ILE,E,0.8,18.060936,3.2781062,2
1pq7,34,SER,E,0.8,18.419594,3.8841686,2
1pq7,35,ARG,E,0.8,19.55006,4.054855,2
1pq7,36,ASN,T,0.8,11.9076,-6.485353,1
1pq7,37,GLY,T,0.8,-0.79754215,14.238957,0
1pq7,38,GLY,E,0.8,20.156898,3.8109922,2
1pq7,39,PRO,E,0.8,18.15162,5.405999,2
1pq7,43,GLY,E,0.8,22.10872,4.212739,2
1pq7,44,SER,E,0.8,18.813662,2.917694,2
1pq7,45,LEU,E,0.8,17.53828,2.7385046,2
1pq7,46,LEU,E,0.8,13.5783615,-5.1166987,1
1pq7,47,ASN,E,0.8,20.740326,3.4297338,2
1pq7,51,VAL,E,0.8,20.20154,4.3184304,2
1pq7,52,LEU,E,0.8,18.532324,3.7181888,2
1pq7,53,THR,E,0.8,21.055647,4.182708,2
1pq7,54,ALA,-,0.8,18.26461,4.701282,2
1pq7,55,ALA,H,0.8,10.475628,-8.017901,1
1pq7,56,HIS,H,0.8,10.62748,-6.056459,1
1pq7,57,CYS,H,0.8,10.871778,-4.927599,1
1pq7,58,VAL,H,0.8,13.029574,-5.985915,1
1pq7,59,SER,T,0.8,18.052057,6.6258593,2
1pq7,60,GLY,T,0.8,-0.5314362,14.578349,0
1pq7,61,TYR,S,0.8,18.087172,6.5396595,2
1pq7,65,GLY,G,0.8,11.752703,-6.5625176,1
1pq7,66,PHE,E,0.8,20.346182,3.489691,2
1pq7,67,GLN,E,0.8,18.563698,3.8897452,2
1pq7,68,ILE,E,0.8,18.839922,3.3422713,2
1pq7,69,ARG,E,0.8,19.359613,4.1443815,2
1pq7,70,ALA,E,0.8,19.940767,4.2883162,2
1pq7,71,GLY,S,0.8,-0.29650396,14.86404,0
1pq7,72,SER,-,0.8,20.610445,4.132669,2
1pq7,73,LEU,S,0.8,12.19146,-7.650331,1
1pq7,74,SER,B,0.8,20.110964,3.2146592,2
1pq7,75,ARG,S,0.8,12.160287,-7.9720483,1
1pq7,76,THR,S,0.8,12.979601,-6.0584826,1
1pq7,77,SER,S,0.8,21.991568,3.217677,2
1pq7,78,GLY,S,0.8,23.101173,3.8605983,2
1pq7,79,GLY,S,0.8,23.426025,3.884255,2
1pq7,80,ILE,E,0.8,19.30902,3.133943,2
1pq7,81,THR,E,0.8,20.328997,5.0047445,2
1pq7,82,SER,E,0.8,20.957617,4.403721,2
1pq7,83,SER,-,0.8,18.003592,4.3424735,2
1pq7,84,LEU,E,0.8,20.019367,5.12517,2
1pq7,85,SER,E,0.8,13.834238,-5.3075433,1
1pq7,86,SER,E,0.8,21.66995,3.850805,2
1pq7,87,VAL,E,0.8,18.661512,3.0029407,2
1pq7,88,ARG,E,0.8,19.420807,4.0051427,2
1pq7,89,VAL,E,0.8,17.048395,5.397963,2
1pq7,90,HIS,-,0.8,16.914675,4.723747,2
1pq7,91,PRO,T,0.8,11.726253,-7.7843924,1
1pq7,92,SER,T,0.8,12.926362,-6.205991,1
1pq7,93,TYR,-,0.8,19.482206,1.8196603,2
1pq7,94,SER,B,0.8,18.901896,2.6739044,2
1pq7,95,GLY,T,0.8,23.475088,3.8647814,2
1pq7,96,ASN,T,0.8,12.460894,-8.066864,1
1pq7,97,ASN,B,0.8,19.991194,2.3653011,2
1pq7,98,ASN,T,0.8,-0.77053285,15.429824,0
1pq7,99,ASP,-,0.8,17.33983,1.7105225,2
1pq7,100,LEU,-,0.8,20.992023,3.706101,2
1pq7,101,ALA,E,0.8,20.278172,4.587816,2
1pq7,102,ILE,E,0.8,18.41277,3.2839599,2
1pq7,103,LEU,E,0.8,18.658092,3.3926294,2
1pq7,104,LYS,E,0.8,17.422657,3.006139,2
1pq7,105,LEU,E,0.8,20.23383,3.9021459,2
1pq7,106,SER,S,0.8,12.186667,-7.5014534,1
1pq7,107,THR,S,0.8,21.263268,2.5681612,2
1pq7,108,SER,-,0.8,18.057129,3.4786441,2
1pq7,109,ILE,-,0.8,18.63282,2.4641728,2
1pq7,113,GLY,T,0.8,23.477205,3.8837461,2
1pq7,114,ASN,T,0.8,13.004225,-7.434005,1
1pq7,115,ILE,B,0.8,20.211287,2.0753162,2
1pq7,116,GLY,-,0.8,19.852243,4.568202,2
1pq7,117,TYR,-,0.8,19.749615,3.9301038,2
1pq7,118,ALA,-,0.8,19.16083,5.15993,2
1pq7,119,ARG,-,0.8,17.395287,3.6761878,2
1pq7,120,LEU,B,0.8,20.692818,4.533394,2
1pq7,121,ALA,P,0.8,18.156427,6.2439976,2
1pq7,122,ALA,P,0.8,18.346542,5.095458,2
1pq7,123,SER,T,0.8,17.831064,6.30317,2
1pq7,124,GLY,T,0.8,-0.6226142,14.660863,0
1pq7,125,SER,-,0.8,20.192896,2.6634865,2
1pq7,126,ASP,-,0.8,18.594994,2.078497,2
1pq7,127,PRO,P,0.8,17.718027,6.1216264,2
1pq7,128,VAL,P,0.8,17.966871,6.2548237,2
1pq7,129,ALA,T,0.8,18.224976,6.3915954,2
1pq7,130,GLY,T,0.8,-0.49992558,14.653274,0
1pq7,134,THR,E,0.8,19.169985,3.4322693,2
1pq7,135,VAL,E,0.8,19.14331,3.0167487,2
1pq7,136,ALA,E,0.8,20.216028,4.6321764,2
1pq7,137,GLY,E,0.8,22.394485,4.2147355,2
1pq7,138,TRP,S,0.8,12.993647,-7.107486,1
1pq7,139,GLY,S,0.8,21.186329,3.0581498,2
1pq7,145,GLY,-,0.8,17.160707,5.6874943,2
1pq7,146,SER,S,0.8,12.006573,-5.0127773,1
1pq7,147,SER,-,0.8,19.391575,3.2622776,2
1pq7,148,THR,-,0.8,20.131832,3.861155,2
1pq7,149,PRO,-,0.8,17.53217,5.301169,2
1pq7,150,VAL,S,0.8,11.2498255,-7.5008063,1
1pq7,151,ASN,B,0.8,20.29503,2.9433863,2
1pq7,152,LEU,-,0.8,19.544231,5.462982,2
1pq7,153,LEU,E,0.8,19.548828,4.7083597,2
1pq7,154,LYS,E,0.8,20.292692,4.2635975,2
1pq7,155,VAL,E,0.8,21.201254,3.8311126,2
1pq7,156,THR,E,0.8,18.851881,3.341135,2
1pq7,157,VAL,E,0.8,20.238102,3.991414,2
1pq7,158,PRO,E,0.8,19.272366,5.7440987,2
1pq7,159,ILE,E,0.8,17.788223,3.9445186,2
1pq7,160,VAL,E,0.8,18.450352,2.8041956,2
1pq7,161,SER,-,0.8,17.588142,5.4362354,2
1pq7,162,ARG,H,0.8,10.484632,-8.05716,1
1pq7,163,ALA,H,0.8,10.176038,-5.1995378,1
1pq7,164,THR,H,0.8,8.774215,-6.3213973,1
1pq7,165,CYS,H,0.8,10.3094225,-4.7119,1
1pq7,166,ARG,H,0.8,11.54039,-5.9574614,1
1pq7,167,ALA,H,0.8,11.197496,-4.9928784,1
1pq7,168,GLN,H,0.8,11.816859,-5.4312267,1
1pq7,169,TYR,H,0.8,12.915852,-5.9585357,1
1pq7,170,GLY,-,0.8,23.134495,3.7781625,2
1pq7,171,THR,T,0.8,11.194318,-7.7081904,1
1pq7,172,SER,T,0.8,12.08719,-7.0593266,1
1pq7,173,ALA,T,0.8,11.423776,-6.0071087,1
1pq7,174,ILE,S,0.8,18.2621,1.3420603,2
1pq7,175,THR,-,0.8,20.327913,4.456407,2
1pq7,176,ASN,T,0.8,12.516912,-7.9921913,1
1pq7,177,GLN,T,0.8,12.5573225,-6.6455116,1
1pq7,178,MET,E,0.8,21.43482,5.1373973,2
1pq7,179,PHE,E,0.8,19.303358,4.965204,2
1pq7,180,CYS,E,0.8,20.202635,4.478525,2
1pq7,181,ALA,E,0.8,20.158424,4.305256,2
1pq7,182,GLY,-,0.8,21.193018,4.0182304,2
1pq7,183,VAL,-,0.8,20.10578,3.8909132,2
1pq7,184,SER,T,0.8,11.249602,-7.522976,1
1pq7,185,SER,T,0.8,12.310523,-6.3906803,1
1pq7,186,GLY,-,0.8,23.245058,3.8086298,2
1pq7,187,GLY,-,0.8,-1.127655,14.766597,0
1pq7,188,LYS,-,0.8,18.684393,2.210512,2
1pq7,189,ASP,B,0.8,21.186062,4.6276965,2
1pq7,193,GLY,T,0.8,-0.9377108,14.233706,0
1pq7,194,ASP,-,0.8,12.240325,-5.6224775,1
1pq7,195,SER,T,0.8,18.10138,6.5783496,2
1pq7,196,GLY,T,0.8,-0.4463501,14.633289,0
1pq7,197,GLY,-,0.8,21.002031,3.1048388,2
1pq7,198,PRO,E,0.8,20.105377,5.6790714,2
1pq7,199,ILE,E,0.8,17.590387,3.8036058,2
1pq7,200,VAL,E,0.8,20.674858,4.7421203,2
1pq7,201,ASP,E,0.8,17.7326,4.5648546,2
1pq7,202,SER,T,0.8,12.267922,-7.74965,1
1pq7,203,SER,T,0.8,12.690976,-6.6736345,1
1pq7,204,ASN,-,0.8,-1.747216,14.936291,0
1pq7,205,THR,-,0.8,19.843914,1.8889302,2
1pq7,206,LEU,E,0.8,17.758188,2.8185167,2
1pq7,207,ILE,E,0.8,13.546647,-5.6389394,1
1pq7,208,GLY,E,0.8,21.809948,4.033935,2
1pq7,209,ALA,E,0.8,19.334227,4.1876297,2
1pq7,210,VAL,E,0.8,17.74488,3.1653452,2
1pq7,211,SER,E,0.8,13.543859,-5.736342,1
1pq7,212,TRP,E,0.8,21.701672,4.0594087,2
1pq7,213,GLY,-,0.8,20.455551,3.9549105,2
1pq7,214,ASN,S,0.8,17.472446,3.373364,2
1pq7,218,ARG,-,0.8,20.228409,1.4726291,2
1pq7,219,PRO,T,0.8,17.91785,6.3271046,2
1pq7,220,ASN,T,0.8,-0.54687965,15.222245,0
1pq7,221,TYR,-,0.8,18.101603,2.8504114,2
1pq7,222,SER,-,0.8,19.667444,5.724776,2
1pq7,223,GLY,E,0.8,17.684435,5.4870343,2
1pq7,224,VAL,E,0.8,18.616728,3.084865,2
1pq7,225,TYR,E,0.8,20.712276,5.023748,2
1pq7,226,ALA,E,0.8,17.184782,3.6790102,2
1pq7,227,SER,E,0.8,19.508514,2.7522054,2
1pq7,228,VAL,T,0.8,12.071477,-7.8409414,1
1pq7,229,GLY,T,0.8,11.251044,-6.315059,1
1pq7,230,ALA,T,0.8,12.82792,-6.5634704,1
1pq7,231,LEU,S,0.8,12.991038,-5.190251,1
1pq7,232,ARG,H,0.8,10.662531,-5.66342,1
1pq7,233,SER,H,0.8,9.786167,-7.060927,1
1pq7,234,PHE,H,0.8,9.038568,-5.6959033,1
1pq7,235,ILE,H,0.8,9.201594,-6.44672,1
1pq7,236,ASP,H,0.8,10.251159,-4.9166007,1
1pq7,237,THR,H,0.8,9.951067,-6.3975267,1
1pq7,238,TYR,H,0.8,13.279573,-6.2065015,1
1r6j,200,THR,E,0.73,18.625067,3.2863894,2
1r6j,209,VAL,-,0.73,13.595625,-5.138463,1
1r6j,210,GLY,-,0.73,-1.5910685,14.776968,0
1r6j,211,PHE,E,0.73,21.765444,4.002908,2
1r6j,212,ILE,E,0.73,18.745745,3.4765837,2
1r6j,213,PHE,E,0.73,20.723293,4.052863,2
1r6j,214,LYS,E,0.73,19.08293,2.8531134,2
1r6j,215,ASN,T,0.73,-0.6757486,15.3778925,0
1r6j,216,GLY,T,0.73,-1.249001,14.27962,0
1r6j,217,LYS,E,0.73,19.282179,2.385279,2
1r6j,218,ILE,E,0.73,17.843893,4.9639244,2
1r6j,219,THR,E,0.73,13.726194,-5.6747603,1
1r6j,220,SER,E,0.73,21.66608,3.3725784,2
1r6j,221,ILE,E,0.73,19.003376,3.2506018,2
1r6j,222,VAL,-,0.73,17.131071,4.660141,2
1r6j,223,LYS,T,0.73,18.217136,6.442659,2
1r6j,224,ASP,T,0.73,-0.59740335,15.013051,0
1r6j,225,SER,S,0.73,20.864147,2.8150039,2
1r6j,226,SER,H,0.73,10.617622,-8.163031,1
1r6j,227,ALA,H,0.73,10.09395,-4.571482,1
1r6j,228,ALA,H,0.73,10.78009,-5.0345,1
1r6j,229,ARG,H,0.73,10.7904215,-5.3400254,1
1r6j,230,ASN,H,0.73,13.745993,-6.876013,1
1r6j,231,GLY,T,0.73,-1.1423383,13.805848,0
1r6j,232,LEU,-,0.73,19.117762,1.0872672,2
1r6j,233,LEU,-,0.73,20.82218,5.1975093,2
1r6j,234,THR,S,0.73,17.97601,6.0023904,2
1r6j,235,GLU,S,0.73,-0.6481522,15.395378,0
1r6j,236,HIS,E,0.73,20.541626,2.9766142,2
1r6j,237,ASN,E,0.73,19.827997,3.412006,2
1r6j,238,ILE,E,0.73,18.226013,2.7832117,2
1r6j,239,CYS,E,0.73,12.826403,-5.2445254,1
1r6j,240,GLU,E,0.73,21.554064,3.0225763,2
1r6j,241,ILE,E,0.73,18.746561,3.0545785,2
1r6j,242,ASN,T,0.73,-0.659017,15.35292,0
1r6j,243,GLY,T,0.73,-0.79452187,14.225689,0
1r6j,244,GLN,E,0.73,19.834116,2.1461332,2
1r6j,245,ASN,E,0.73,17.8085,4.556143,2
1r6j,246,VAL,-,0.73,13.737616,-5.1290545,1
1r6j,247,ILE,T,0.73,17.811193,6.7936363,2
1r6j,248,GLY,T,0.73,-0.33471882,14.820559,0
1r6j,249,LEU,-,0.73,20.555122,2.5755634,2
1r6j,250,LYS,-,0.73,18.190023,5.537687,2
1r6j,251,ASP,H,0.73,10.548712,-7.974252,1
1r6j,252,SER,H,0.73,9.006535,-7.3588824,1
1r6j,253,GLN,H,0.73,9.41634,-6.665451,1
1r6j,254,ILE,H,0.73,8.912855,-6.8560596,1
1r6j,255,ALA,H,0.73,10.170961,-4.315128,1
1r6j,256,ASP,H,0.73,10.499511,-5.2729454,1
1r6j,257,ILE,H,0.73,8.950156,-6.902161,1
1r6j,258,LEU,H,0.73,9.667528,-6.7040057,1
1r6j,259,SER,H,0.73,9.29305,-6.876783,1
1r6j,260,THR,H,0.73,11.422889,-6.2031517,1
1r6j,261,SER,S,0.73,20.810709,2.7601645,2
1r6j,262,GLY,-,0.73,17.599516,5.093517,2
1r6j,263,THR,S,0.73,11.403331,-7.621846,1
1r6j,264,VAL,E,0.73,19.698542,1.9891576,2
1r6j,265,VAL,E,0.73,18.552454,2.9601102,2
1r6j,266,THR,E,0.73,18.814444,2.859984,2
1r6j,267,ILE,E,0.73,20.6981,4.985546,2
1r6j,268,THR,E,0.73,18.083628,3.6740823,2
1r6j,269,ILE,E,0.73,20.50768,3.902656,2
1r6j,270,MET,E,0.73,19.04316,2.570535,2
1r6j,271,PRO,E,0.73,17.904873,5.653784,2
1r6j,272,ALA,-,0.73,19.581793,4.452073,2
1ucs,4,SER,E,0.62,20.394838,4.8131022,2
1ucs,5,VAL,E,0.62,18.253902,4.5299416,2
1ucs,6,VAL,E,0.62,19.265192,4.41418,2
1ucs,7,ALA,E,0.62,18.716755,5.1379085,2
1ucs,8,ASN,S,0.62,12.249543,-8.096268,1
1ucs,9,GLN,S,0.62,21.82809,2.7680569,2
1ucs,10,LEU,-,0.62,18.058186,4.6703095,2
1ucs,11,ILE,B,0.62,18.337383,2.4027064,2
1ucs,12,PRO,-,0.62,18.705135,5.3134413,2
1ucs,13,ILE,T,0.62,18.255798,5.898614,2
1ucs,14,ASN,T,0.62,-0.68704516,14.646616,0
1ucs,15,THR,P,0.62,18.641539,5.711007,2
1ucs,16,ALA,B,0.62,17.761354,3.862894,2
1ucs,17,LEU,P,0.62,18.607176,5.628096,2
1ucs,18,THR,-,0.62,19.043913,4.6538324,2
1ucs,19,LEU,G,0.62,11.364581,-8.889517,1
1ucs,20,ILE,G,0.62,11.145671,-9.327927,1
1ucs,21,MET,G,0.62,11.48786,-8.814912,1
1ucs,22,MET,E,0.62,19.538363,2.41127,2
1ucs,23,LYS,E,0.62,18.960428,4.715003,2
1ucs,24,ALA,E,0.62,19.008265,4.382336,2
1ucs,25,GLU,E,0.62,20.89872,4.9346094,2
1ucs,26,VAL,-,0.62,18.199432,4.2543797,2
1ucs,27,VAL,-,0.62,21.015837,4.5285425,2
1ucs,28,THR,S,0.62,0.83151525,20.306286,0
1ucs,29,PRO,S,0.62,-9.751497,-2.9743302,-1
1ucs,30,MET,-,0.62,18.88842,5.050597,2
1ucs,31,GLY,-,0.62,19.075388,4.950973,2
1ucs,32,ILE,S,0.62,17.69932,4.8135004,2
1ucs,33,PRO,B,0.62,18.424812,5.3454556,2
1ucs,34,ALA,G,0.62,11.77563,-8.782306,1
1ucs,35,GLU,G,0.62,11.348952,-8.93146,1
1ucs,36,GLU,G,0.62,11.509028,-8.752444,1
1ucs,37,ILE,H,0.62,11.120911,-8.878911,1
1ucs,38,PRO,H,0.62,11.20462,-8.809466,1
1ucs,39,LYS,H,0.62,11.148905,-9.221862,1
1ucs,40,LEU,H,0.62,11.45021,-8.966211,1
1ucs,41,VAL,T,0.62,18.388666,6.064582,2
1ucs,42,GLY,T,0.62,-0.6447788,14.491317,0
1ucs,43,MET,P,0.62,20.304495,2.721178,2
1ucs,44,GLN,B,0.62,19.028952,5.24995,2
1ucs,45,VAL,B,0.62,18.541986,4.844201,2
1ucs,46,ASN,S,0.62,12.051451,-8.391382,1
1ucs,47,ARG,S,0.62,21.58026,2.819406,2
1ucs,48,ALA,-,0.62,18.65046,4.97722,2
1ucs,49,VAL,B,0.62,18.390146,3.357516,2
1ucs,50,PRO,-,0.62,18.785282,5.3239384,2
1ucs,51,LEU,T,0.62,18.242556,5.951763,2
1ucs,52,GLY,T,0.62,-0.7973198,14.361745,0
1ucs,53,THR,P,0.62,20.251593,2.7055984,2
1ucs,54,THR,B,0.62,18.406786,4.8124995,2
1ucs,55,LEU,P,0.62,18.538471,5.0555277,2
1ucs,56,MET,-,0.62,19.142427,4.472678,2
1ucs,57,PRO,G,0.62,11.24956,-9.050299,1
1ucs,58,ASP,G,0.62,11.621167,-8.873777,1
1ucs,59,MET,G,0.62,11.516571,-8.671505,1
1ucs,60,VAL,B,0.62,19.50489,2.462305,2
1ucs,61,LYS,T,0.62,18.366877,5.958681,2
1ucs,62,ASN,T,0.62,-0.70114666,14.648633,0
1ucs,63,TYR,-,0.62,19.582634,2.0743203,2
1us0,2,SER,S,0.66,11.37284,-7.0768175,1
1us0,3,ARG,E,0.66,21.100756,2.5377944,2
1us0,4,ILE,E,0.66,19.271088,4.391482,2
1us0,5,LEU,E,0.66,18.708998,4.797936,2
1us0,6,LEU,-,0.66,19.262934,5.0344615,2
1us0,7,ASN,T,0.66,12.146314,-8.239398,1
1us0,8,ASN,T,0.66,13.578731,-7.075384,1
1us0,9,GLY,S,0.66,-1.1204609,14.24521,0
1us0,10,ALA,-,0.66,20.18183,3.345095,2
1us0,11,LYS,E,0.66,19.378721,4.2389975,2
1us0,12,MET,E,0.66,18.940588,2.5799317,2
1us0,13,PRO,E,0.66,18.178831,5.4811254,2
1us0,17,LEU,E,0.66,18.752865,4.668765,2
1us0,18,GLY,E,0.66,18.684944,4.9882827,2
1us0,19,THR,-,0.66,13.828831,-5.6526957,1
1us0,20,TRP,T,0.66,17.81976,7.0525746,2
1us0,21,LYS,T,0.66,-0.59912544,14.598286,0
1us0,22,SER,-,0.66,19.049368,1.1338093,2
1us0,23,PRO,-,0.66,17.298903,5.575676,2
1us0,24,PRO,H,0.66,11.308449,-8.075332,1
1us0,25,GLY,H,0.66,12.8367195,-6.3025665,1
1us0,26,GLN,H,0.66,13.043547,-5.6222034,1
1us0,27,VAL,H,0.66,11.20044,-8.794254,1
1us0,28,THR,H,0.66,10.878384,-9.145731,1
1us0,29,GLU,H,0.66,11.072437,-9.042179,1
1us0,30,ALA,H,0.66,11.850914,-9.280296,1
1us0,31,VAL,H,0.66,11.071847,-9.012906,1
1us0,32,LYS,H,0.66,10.899747,-9.192997,1
1us0,33,VAL,H,0.66,10.952922,-9.327518,1
1us0,34,ALA,H,0.66,11.789969,-9.245565,1
1us0,35,ILE,H,0.66,10.913076,-9.050564,1
1us0,36,ASP,H,0.66,11.812694,-9.020838,1
1us0,37,VAL,H,0.66,11.534955,-8.502831,1
1us0,38,GLY,T,0.66,-1.0278848,13.871068,0
1us0,42,ILE,E,0.66,18.878878,3.7979014,2
1us0,43,ASP,E,0.66,17.487804,2.9324672,2
1us0,44,CYS,-,0.66,21.08657,5.212726,2
1us0,45,ALA,-,0.66,19.945816,4.408114,2
1us0,46,HIS,G,0.66,11.186989,-8.923925,1
1us0,47,VAL,G,0.66,11.160922,-8.931945,1
1us0,48,TYR,G,0.66,11.311861,-8.546671,1
1us0,49,GLN,T,0.66,-0.83575815,14.584038,0
1us0,50,ASN,-,0.66,12.913619,-5.185045,1
1us0,51,GLU,H,0.66,11.11777,-8.9778595,1
1us0,52,ASN,H,0.66,11.829113,-9.348657,1
1us0,53,GLU,H,0.66,11.164306,-9.034155,1
1us0,54,VAL,H,0.66,10.877257,-9.346622,1
1us0,55,GLY,H,0.66,11.280497,-8.992497,1
1us0,56,VAL,H,0.66,10.890793,-9.23204,1
1us0,57,ALA,H,0.66,11.757932,-9.295341,1
1us0,58,ILE,H,0.66,10.963674,-9.340811,1
1us0,59,GLN,H,0.66,11.093765,-9.033843,1
1us0,60,GLU,H,0.66,11.069378,-8.998265,1
1us0,61,LYS,H,0.66,11.2886715,-8.875384,1
1us0,62,LEU,H,0.66,10.828268,-9.097686,1
1us0,69,ARG,G,0.66,11.4516735,-9.107337,1
1us0,70,GLU,G,0.66,11.226232,-8.962113,1
1us0,71,GLU,G,0.66,12.791329,-6.059528,1
1us0,72,LEU,-,0.66,19.953165,2.6328337,2
1us0,73,PHE,E,0.66,18.255724,3.6266477,2
1us0,74,ILE,E,0.66,18.792835,3.9863615,2
1us0,75,VAL,E,0.66,20.740278,5.3808784,2
1us0,76,SER,E,0.66,19.251394,5.111756,2
1us0,77,LYS,E,0.66,21.58407,4.6515245,2
1us0,78,LEU,E,0.66,18.228853,2.8379395,2
1us0,79,TRP,-,0.66,18.39796,5.3974547,2
1us0,80,CYS,G,0.66,11.838771,-8.65816,1
1us0,81,THR,G,0.66,11.566187,-8.52936,1
1us0,87,LEU,T,0.66,12.914554,-5.9365025,1
1us0,88,VAL,H,0.66,11.065444,-8.757117,1
1us0,89,LYS,H,0.66,10.957435,-9.06553,1
1us0,90,GLY,H,0.66,11.05969,-9.094804,1
1us0,91,ALA,H,0.66,11.820458,-9.35156,1
1us0,92,CYS,H,0.66,11.814805,-9.283622,1
1us0,93,GLN,H,0.66,11.401695,-8.801015,1
1us0,94,LYS,H,0.66,10.936794,-9.362549,1
1us0,95,THR,H,0.66,10.896961,-9.106781,1
1us0,96,LEU,H,0.66,10.981639,-9.141197,1
1us0,97,SER,H,0.66,10.904222,-9.109161,1
1us0,104,LEU,B,0.66,18.435904,4.3242,2
1us0,105,ASP,S,0.66,12.221711,-8.814251,1
1us0,106,LEU,E,0.66,21.540125,3.2264779,2
1us0,107,TYR,E,0.66,18.494345,3.8120866,2
1us0,108,LEU,E,0.66,20.843493,5.365327,2
1us0,109,ILE,E,0.66,16.68669,3.674599,2
1us0,110,HIS,S,0.66,10.785373,-7.5454226,1
1us0,114,GLY,-,0.66,18.459818,4.782536,2
1us0,115,PHE,B,0.66,19.693804,4.607708,2
1us0,119,LYS,S,0.66,11.342056,-7.927644,1
1us0,120,GLU,-,0.66,19.592743,2.2646315,2
1us0,121,PHE,S,0.66,11.7662,-8.480969,1
1us0,122,PHE,S,0.66,17.93293,1.1644206,2
1us0,123,PRO,-,0.66,17.756098,5.513521,2
1us0,124,LEU,B,0.66,20.777945,4.8971615,2
1us0,125,ASP,-,0.66,17.646183,4.5242257,2
1us0,126,GLU,T,0.66,11.634212,-7.1410637,1
1us0,127,SER,T,0.66,13.264811,-6.7867866,1
1us0,128,GLY,S,0.66,-1.0791175,14.021892,0
1us0,129,ASN,-,0.66,20.156328,1.5103014,2
1us0,130,VAL,B,0.66,18.062748,5.511199,2
1us0,131,VAL,-,0.66,17.66157,4.4160028,2
1us0,139,ASP,H,0.66,11.787713,-9.225646,1
1us0,140,THR,H,0.66,10.866614,-9.148446,1
1us0,141,TRP,H,0.66,11.015811,-9.190635,1
1us0,142,ALA,H,0.66,11.781998,-9.380642,1
1us0,143,ALA,H,0.66,11.779248,-9.360376,1
1us0,144,MET,H,0.66,10.971457,-9.3485985,1
1us0,145,GLU,H,0.66,11.01888,-9.280564,1
1us0,146,GLU,H,0.66,11.124664,-9.197627,1
1us0,147,LEU,H,0.66,11.063287,-9.004521,1
1us0,148,VAL,H,0.66,10.888552,-9.336361,1
1us0,149,ASP,H,0.66,11.738659,-5.773974,1
1us0,150,GLU,T,0.66,13.63775,-6.9177833,1
1us0,151,GLY,T,0.66,-1.013377,14.220918,0
1us0,152,LEU,S,0.66,11.673039,-8.9180975,1
1us0,153,VAL,B,0.66,21.558083,3.2327404,2
1us0,154,LYS,S,0.66,12.053802,-8.171452,1
1us0,155,ALA,-,0.66,21.384827,2.6750998,2
1us0,156,ILE,E,0.66,19.244595,4.694941,2
1us0,157,GLY,E,0.66,22.457918,4.1970496,2
1us0,158,ILE,E,0.66,21.175959,4.6579313,2
1us0,159,SER,E,0.66,19.908628,4.094822,2
1us0,160,ASN,S,0.66,-0.7065383,15.383565,0
1us0,161,PHE,-,0.66,19.835573,2.5447943,2
1us0,166,VAL,H,0.66,10.844273,-9.33734,1
1us0,171,ASN,T,0.66,12.032407,-6.5260286,1
1us0,172,LYS,-,0.66,19.044785,1.6516501,2
1us0,173,PRO,T,0.66,17.750727,6.21578,2
1us0,174,GLY,T,0.66,-0.5492502,14.527377,0
1us0,175,LEU,-,0.66,19.644148,2.2003787,2
1us0,176,LYS,-,0.66,13.556549,-5.0115957,1
1us0,177,TYR,S,0.66,21.651087,2.4688735,2
1us0,178,LYS,-,0.66,17.026762,5.506897,2
1us0,179,PRO,-,0.66,17.99067,5.512045,2
1us0,180,ALA,S,0.66,12.089384,-8.859182,1
1us0,181,VAL,E,0.66,21.51209,5.2188907,2
1us0,182,ASN,E,0.66,17.67628,3.8781235,2
1us0,183,GLN,E,0.66,18.31197,3.4846501,2
1us0,184,ILE,E,0.66,20.916506,4.7365227,2
1us0,185,GLU,E,0.66,17.89206,4.611507,2
1us0,186,CYS,-,0.66,19.863436,3.8413186,2
1us0,187,HIS,B,0.66,20.693502,3.548983,2
1us0,206,VAL,E,0.66,19.498657,5.6560907,2
1us0,207,THR,E,0.66,18.304703,3.8736737,2
1us0,208,ALA,E,0.66,19.396988,4.8162575,2
1us0,209,TYR,E,0.66,18.619337,5.2344346,2
1us0,210,SER,S,0.66,-1.1932005,15.117341,0
1us0,211,PRO,T,0.66,11.598317,-8.69178,1
1us0,212,LEU,T,0.66,13.367788,-6.6631126,1
1us0,213,GLY,-,0.66,-1.5989605,14.751441,0
1us0,214,SER,-,0.66,-1.6688362,15.113219,0
1us0,215,PRO,T,0.66,11.711681,-6.9504156,1
1us0,219,TRP,T,0.66,13.413123,-6.615557,1
1us0,220,ALA,-,0.66,20.188137,1.4622016,2
1us0,221,LYS,-,0.66,16.304195,4.580688,2
1us0,222,PRO,T,0.66,11.7891445,-4.798564,1
1us0,223,GLU,T,0.66,12.263333,-4.2136183,1
1us0,224,ASP,S,0.66,19.149586,1.9321433,2
1us0,225,PRO,-,0.66,17.21668,5.3943353,2
1us0,226,SER,-,0.66,19.433983,3.8729472,2
1us0,227,LEU,T,0.66,11.112877,-8.460966,1
1us0,228,LEU,T,0.66,11.436431,-8.3454075,1
1us0,229,GLU,T,0.66,12.140736,-5.9953084,1
1us0,233,ILE,H,0.66,10.974764,-9.360297,1
1us0,234,LYS,H,0.66,10.979542,-8.97017,1
1us0,235,ALA,H,0.66,11.647173,-9.379625,1
1us0,236,ILE,H,0.66,10.916658,-9.359455,1
1us0,237,ALA,H,0.66,11.811324,-9.403279,1
1us0,238,ALA,H,0.66,11.176611,-4.7522607,1
1us0,239,LYS,H,0.66,10.819273,-9.042395,1
1us0,240,HIS,H,0.66,12.852759,-5.83199,1
1us0,241,ASN,T,0.66,-1.0205963,15.495262,0
1us0,242,LYS,-,0.66,19.6456,4.4656386,2
1us0,243,THR,-,0.66,18.744114,5.1988406,2
1us0,244,THR,H,0.66,11.134439,-8.454851,1
1us0,245,ALA,H,0.66,11.666501,-9.39536,1
1us0,246,GLN,H,0.66,11.27583,-9.008432,1
1us0,247,VAL,H,0.66,10.874299,-9.31809,1
1us0,248,LEU,H,0.66,11.284741,-8.920593,1
1us0,249,ILE,H,0.66,11.050309,-9.248575,1
1us0,250,ARG,H,0.66,11.828451,-9.252538,1
1us0,251,PHE,H,0.66,10.964317,-8.755166,1
1us0,252,PRO,H,0.66,10.962098,-8.974744,1
1us0,253,MET,H,0.66,10.964334,-9.128588,1
1us0,254,GLN,H,0.66,11.426685,-8.495079,1
1us0,255,ARG,T,0.66,13.62119,-7.0338163,1
1us0,256,ASN,T,0.66,-1.0321985,15.505859,0
1us0,257,LEU,-,0.66,20.321985,4.9068747,2
1us0,258,VAL,E,0.66,17.74558,4.2261934,2
1us0,259,VAL,E,0.66,19.7836,4.117647,2
1us0,260,ILE,-,0.66,13.969181,-4.676657,1
1us0,261,PRO,-,0.66,18.743433,5.490072,2
1us0,262,LYS,B,0.66,19.817009,5.300639,2
1us0,263,SER,-,0.66,21.099993,4.3429646,2
1us0,264,VAL,-,0.66,13.877035,-5.1761475,1
1us0,265,THR,-,0.66,18.843313,1.4630226,2
1us0,266,PRO,H,0.66,11.257351,-8.087458,1
1us0,267,GLU,H,0.66,11.022868,-9.187391,1
1us0,268,ARG,H,0.66,11.780822,-9.235694,1
1us0,274,LYS,-,0.66,17.441422,1.7824461,2
1us0,280,LEU,-,0.66,18.046854,4.583976,2
1us0,281,SER,-,0.66,18.584137,5.236243,2
1us0,282,SER,H,0.66,11.071531,-8.481803,1
1us0,283,GLN,H,0.66,11.054164,-9.088182,1
1us0,284,ASP,H,0.66,11.868034,-9.312631,1
1us0,285,MET,H,0.66,11.087201,-9.273195,1
1us0,286,THR,H,0.66,10.909171,-9.100613,1
1us0,287,THR,H,0.66,10.907594,-9.089192,1
1us0,288,LEU,H,0.66,10.932717,-9.098714,1
1us0,289,LEU,H,0.66,10.998395,-9.094659,1
1us0,290,SER,T,0.66,11.749388,-8.608243,1
1us0,291,TYR,T,0.66,12.830175,-6.7257714,1
1us0,292,ASN,-,0.66,19.89034,2.295648,2
1us0,293,ARG,-,0.66,13.852324,-5.5136724,1
1us0,300,LEU,-,0.66,19.792782,3.736412,2
1us0,301,LEU,G,0.66,11.294034,-8.737874,1
1us0,302,SER,G,0.66,11.241516,-8.821263,1
1us0,308,ASP,T,0.66,13.796044,-7.070233,1
1us0,309,TYR,-,0.66,19.097822,1.0420961,2
1w0n,15,VAL,E,0.8,18.812927,3.197927,2
1w0n,16,GLU,E,0.8,17.219452,4.6830196,2
1w0n,17,ALA,G,0.8,10.254877,-7.931451,1
1w0n,18,GLU,G,0.8,11.9394,-6.0408835,1
1w0n,19,ASN,G,0.8,12.433622,-5.679747,1
1w0n,20,MET,S,0.8,21.018343,2.7174594,2
1w0n,21,LYS,E,0.8,17.214853,4.2486663,2
1w0n,22,ILE,E,0.8,18.666288,2.4883826,2
1w0n,23,GLY,E,0.8,21.60463,3.989561,2
1w0n,24,GLY,S,0.8,23.03936,3.8558068,2
1w0n,25,THR,S,0.8,11.219226,-7.6505046,1
1w0n,26,TYR,S,0.8,12.736557,-6.1283765,1
1w0n,27,ALA,-,0.8,20.065645,1.6288356,2
1w0n,28,GLY,E,0.8,21.558342,4.0895433,2
1w0n,29,LYS,E,0.8,18.477106,4.9676285,2
1w0n,30,ILE,E,0.8,20.56179,4.5054793,2
1w0n,31,SER,-,0.8,13.814218,-5.19775,1
1w0n,32,ALA,S,0.8,0.83167297,20.306404,0
1w0n,33,PRO,S,0.8,-9.753695,-2.9763243,-1
1w0n,34,PHE,S,0.8,22.077091,2.683844,2
1w0n,35,ASP,S,0.8,17.349277,4.075208,2
1w0n,36,GLY,E,0.8,22.384554,4.113122,2
1w0n,37,VAL,E,0.8,19.377554,3.501062,2
1w0n,38,ALA,E,0.8,19.599752,4.594005,2
1w0n,39,LEU,E,0.8,18.04634,2.6935577,2
1w0n,40,TYR,-,0.8,13.435122,-5.7172832,1
1w0n,44,ASP,-,0.8,20.051388,1.4387479,2
1w0n,45,TYR,E,0.8,21.55994,4.2046347,2
1w0n,46,VAL,E,0.8,18.08755,3.9519346,2
1w0n,47,SER,E,0.8,21.571894,4.247111,2
1w0n,48,TYR,E,0.8,20.78347,3.7696297,2
1w0n,49,SER,E,0.8,19.174053,3.5782678,2
1w0n,50,GLN,E,0.8,19.852005,4.476325,2
1w0n,51,TYR,E,0.8,17.369587,4.655166,2
1w0n,52,PHE,E,0.8,20.07593,5.134383,2
1w0n,53,ALA,S,0.8,12.670169,-7.872258,1
1w0n,54,ASN,S,0.8,21.162897,2.4384625,2
1w0n,55,SER,S,0.8,12.065634,-7.4843473,1
1w0n,56,THR,E,0.8,21.303236,3.1310008,2
1w0n,57,HIS,E,0.8,20.904873,4.590293,2
1w0n,58,ASN,E,0.8,17.433348,3.784294,2
1w0n,59,ILE,E,0.8,19.436193,3.3446496,2
1w0n,60,SER,E,0.8,20.57296,4.4458103,2
1w0n,61,VAL,E,0.8,19.058308,3.4860897,2
1w0n,62,ARG,E,0.8,17.382126,3.6590128,2
1w0n,63,GLY,E,0.8,21.744423,4.257251,2
1w0n,64,ALA,E,0.8,20.357077,4.4478884,2
1w0n,65,SER,E,0.8,19.546,5.395376,2
1w0n,66,SER,S,0.8,11.989542,-7.8013406,1
1w0n,67,ASN,S,0.8,21.500517,3.21996,2
1w0n,68,ALA,S,0.8,12.402469,-8.364943,1
1w0n,69,GLY,S,0.8,21.134409,3.0921433,2
1w0n,70,THR,E,0.8,20.528694,5.531802,2
1w0n,71,ALA,E,0.8,17.699953,3.669494,2
1w0n,72,LYS,E,0.8,19.390318,3.5304086,2
1w0n,73,VAL,E,0.8,19.222948,3.2137113,2
1w0n,74,ASP,E,0.8,19.277073,4.789051,2
1w0n,75,LEU,E,0.8,17.716219,3.466845,2
1w0n,76,VAL,E,0.8,18.95474,2.925682,2
1w0n,77,ILE,E,0.8,18.75985,2.6063094,2
1w0n,78,GLY,T,0.8,-0.37519136,14.990107,0
1w0n,79,GLY,T,0.8,-1.1258047,14.221837,0
1w0n,80,VAL,E,0.8,19.49503,1.7114974,2
1w0n,81,THR,E,0.8,16.802355,4.073921,2
1w0n,82,VAL,E,0.8,13.265089,-5.4956436,1
1w0n,83,GLY,E,0.8,22.47029,3.8670535,2
1w0n,84,SER,E,0.8,20.270414,3.806734,2
1w0n,85,PHE,E,0.8,17.412086,4.9657526,2
1w0n,86,ASN,E,0.8,19.432072,4.719916,2
1w0n,87,PHE,E,0.8,17.888863,3.2876732,2
1w0n,88,THR,E,0.8,17.403503,4.83549,2
1w0n,89,GLY,S,0.8,23.184607,3.8887126,2
1w0n,90,LYS,S,0.8,11.464115,-7.7686534,1
1w0n,91,THR,S,0.8,17.642412,6.6118093,2
1w0n,92,PRO,-,0.8,19.731903,5.854276,2
1w0n,93,THR,E,0.8,20.977211,4.3483596,2
1w0n,94,VAL,E,0.8,17.991001,3.6317105,2
1w0n,95,GLN,E,0.8,19.394482,3.7854273,2
1w0n,96,THR,E,0.8,21.459053,4.787334,2
1w0n,97,LEU,E,0.8,17.568449,3.2045336,2
1w0n,98,SER,E,0.8,20.258133,5.1824317,2
1w0n,99,ASN,E,0.8,-0.7047393,15.352487,0
1w0n,100,ILE,E,0.8,19.888409,2.060128,2
1w0n,101,THR,E,0.8,18.885418,5.1817813,2
1w0n,102,HIS,-,0.8,20.628706,3.724578,2
1w0n,103,ALA,-,0.8,18.403435,5.068561,2
1w0n,104,THR,-,0.8,19.355688,4.9646044,2
1w0n,105,GLY,E,0.8,23.385977,3.8705177,2
1w0n,106,ASP,E,0.8,18.37794,4.59468,2
1w0n,107,GLN,E,0.8,20.506525,4.676141,2
1w0n,108,GLU,E,0.8,18.602726,5.34319,2
1w0n,109,ILE,E,0.8,18.206259,3.278496,2
1w0n,110,LYS,E,0.8,20.538513,4.956633,2
1w0n,111,LEU,E,0.8,18.279654,3.643322,2
1w0n,112,ALA,E,0.8,20.437029,3.6606004,2
1w0n,113,LEU,E,0.8,17.373278,5.210804,2
1w0n,114,THR,S,0.8,11.762708,-7.8334746,1
1w0n,115,SER,-,0.8,20.190535,3.5804172,2
1w0n,116,ASP,S,0.8,12.228467,-4.641668,1
1w0n,117,ASP,S,0.8,12.427869,-5.1273165,1
1w0n,118,GLY,S,0.8,11.6184225,-5.843378,1
1w0n,119,THR,S,0.8,21.011713,5.1870613,2
1w0n,120,TRP,-,0.8,17.00296,5.2293873,2
1w0n,121,ASP,-,0.8,18.536663,4.558153,2
1w0n,122,ALA,E,0.8,19.993982,4.9985766,2
1w0n,126,PHE,E,0.8,21.798195,3.9868696,2
1w0n,127,ILE,E,0.8,18.946482,3.7981954,2
1w0n,128,GLU,E,0.8,20.255901,4.3670607,2
1w0n,129,PHE,E,0.8,18.827,3.660108,2
1w0n,130,SER,E,0.8,20.321512,3.8767624,2
1x6z,27,GLU,-,0.78,16.941189,5.301689,2
1x6z,28,PHE,-,0.78,13.793701,-5.010467,1
1x6z,29,ALA,H,0.78,10.998667,-5.3835316,1
1x6z,30,ARG,H,0.78,10.463917,-4.6429024,1
1x6z,31,SER,H,0.78,11.012599,-6.189818,1
1x6z,32,GLU,H,0.78,9.380922,-6.383207,1
1x6z,33,GLY,H,0.78,9.065083,-6.1969404,1
1x6z,34,ALA,H,0.78,10.52458,-4.6871014,1
1x6z,35,SER,H,0.78,8.653591,-6.7517853,1
1x6z,36,ALA,H,0.78,10.94641,-4.1648874,1
1x6z,37,LEU,H,0.78,9.405751,-6.678352,1
1x6z,38,ALA,H,0.78,11.316074,-5.614718,1
1x6z,39,SER,H,0.78,11.936818,-6.0891595,1
1x6z,40,VAL,H,0.78,12.901205,-5.792991,1
1x6z,41,ASN,T,0.78,10.667889,-5.497803,1
1x6z,42,PRO,T,0.78,11.444571,-6.6726356,1
1x6z,43,LEU,H,0.78,10.818829,-6.594332,1
1x6z,44,LYS,H,0.78,9.141465,-6.2066946,1
1x6z,45,THR,H,0.78,8.850264,-6.1857305,1
1x6z,46,THR,H,0.78,8.808525,-6.436213,1
1x6z,47,VAL,H,0.78,8.583866,-6.9492426,1
1x6z,48,GLU,H,0.78,9.816997,-6.963642,1
1x6z,49,GLU,H,0.78,9.772018,-7.0058794,1
1x6z,50,ALA,H,0.78,10.631733,-4.109929,1
1x6z,51,LEU,H,0.78,11.291112,-5.614608,1
1x6z,52,SER,H,0.78,10.860038,-6.832317,1
1x6z,53,ARG,T,0.78,13.8466835,-6.8911486,1
1x6z,54,GLY,T,0.78,-1.0019226,15.093672,0
1x6z,55,TRP,-,0.78,20.391562,2.2326899,2
1x6z,56,SER,E,0.78,20.092062,5.082406,2
1x6z,57,VAL,E,0.78,18.35847,3.4795306,2
1x6z,58,LYS,E,0.78,19.646265,3.8656485,2
1x6z,59,SER,S,0.78,17.961124,6.3292913,2
1x6z,60,GLY,S,0.78,23.314804,3.9247859,2
1x6z,61,THR,S,0.78,19.158644,5.297093,2
1x6z,62,GLY,S,0.78,22.88283,3.8815465,2
1x6z,63,THR,-,0.78,18.304598,4.9099035,2
1x6z,64,GLU,-,0.78,16.675665,4.591416,2
1x6z,65,ASP,B,0.78,17.471857,3.3670485,2
1x6z,66,ALA,T,0.78,12.265717,-5.426277,1
1x6z,67,THR,T,0.78,12.146554,-4.6591506,1
1x6z,68,LYS,T,0.78,12.052765,-6.161919,1
1x6z,69,LYS,T,0.78,-0.99567467,15.464363,0
1x6z,70,GLU,E,0.78,19.098175,2.9931812,2
1x6z,71,VAL,E,0.78,18.579681,2.307799,2
1x6z,72,PRO,E,0.78,17.322096,5.222207,2
1x6z,73,LEU,-,0.78,10.677214,-8.129799,1
1x6z,74,GLY,-,0.78,-1.6635579,14.799254,0
1x6z,75,VAL,S,0.78,22.023941,2.6395557,2
1x6z,76,ALA,-,0.78,17.578636,4.539815,2
1x6z,77,ALA,T,0.78,12.400191,-8.273509,1
1x6z,78,ASP,T,0.78,13.832277,-6.809951,1
1x6z,79,ALA,S,0.78,10.873458,-4.188127,1
1x6z,80,ASN,S,0.78,18.46114,1.5426657,2
1x6z,81,LYS,T,0.78,12.927165,-7.5288544,1
1x6z,82,LEU,T,0.78,12.664465,-6.6279564,1
1x6z,83,GLY,-,0.78,22.501709,4.121655,2
1x6z,84,THR,E,0.78,21.5998,4.614796,2
1x6z,85,ILE,E,0.78,18.59845,3.0131369,2
1x6z,86,ALA,E,0.78,20.336672,4.381981,2
1x6z,87,LEU,E,0.78,18.910452,3.1794112,2
1x6z,88,LYS,E,0.78,0.8315695,20.306534,0
1x6z,89,PRO,S,0.78,-9.751573,-2.9743762,-1
1x6z,90,ASP,S,0.78,0.8315062,20.306105,0
1x6z,91,PRO,S,0.78,-9.751596,-2.974397,-1
1x6z,92,ALA,B,0.78,19.124037,4.105794,2
1x6z,93,ASP,-,0.78,13.326198,-5.363247,1
1x6z,94,GLY,S,0.78,-1.090528,14.060359,0
1x6z,95,THR,S,0.78,12.544374,-6.8743052,1
1x6z,96,ALA,S,0.78,21.616833,2.7813215,2
1x6z,97,ASP,-,0.78,18.654995,4.850348,2
1x6z,98,ILE,E,0.78,20.270885,4.948915,2
1x6z,99,THR,E,0.78,20.193731,5.1245694,2
1x6z,100,LEU,E,0.78,17.722143,3.2799003,2
1x6z,101,THR,E,0.78,20.505392,4.9242396,2
1x6z,102,PHE,E,0.78,17.740742,3.4346585,2
1x6z,103,THR,E,0.78,18.063568,2.56516,2
1x6z,104,MET,-,0.78,17.317944,1.6504635,2
1x6z,105,GLY,T,0.78,11.683569,-6.5881534,1
1x6z,106,GLY,T,0.78,12.804369,-6.4258175,1
1x6z,107,ALA,S,0.78,21.276049,2.9230134,2
1x6z,108,GLY,-,0.78,17.543108,4.5043197,2
1x6z,109,PRO,T,0.78,11.551003,-5.3418846,1
1x6z,110,LYS,T,0.78,10.835697,-6.929979,1
1x6z,111,ASN,T,0.78,13.760223,-6.504883,1
1x6z,112,LYS,T,0.78,17.385166,6.1592617,2
1x6z,113,GLY,T,0.78,-0.35961506,14.876335,0
1x6z,114,LYS,-,0.78,19.247536,5.09883,2
1x6z,115,ILE,E,0.78,20.642206,5.020584,2
1x6z,116,ILE,E,0.78,17.939625,3.4732325,2
1x6z,117,THR,E,0.78,19.37619,3.5095422,2
1x6z,118,LEU,E,0.78,17.233578,3.8233075,2
1x6z,119,THR,E,0.78,19.082014,3.3613806,2
1x6z,120,ARG,E,0.78,17.456758,3.5343416,2
1x6z,121,THR,E,0.78,17.089863,4.7965126,2
1x6z,122,ALA,T,0.78,12.192081,-8.080148,1
1x6z,123,ALA,T,0.78,11.41096,-5.959603,1
1x6z,124,ASP,T,0.78,13.779219,-6.6156116,1
1x6z,125,GLY,T,0.78,-0.65371364,14.288003,0
1x6z,126,LEU,E,0.78,21.83377,3.1429741,2
1x6z,127,TRP,E,0.78,20.377583,5.1226854,2
1x6z,128,LYS,E,0.78,21.166283,3.957435,2
1x6z,129,CYS,E,0.78,19.029238,4.1460457,2
1x6z,130,THR,E,0.78,19.996899,3.9956517,2
1x6z,131,SER,E,0.78,20.611874,4.6925526,2
1x6z,132,ASP,-,0.78,13.994542,-5.486636,1
1x6z,133,GLN,S,0.78,17.974674,6.200431,2
1x6z,134,ASP,-,0.78,17.409208,4.2563763,2
1x6z,135,GLU,G,0.78,11.156654,-7.2426424,1
1x6z,136,GLN,G,0.78,12.306305,-5.056786,1
1x6z,137,PHE,G,0.78,12.408004,-5.860581,1
1x6z,138,ILE,P,0.78,17.63003,6.728701,2
1x6z,139,PRO,P,0.78,18.000984,6.462307,2
1x6z,140,LYS,T,0.78,17.59824,6.224256,2
1x6z,141,GLY,T,0.78,-0.5620758,14.605012,0
1x6z,142,CYS,E,0.78,20.948187,2.4780605,2
1x6z,143,SER,E,0.78,20.47971,5.0558305,2
1yk4,5,SER,E,0.69,19.46291,5.714282,2
1yk4,6,CYS,E,0.69,17.528437,4.3331532,2
1yk4,11,TYR,-,0.69,20.00717,2.3215184,2
1yk4,12,ILE,E,0.69,18.893593,3.645172,2
1yk4,13,TYR,E,0.69,18.25599,4.0699024,2
1yk4,14,ASP,E,0.69,18.201424,3.3704624,2
1yk4,15,GLU,T,0.69,11.76929,-8.276853,1
1yk4,16,ASP,T,0.69,12.333978,-7.433741,1
1yk4,17,GLU,T,0.69,11.741526,-8.843434,1
1yk4,18,GLY,-,0.69,23.357653,3.8351698,2
1yk4,19,ASP,B,0.69,17.701715,2.4797618,2
1yk4,20,PRO,G,0.69,11.072408,-6.2549996,1
1yk4,21,ASP,G,0.69,11.741718,-9.424436,1
1yk4,22,ASN,G,0.69,13.793934,-6.860603,1
1yk4,23,GLY,T,0.69,-1.1681437,13.983063,0
1yk4,24,ILE,B,0.69,18.990353,2.3037589,2
1yk4,25,SER,-,0.69,18.433323,5.4833646,2
1yk4,26,PRO,T,0.69,18.124735,5.962239,2
1yk4,27,GLY,T,0.69,-0.39094526,14.479213,0
1yk4,28,THR,-,0.69,19.642614,2.0090206,2
1yk4,29,LYS,-,0.69,18.316906,5.522854,2
1yk4,30,PHE,G,0.69,11.279326,-8.453094,1
1yk4,31,GLU,G,0.69,11.396975,-8.679989,1
1yk4,32,ASP,G,0.69,13.72842,-6.912433,1
1yk4,42,CYS,T,0.69,13.7556305,-6.479309,1
1yk4,43,GLY,-,0.69,-1.5658273,14.726564,0
1yk4,44,ALA,-,0.69,19.938063,2.1721625,2
1yk4,45,PRO,B,0.69,18.370447,5.506156,2
1yk4,46,LYS,G,0.69,11.488877,-8.447443,1
1yk4,47,SER,G,0.69,11.411763,-8.642695,1
1yk4,48,GLU,G,0.69,12.6854105,-6.1284566,1
1yk4,49,PHE,E,0.69,20.46182,2.588109,2
2b97,2,VAL,-,0.75,13.773042,-5.394812,1
2b97,3,CYS,S,0.75,19.701603,4.5189376,2
2b97,4,PRO,-,0.75,18.908176,5.39171,2
2b97,5,THR,S,0.75,17.354591,5.995822,2
2b97,6,GLY,S,0.75,23.427137,3.8800693,2
2b97,7,LEU,T,0.75,11.2534895,-7.730381,1
2b97,8,PHE,T,0.75,17.8773,1.1147618,2
2b97,9,SER,-,0.75,13.088922,-5.57025,1
2b97,10,ASN,E,0.75,19.307934,2.3222413,2
2b97,11,PRO,E,0.75,18.366486,5.4627833,2
2b97,12,LEU,E,0.75,20.435698,4.002648,2
2b97,13,CYS,E,0.75,17.503508,3.2561898,2
2b97,14,CYS,E,0.75,19.476048,2.752934,2
2b97,15,ALA,E,0.75,11.212212,-5.1231065,1
2b97,16,THR,E,0.75,21.777388,3.9792104,2
2b97,17,ASN,E,0.75,17.529938,3.56583,2
2b97,18,VAL,E,0.75,18.610695,2.4695468,2
2b97,19,LEU,T,0.75,9.381243,-5.6485505,1
2b97,20,ASP,T,0.75,-0.78865534,15.131883,0
2b97,21,LEU,T,0.75,12.826134,-6.0096273,1
2b97,22,ILE,E,0.75,21.271393,3.314236,2
2b97,23,GLY,E,0.75,17.958563,4.3431425,2
2b97,24,VAL,E,0.75,18.835154,3.1094213,2
2b97,25,ASP,E,0.75,-0.97880876,15.361986,0
2b97,26,CYS,E,0.75,20.124554,3.2374024,2
2b97,27,LYS,E,0.75,20.189299,4.838545,2
2b97,28,THR,-,0.75,16.90644,5.4724164,2
2b97,29,PRO,-,0.75,17.645731,5.4599037,2
2b97,30,THR,S,0.75,12.007591,-7.0138807,1
2b97,31,ILE,S,0.75,22.070402,2.6906068,2
2b97,32,ALA,-,0.75,17.384523,4.0399776,2
2b97,33,VAL,-,0.75,19.305717,3.3960311,2
2b97,34,ASP,-,0.75,13.317214,-5.435534,1
2b97,35,THR,S,0.75,22.030464,2.9757814,2
2b97,36,GLY,H,0.75,10.5084,-8.051479,1
2b97,37,ALA,H,0.75,10.832828,-5.3357596,1
2b97,38,ILE,H,0.75,9.849002,-6.9858036,1
2b97,39,PHE,H,0.75,9.101957,-7.325562,1
2b97,40,GLN,H,0.75,10.976399,-6.273306,1
2b97,41,ALA,H,0.75,11.085375,-4.8621206,1
2b97,42,HIS,H,0.75,8.928544,-5.9441447,1
2b97,43,CYS,H,0.75,10.951758,-4.853798,1
2b97,44,ALA,H,0.75,10.824236,-5.201054,1
2b97,45,SER,H,0.75,12.139888,-6.515437,1
2b97,46,LYS,T,0.75,13.394327,-6.5781302,1
2b97,47,GLY,T,0.75,-1.3157415,14.381246,0
2b97,48,SER,-,0.75,21.336176,4.254671,2
2b97,49,LYS,E,0.75,19.095608,2.554369,2
2b97,50,PRO,E,0.75,17.430346,2.9382334,2
2b97,51,LEU,E,0.75,20.725348,4.4721384,2
2b97,52,CYS,E,0.75,17.680716,2.7070525,2
2b97,53,CYS,E,0.75,21.644798,4.4909225,2
2b97,54,VAL,S,0.75,11.922644,-7.533995,1
2b97,55,ALA,-,0.75,20.067299,4.23268,2
2b97,56,PRO,S,0.75,12.014651,-7.434688,1
2b97,57,VAL,S,0.75,21.201298,2.7934809,2
2b97,58,ALA,-,0.75,17.189884,4.422762,2
2b97,59,ASP,E,0.75,20.724718,4.3993306,2
2b97,60,GLN,E,0.75,10.543889,-7.9856067,1
2b97,64,CYS,E,0.75,20.745972,4.2867193,2
2b97,65,GLN,E,0.75,17.296692,4.9044094,2
2b97,66,LYS,E,0.75,17.111238,5.4166203,2
2b97,67,ALA,P,0.75,18.264101,5.2067175,2
2b97,68,ILE,T,0.75,17.2298,5.868144,2
2b97,69,GLY,T,0.75,11.986112,-4.996164,1
2ixt,6,ILE,S,0.8,18.006653,1.2032498,2
2ixt,7,PRO,-,0.8,17.740252,5.369081,2
2ixt,8,TRP,H,0.8,11.100866,-7.60251,1
2ixt,9,GLY,H,0.8,9.149756,-5.926758,1
2ixt,10,ILE,H,0.8,9.025668,-6.509057,1
2ixt,11,LYS,H,0.8,9.3616705,-7.5616364,1
2ixt,12,ALA,H,0.8,10.672397,-4.9442263,1
2ixt,13,ILE,H,0.8,9.959775,-6.411471,1
2ixt,14,TYR,H,0.8,12.57975,-5.8970933,1
2ixt,15,ASN,T,0.8,-1.0283903,15.484191,0
2ixt,16,ASN,-,0.8,20.484604,2.4961371,2
2ixt,17,ASP,T,0.8,12.307183,-7.014703,1
2ixt,18,THR,T,0.8,13.108665,-6.422543,1
2ixt,19,LEU,-,0.8,19.457258,1.7333863,2
2ixt,20,THR,-,0.8,13.412786,-5.1841135,1
2ixt,21,SER,-,0.8,21.480452,3.3760698,2
2ixt,22,THR,-,0.8,19.825739,4.181202,2
2ixt,23,THR,-,0.8,21.015501,4.566445,2
2ixt,24,GLY,-,0.8,22.29962,4.0910463,2
2ixt,25,GLY,-,0.8,-1.1310638,14.761586,0
2ixt,26,SER,T,0.8,18.053267,6.659261,2
2ixt,27,GLY,T,0.8,-0.4862599,14.652281,0
2ixt,28,ILE,E,0.8,20.375101,2.1487944,2
2ixt,29,ASN,E,0.8,19.23628,4.4657354,2
2ixt,30,ILE,E,0.8,17.891977,3.2554054,2
2ixt,31,ALA,E,0.8,17.797298,2.939651,2
2ixt,32,VAL,E,0.8,17.356209,3.0502548,2
2ixt,33,LEU,E,0.8,18.065645,2.5665963,2
2ixt,34,ASP,E,0.8,21.228693,4.528939,2
2ixt,35,THR,S,0.8,12.221445,-7.6238914,1
2ixt,44,LEU,T,0.8,12.916258,-5.8999667,1
2ixt,45,VAL,T,0.8,10.606489,-6.293399,1
2ixt,46,ASN,T,0.8,12.335149,-6.9585934,1
2ixt,51,CYS,E,0.8,18.035543,2.6894724,2
2ixt,52,LYS,E,0.8,21.792881,4.5249066,2
2ixt,53,ASP,E,0.8,19.130363,3.9070556,2
2ixt,54,PHE,S,0.8,12.98694,-7.0825243,1
2ixt,55,THR,S,0.8,12.696141,-6.493841,1
2ixt,56,GLY,S,0.8,21.199093,3.13352,2
2ixt,57,ALA,S,0.8,12.475787,-7.88869,1
2ixt,58,THR,S,0.8,21.831202,2.5447776,2
2ixt,62,ASN,E,0.8,18.492079,5.485001,2
2ixt,63,ASN,T,0.8,-0.6816499,15.396127,0
2ixt,68,ARG,S,0.8,13.666877,-6.7125053,1
2ixt,69,ASN,S,0.8,13.071881,-5.797149,1
2ixt,70,GLY,S,0.8,-0.6998494,14.412378,0
2ixt,71,HIS,H,0.8,9.92969,-6.275129,1
2ixt,72,GLY,H,0.8,9.864107,-6.7602015,1
2ixt,73,THR,H,0.8,8.425969,-7.077071,1
2ixt,74,HIS,H,0.8,9.082599,-7.477585,1
2ixt,75,VAL,H,0.8,8.339202,-6.5483336,1
2ixt,76,ALA,H,0.8,10.211858,-4.4462066,1
2ixt,77,GLY,H,0.8,10.625293,-5.8826776,1
2ixt,78,THR,H,0.8,9.138142,-5.8417473,1
2ixt,79,ALA,H,0.8,10.107436,-4.941921,1
2ixt,80,LEU,H,0.8,13.764516,-6.217274,1
2ixt,81,ALA,-,0.8,19.588303,1.2758824,2
2ixt,82,ASP,B,0.8,13.803856,-5.526185,1
2ixt,83,GLY,-,0.8,-1.6460856,14.812219,0
2ixt,84,GLY,-,0.8,23.184948,3.777122,2
2ixt,85,SER,T,0.8,12.467259,-7.8374963,1
2ixt,86,ASP,T,0.8,13.879731,-7.0029044,1
2ixt,87,GLN,S,0.8,-1.3924592,14.467953,0
2ixt,88,ALA,-,0.8,12.748046,-5.318582,1
2ixt,92,GLY,-,0.8,17.975735,4.509592,2
2ixt,93,VAL,S,0.8,11.220719,-7.529974,1
2ixt,94,ALA,-,0.8,18.088404,1.3389491,2
2ixt,95,PRO,T,0.8,11.965672,-7.146163,1
2ixt,96,ASP,T,0.8,12.035085,-6.495012,1
2ixt,100,TRP,E,0.8,17.832153,3.6674545,2
2ixt,101,ALA,E,0.8,17.794937,2.7369688,2
2ixt,102,TYR,E,0.8,18.467299,2.6309223,2
2ixt,103,LYS,E,0.8,17.702188,2.6145995,2
2ixt,104,VAL,-,0.8,13.686661,-5.081447,1
2ixt,105,LEU,B,0.8,20.389109,2.396207,2
2ixt,106,LEU,-,0.8,18.279125,5.4693303,2
2ixt,107,ASP,T,0.8,12.117536,-7.973582,1
2ixt,108,SER,T,0.8,12.406595,-6.368427,1
2ixt,109,GLY,S,0.8,-1.1877081,14.218969,0
2ixt,113,SER,H,0.8,11.229123,-7.7547736,1
2ixt,114,ASP,H,0.8,10.985201,-4.7346864,1
2ixt,115,ASP,H,0.8,10.479931,-4.070169,1
2ixt,116,ILE,H,0.8,9.04547,-6.6116934,1
2ixt,117,ALA,H,0.8,10.238512,-4.588625,1
2ixt,118,ALA,H,0.8,10.238853,-4.394237,1
2ixt,119,ALA,H,0.8,10.168533,-4.857287,1
2ixt,120,ILE,H,0.8,8.958432,-5.861307,1
2ixt,124,ALA,H,0.8,10.216098,-4.4866486,1
2ixt,125,ASP,H,0.8,10.276657,-4.8245344,1
2ixt,126,GLN,H,0.8,9.514202,-5.762936,1
2ixt,127,ALA,H,0.8,10.122536,-4.4237547,1
2ixt,128,THR,H,0.8,8.877835,-6.471549,1
2ixt,129,ALA,H,0.8,10.549471,-4.575442,1
2ixt,130,THR,H,0.8,12.478876,-6.116205,1
2ixt,134,THR,E,0.8,21.69243,4.7779293,2
2ixt,135,ILE,E,0.8,18.64616,3.5604806,2
2ixt,136,ILE,E,0.8,17.478512,2.9682522,2
2ixt,137,SER,E,0.8,18.40814,2.7356262,2
2ixt,138,MET,E,0.8,18.871387,2.8465643,2
2ixt,139,SER,-,0.8,17.380768,1.7528543,2
2ixt,148,LEU,H,0.8,8.728385,-6.7790895,1
2ixt,153,VAL,H,0.8,8.743686,-6.3198695,1
2ixt,154,ASN,H,0.8,10.185055,-4.4600716,1
2ixt,155,TYR,H,0.8,8.432796,-6.4699717,1
2ixt,156,ALA,H,0.8,10.01378,-4.8506804,1
2ixt,161,VAL,-,0.8,20.035507,2.1074905,2
2ixt,162,LEU,E,0.8,17.080278,4.5390334,2
2ixt,163,ILE,E,0.8,18.720802,3.1099324,2
2ixt,164,VAL,E,0.8,18.490717,2.9102345,2
2ixt,165,ALA,E,0.8,20.346848,4.3246408,2
2ixt,166,ALA,E,0.8,18.34621,5.0563464,2
2ixt,167,ALA,-,0.8,10.3864355,-8.057113,1
2ixt,168,GLY,-,0.8,22.989902,3.8084254,2
2ixt,176,THR,-,0.8,12.329451,-5.681223,1
2ixt,177,ILE,-,0.8,19.800312,1.7706416,2
2ixt,178,GLY,-,0.8,19.547743,5.0877175,2
2ixt,179,TYR,B,0.8,0.82968557,20.30238,0
2ixt,180,PRO,T,0.8,-9.751601,-2.9744,-1
2ixt,181,GLY,T,0.8,12.11594,-6.895793,1
2ixt,182,ALA,T,0.8,13.879446,-6.9600897,1
2ixt,183,LEU,S,0.8,17.568027,6.6440263,2
2ixt,184,PRO,T,0.8,12.121585,-7.8319926,1
2ixt,185,ASN,T,0.8,12.55335,-6.650586,1
2ixt,186,ALA,S,0.8,21.677635,2.6774282,2
2ixt,187,ILE,E,0.8,17.306358,4.2755837,2
2ixt,188,ALA,E,0.8,17.804497,2.933861,2
2ixt,189,VAL,E,0.8,18.930325,2.765346,2
2ixt,190,ALA,E,0.8,19.844145,3.7417052,2
2ixt,191,ALA,E,0.8,19.514133,4.962404,2
2ixt,192,LEU,E,0.8,19.42053,5.2059927,2
2ixt,193,GLU,E,0.8,19.06369,4.0188093,2
2ixt,194,ASN,E,0.8,17.34547,2.057232,2
2ixt,195,VAL,E,0.8,21.472317,2.797119,2
2ixt,198,ASN,T,0.8,-0.61871433,15.378569,0
2ixt,199,GLY,T,0.8,-1.1009918,14.193212,0
2ixt,200,THR,E,0.8,20.924042,4.2912555,2
2ixt,201,TYR,E,0.8,17.736973,5.206743,2
2ixt,202,ARG,E,0.8,19.47475,5.063053,2
2ixt,203,VAL,E,0.8,18.116362,5.336576,2
2ixt,204,ALA,P,0.8,18.249617,4.967537,2
2ixt,205,ASP,T,0.8,12.407959,-8.305771,1
2ixt,206,TYR,T,0.8,11.523528,-7.5211024,1
2ixt,207,SER,S,0.8,17.95473,6.6854634,2
2ixt,208,SER,P,0.8,17.940075,6.357845,2
2ixt,209,ARG,P,0.8,20.010702,5.003107,2
2ixt,210,GLY,-,0.8,19.04706,5.2504735,2
2ixt,211,TYR,-,0.8,20.378124,3.995707,2
2ixt,217,ASP,S,0.8,13.606795,-6.5186915,1
2ixt,218,TYR,S,0.8,-1.1360481,15.129313,0
2ixt,219,VAL,S,0.8,21.82443,2.4973717,2
2ixt,220,ILE,-,0.8,19.725843,5.8411436,2
2ixt,221,GLN,-,0.8,18.925816,4.5535784,2
2ixt,222,GLU,T,0.8,17.959223,5.861878,2
2ixt,223,GLY,T,0.8,-0.49638507,14.610885,0
2ixt,224,ASP,-,0.8,20.112848,2.7534907,2
2ixt,225,ILE,-,0.8,17.37807,4.317774,2
2ixt,229,ALA,E,0.8,20.225279,4.2399836,2
2ixt,230,PRO,E,0.8,17.80102,5.432335,2
2ixt,231,GLY,-,0.8,13.781758,-5.613694,1
2ixt,232,SER,S,0.8,17.994522,6.7751884,2
2ixt,233,SER,S,0.8,-1.0079796,15.175446,0
2ixt,234,VAL,E,0.8,18.833979,2.6044483,2
2ixt,235,TYR,E,0.8,18.345476,3.1022646,2
2ixt,236,SER,E,0.8,21.005232,4.0420504,2
2ixt,237,THR,E,0.8,19.175598,3.9620419,2
2ixt,238,TRP,-,0.8,19.93426,4.1120768,2
2ixt,239,TYR,B,0.8,11.405617,-6.9411573,1
2ixt,244,ASN,E,0.8,21.241339,4.022894,2
2ixt,245,THR,E,0.8,19.025078,3.2851143,2
2ixt,246,ILE,E,0.8,19.996881,4.3146777,2
2ixt,247,SER,-,0.8,20.781181,4.994655,2
2ixt,248,GLY,S,0.8,21.700588,4.206472,2
2ixt,249,THR,H,0.8,10.835762,-8.0632515,1
2ixt,250,SER,H,0.8,8.484696,-7.1666126,1
2ixt,251,MET,H,0.8,9.072223,-7.115911,1
2ixt,252,ALA,H,0.8,10.103353,-4.3814006,1
2ixt,253,THR,H,0.8,10.121793,-6.487507,1
2ixt,254,PRO,H,0.8,10.973549,-6.1323514,1
2ixt,255,HIS,H,0.8,8.723806,-6.798633,1
2ixt,259,LEU,H,0.8,8.837904,-6.280017,1
2ixt,260,ALA,H,0.8,10.373349,-4.775645,1
2ixt,261,ALA,H,0.8,10.253349,-4.5547113,1
2ixt,262,LYS,H,0.8,8.964894,-6.464117,1
2ixt,263,ILE,H,0.8,8.997833,-5.6651173,1
2ixt,271,SER,-,0.8,16.975315,5.3942914,2
2ixt,281,GLU,H,0.8,9.833919,-5.8584447,1
2ixt,282,ARG,H,0.8,10.280549,-4.182209,1
2ixt,283,ALA,H,0.8,10.314144,-4.8972926,1
2ixt,284,LYS,H,0.8,9.2784,-6.4265966,1
2ixt,285,SER,T,0.8,12.374421,-6.9776497,1
2ixt,286,VAL,S,0.8,17.899454,1.3652465,2
2ixt,291,GLY,S,0.8,23.002184,3.873356,2
2ixt,292,TYR,T,0.8,17.880377,6.360106,2
2ixt,293,GLY,T,0.8,-0.5372711,14.616177,0
2ixt,294,ALA,-,0.8,19.787567,1.1923429,2
2ixt,295,ALA,-,0.8,20.81735,4.453327,2
2ixt,296,ILE,S,0.8,17.424776,5.6258044,2
2ixt,297,GLY,S,0.8,23.190042,3.8775163,2
2ixt,298,ASP,S,0.8,18.214485,4.364651,2
2ixt,299,ASP,B,0.8,20.421885,4.3102803,2
2ixt,300,TYR,T,0.8,12.016703,-7.4171567,1
2ixt,301,ALA,T,0.8,10.510442,-4.7310305,1
2ixt,302,SER,T,0.8,12.972727,-6.123049,1
2ixt,303,GLY,B,0.8,23.381042,3.868439,2
2ixt,304,PHE,T,0.8,11.988324,-7.3538303,1
2ixt,305,GLY,-,0.8,22.5334,4.099193,2
2ixt,306,PHE,B,0.8,18.783865,3.1770213,2
2ov0,2,LYS,-,0.75,10.945575,-7.9216075,1
2ov0,3,ALA,E,0.75,21.153364,2.484688,2
2ov0,4,THR,E,0.75,18.67128,3.5048475,2
2ov0,5,ILE,-,0.75,18.620934,2.3017774,2
2ov0,6,PRO,S,0.75,11.522748,-7.824931,1
2ov0,7,SER,-,0.75,19.28869,2.4539034,2
2ov0,8,GLU,S,0.75,12.172201,-7.92574,1
2ov0,9,SER,S,0.75,20.183615,1.9303576,2
2ov0,10,PRO,-,0.75,17.676014,5.552201,2
2ov0,11,PHE,E,0.75,20.238901,3.9019184,2
2ov0,12,ALA,E,0.75,18.278894,5.045394,2
2ov0,13,ALA,G,0.75,11.336778,-5.1496487,1
2ov0,14,ALA,G,0.75,10.05281,-4.967514,1
2ov0,15,GLU,G,0.75,12.437019,-5.750267,1
2ov0,16,VAL,P,0.75,17.890442,6.7745094,2
2ov0,17,ALA,P,0.75,19.812428,5.187754,2
2ov0,18,ASP,T,0.75,17.403399,5.034495,2
2ov0,19,GLY,T,0.75,-0.31457007,14.783256,0
2ov0,20,ALA,-,0.75,20.044107,1.6740859,2
2ov0,21,ILE,E,0.75,17.906973,2.6811497,2
2ov0,22,VAL,E,0.75,20.496922,5.441856,2
2ov0,23,VAL,E,0.75,18.148317,3.6177971,2
2ov0,24,ASP,E,0.75,19.93045,3.3048248,2
2ov0,25,ILE,E,0.75,18.36025,3.181103,2
2ov0,26,ALA,E,0.75,20.299154,4.2939525,2
2ov0,27,LYS,T,0.75,-0.5487752,15.1624775,0
2ov0,28,MET,T,0.75,-1.3239262,14.540448,0
2ov0,29,LYS,E,0.75,20.701168,4.192323,2
2ov0,30,TYR,E,0.75,16.683212,3.6594367,2
2ov0,31,GLU,S,0.75,11.970271,-7.7293835,1
2ov0,32,THR,S,0.75,18.036455,1.1922417,2
2ov0,33,PRO,S,0.75,11.671639,-6.831638,1
2ov0,34,GLU,E,0.75,18.097822,1.5741156,2
2ov0,35,LEU,E,0.75,19.220938,3.2978952,2
2ov0,36,HIS,E,0.75,18.673658,3.811519,2
2ov0,37,VAL,E,0.75,20.663902,3.8555684,2
2ov0,38,LYS,-,0.75,20.148037,4.8763766,2
2ov0,39,VAL,T,0.75,17.426395,6.0963945,2
2ov0,40,GLY,T,0.75,-0.77599734,14.616882,0
2ov0,41,ASP,P,0.75,20.174139,2.9950142,2
2ov0,42,THR,E,0.75,18.207367,3.7078424,2
2ov0,43,VAL,E,0.75,18.36603,3.4931376,2
2ov0,44,THR,E,0.75,18.945244,3.419358,2
2ov0,45,TRP,E,0.75,18.245659,3.7288947,2
2ov0,46,ILE,E,0.75,18.883102,3.4873698,2
2ov0,47,ASN,E,0.75,17.47041,3.8645575,2
2ov0,48,ARG,-,0.75,12.551054,-5.4402037,1
2ov0,49,GLU,S,0.75,21.779242,3.504557,2
2ov0,50,ALA,S,0.75,12.023326,-5.041024,1
2ov0,51,MET,S,0.75,18.6138,2.1897027,2
2ov0,52,PRO,-,0.75,18.00158,5.066676,2
2ov0,53,HIS,B,0.75,20.601816,4.864201,2
2ov0,54,ASN,-,0.75,20.969093,4.4688015,2
2ov0,55,VAL,-,0.75,18.068983,3.5831835,2
2ov0,56,HIS,E,0.75,19.244987,3.2762976,2
2ov0,57,PHE,E,0.75,18.593485,2.6560438,2
2ov0,58,VAL,-,0.75,18.141613,5.572783,2
2ov0,59,ALA,T,0.75,18.28954,6.402923,2
2ov0,60,GLY,T,0.75,-0.37310657,14.441874,0
2ov0,61,VAL,T,0.75,10.303507,-6.4489965,1
2ov0,62,LEU,S,0.75,11.974908,-5.478562,1
2ov0,63,GLY,S,0.75,22.585968,3.6536903,2
2ov0,64,GLU,S,0.75,11.442115,-7.916483,1
2ov0,65,ALA,S,0.75,20.546059,2.3933392,2
2ov0,66,ALA,-,0.75,17.77295,4.2662835,2
2ov0,67,LEU,E,0.75,17.867025,3.621719,2
2ov0,68,LYS,E,0.75,17.743464,3.0894637,2
2ov0,69,GLY,P,0.75,17.709164,6.4544954,2
2ov0,70,PRO,P,0.75,17.383383,6.0119963,2
2ov0,71,MET,P,0.75,17.382765,6.03688,2
2ov0,72,MET,B,0.75,18.589,3.8201487,2
2ov0,73,LYS,P,0.75,17.801476,6.013228,2
2ov0,74,LYS,T,0.75,17.873503,6.262411,2
2ov0,75,GLU,T,0.75,-0.6199872,14.77854,0
2ov0,76,GLN,E,0.75,20.284822,2.574595,2
2ov0,77,ALA,E,0.75,21.426582,4.5751724,2
2ov0,78,TYR,E,0.75,19.204802,2.9849308,2
2ov0,79,SER,E,0.75,21.021624,5.0471406,2
2ov0,80,LEU,E,0.75,18.5665,3.7705467,2
2ov0,81,THR,E,0.75,17.77256,2.9460502,2
2ov0,82,PHE,E,0.75,19.242243,3.4097884,2
2ov0,83,THR,-,0.75,13.467694,-5.435323,1
2ov0,84,GLU,S,0.75,21.89544,2.6918375,2
2ov0,85,ALA,-,0.75,18.800861,4.902897,2
2ov0,86,GLY,E,0.75,22.636625,3.8877385,2
2ov0,87,THR,E,0.75,18.959343,3.319841,2
2ov0,88,TYR,E,0.75,19.000734,2.9659576,2
2ov0,89,ASP,E,0.75,19.080166,4.30584,2
2ov0,90,TYR,E,0.75,21.116747,4.389223,2
2ov0,91,HIS,E,0.75,21.004253,4.1636715,2
2ov0,92,CYS,-,0.75,17.42165,3.567281,2
2ov0,93,THR,S,0.75,11.055752,-6.194966,1
2ov0,94,PRO,S,0.75,11.763609,-6.8656445,1
2ov0,95,HIS,-,0.75,17.885242,1.3991034,2
2ov0,96,PRO,T,0.75,12.421916,-7.021429,1
2ov0,97,PHE,T,0.75,12.246642,-6.7603316,1
2ov0,98,MET,-,0.75,19.289452,1.887228,2
2ov0,99,ARG,E,0.75,20.102026,4.92925,2
2ov0,100,GLY,E,0.75,21.253883,4.2176805,2
2ov0,101,LYS,E,0.75,21.156227,4.322742,2
2ov0,102,VAL,E,0.75,18.168922,3.6733224,2
2ov0,103,VAL,E,0.75,17.646406,2.9151735,2
2ov0,104,VAL,E,0.75,18.127865,2.8226805,2
2pve,2,LYS,-,0.79,20.370073,3.937422,2
2pve,3,LYS,-,0.79,17.560465,4.991558,2
2pve,4,TYR,E,0.79,19.022655,2.9438531,2
2pve,5,THR,E,0.79,20.292456,5.0008144,2
2pve,6,CYS,E,0.79,17.46244,4.519762,2
2pve,7,LYS,T,0.79,12.0437355,-7.5586634,1
2pve,8,ILE,T,0.79,13.223,-6.075012,1
2pve,9,CYS,T,0.79,13.759481,-6.4206004,1
2pve,10,GLY,-,0.79,-1.591949,14.794097,0
2pve,11,TYR,-,0.79,19.616432,1.9461342,2
2pve,12,ILE,E,0.79,19.548712,5.606003,2
2pve,13,TYR,E,0.79,17.78507,3.712275,2
2pve,14,ASN,-,0.79,18.161982,2.538655,2
2pve,15,PRO,T,0.79,11.712652,-6.627585,1
2pve,16,GLU,T,0.79,11.276333,-6.213268,1
2pve,17,ASP,T,0.79,13.197409,-6.0473895,1
2pve,18,GLY,-,0.79,23.335812,3.8271058,2
2pve,19,ASP,B,0.79,17.686111,2.308062,2
2pve,20,PRO,G,0.79,10.73051,-7.3186493,1
2pve,21,ASP,G,0.79,10.665735,-4.127514,1
2pve,22,ASN,G,0.79,13.862116,-5.9313836,1
2pve,23,GLY,T,0.79,-1.1038923,13.9100485,0
2pve,24,VAL,B,0.79,19.05555,1.9267087,2
2pve,25,ASN,-,0.79,18.288254,4.9343677,2
2pve,26,PRO,T,0.79,17.86775,6.2699404,2
2pve,27,GLY,T,0.79,-0.45889068,14.499768,0
2pve,28,THR,-,0.79,19.700691,1.8230636,2
2pve,29,ASP,-,0.79,17.25785,4.5237594,2
2pve,30,PHE,G,0.79,10.954583,-7.7348804,1
2pve,31,LYS,G,0.79,10.914373,-6.5633874,1
2pve,32,ASP,G,0.79,12.345774,-5.6455164,1
2pve,33,ILE,S,0.79,17.517258,6.649592,2
2pve,34,PRO,-,0.79,17.77566,5.437326,2
2pve,35,ASP,T,0.79,12.571238,-8.098217,1
2pve,36,ASP,T,0.79,11.891302,-6.1698127,1
2pve,37,TRP,-,0.79,19.681667,1.9385388,2
2pve,38,VAL,B,0.79,20.40035,4.517736,2
2pve,39,CYS,-,0.79,16.956448,4.679407,2
2pve,40,PRO,T,0.79,11.891232,-6.8732357,1
2pve,41,ILE,T,0.79,13.260271,-6.050675,1
2pve,42,CYS,T,0.79,13.735468,-6.5453906,1
2pve,43,GLY,-,0.79,-1.5846081,14.752258,0
2pve,44,ALA,-,0.79,20.042927,1.4658326,2
2pve,45,PRO,B,0.79,17.25118,5.4720206,2
2pve,46,LYS,G,0.79,10.53001,-7.470527,1
2pve,47,SER,G,0.79,9.346867,-5.7384505,1
2pve,48,GLU,G,0.79,12.502874,-5.6440854,1
2qxw,1,ALA,-,0.8,17.082575,4.2469907,2
2qxw,2,SER,S,0.8,11.529274,-7.0455894,1
2qxw,3,ARG,E,0.8,21.113209,2.5392044,2
2qxw,4,ILE,E,0.8,19.363918,3.7174814,2
2qxw,5,LEU,E,0.8,18.50353,4.672331,2
2qxw,6,LEU,-,0.8,19.273516,5.0990415,2
2qxw,7,ASN,T,0.8,12.557389,-8.009234,1
2qxw,8,ASN,T,0.8,13.802783,-7.048108,1
2qxw,9,GLY,S,0.8,-0.89664024,14.213487,0
2qxw,10,ALA,-,0.8,20.053785,3.4271219,2
2qxw,11,LYS,E,0.8,19.311361,3.7853093,2
2qxw,12,MET,E,0.8,18.813263,2.3149388,2
2qxw,13,PRO,E,0.8,17.965916,5.5163236,2
2qxw,17,LEU,E,0.8,19.538519,5.4743447,2
2qxw,18,GLY,E,0.8,18.89938,5.3177156,2
2qxw,19,THR,-,0.8,13.831253,-5.6285753,1
2qxw,20,TRP,T,0.8,17.805542,7.0896096,2
2qxw,21,LYS,T,0.8,-0.52286756,14.685531,0
2qxw,22,SER,-,0.8,19.07707,1.1175144,2
2qxw,26,GLN,H,0.8,12.973474,-5.66246,1
2qxw,27,VAL,H,0.8,11.0190525,-6.3898096,1
2qxw,28,THR,H,0.8,8.6562805,-6.02286,1
2qxw,29,GLU,H,0.8,9.799471,-6.2591734,1
2qxw,30,ALA,H,0.8,10.429999,-4.4588203,1
2qxw,31,VAL,H,0.8,8.4510355,-6.2770286,1
2qxw,32,LYS,H,0.8,9.228707,-5.8997293,1
2qxw,33,VAL,H,0.8,8.621451,-6.421534,1
2qxw,34,ALA,H,0.8,10.470861,-4.256052,1
2qxw,35,ILE,H,0.8,9.341893,-6.1794744,1
2qxw,36,ASP,H,0.8,10.8165655,-5.085499,1
2qxw,37,VAL,H,0.8,11.366706,-6.2828226,1
2qxw,38,GLY,T,0.8,-1.0685606,13.822463,0
2qxw,39,TYR,-,0.8,20.137295,2.3383217,2
2qxw,42,ILE,E,0.8,18.787054,3.6564069,2
2qxw,43,ASP,E,0.8,17.413767,2.7677355,2
2qxw,44,CYS,-,0.8,21.241175,5.2073503,2
2qxw,45,ALA,-,0.8,19.968538,4.370323,2
2qxw,46,HIS,G,0.8,10.5076475,-8.066375,1
2qxw,47,VAL,G,0.8,10.561021,-6.132554,1
2qxw,48,TYR,G,0.8,11.337215,-6.1492386,1
2qxw,49,GLN,S,0.8,-0.83115363,14.615644,0
2qxw,50,ASN,-,0.8,12.888938,-5.111228,1
2qxw,51,GLU,H,0.8,10.163166,-6.1287246,1
2qxw,52,ASN,H,0.8,10.360145,-4.350504,1
2qxw,53,GLU,H,0.8,9.320918,-6.9050207,1
2qxw,54,VAL,H,0.8,8.194121,-7.5329695,1
2qxw,55,GLY,H,0.8,10.070973,-6.2240605,1
2qxw,56,VAL,H,0.8,8.289281,-6.628956,1
2qxw,57,ALA,H,0.8,10.143727,-4.511857,1
2qxw,58,ILE,H,0.8,9.220046,-7.5944514,1
2qxw,59,GLN,H,0.8,9.859487,-6.5466084,1
2qxw,60,GLU,H,0.8,10.283276,-6.6759677,1
2qxw,61,LYS,H,0.8,9.878867,-6.175259,1
2qxw,62,LEU,H,0.8,10.512053,-5.8085985,1
2qxw,63,ARG,H,0.8,11.436521,-5.995873,1
2qxw,64,GLU,T,0.8,13.314325,-6.519249,1
2qxw,65,GLN,T,0.8,-1.0223103,15.536555,0
2qxw,66,VAL,S,0.8,8.362306,-7.5573587,1
2qxw,67,VAL,S,0.8,22.04696,2.6524425,2
2qxw,68,LYS,-,0.8,17.90577,4.341133,2
2qxw,69,ARG,G,0.8,10.190364,-5.3063817,1
2qxw,70,GLU,G,0.8,10.846748,-6.529703,1
2qxw,71,GLU,G,0.8,12.254439,-5.752247,1
2qxw,72,LEU,-,0.8,20.240004,2.8132763,2
2qxw,76,SER,E,0.8,19.23094,5.1457143,2
2qxw,77,LYS,E,0.8,21.768034,4.712475,2
2qxw,78,LEU,E,0.8,18.155737,2.759172,2
2qxw,79,TRP,-,0.8,18.538404,5.371946,2
2qxw,80,CYS,G,0.8,11.943131,-8.684416,1
2qxw,81,THR,G,0.8,12.529191,-5.840434,1
2qxw,82,TYR,G,0.8,13.158486,-5.1428537,1
2qxw,86,GLY,H,0.8,11.850773,-5.8500137,1
2qxw,87,LEU,H,0.8,12.959582,-5.6286755,1
2qxw,91,ALA,H,0.8,10.120979,-4.5731196,1
2qxw,92,CYS,H,0.8,9.981117,-4.8873434,1
2qxw,93,GLN,H,0.8,9.618151,-5.829866,1
2qxw,94,LYS,H,0.8,8.922174,-6.4432673,1
2qxw,95,THR,H,0.8,8.714974,-6.2720346,1
2qxw,96,LEU,H,0.8,9.224331,-7.2768536,1
2qxw,97,SER,H,0.8,9.022182,-5.6409507,1
2qxw,104,LEU,B,0.8,18.500917,3.8808043,2
2qxw,105,ASP,S,0.8,12.378194,-8.623513,1
2qxw,106,LEU,E,0.8,21.470472,3.2983797,2
2qxw,107,TYR,E,0.8,18.360199,2.9629068,2
2qxw,108,LEU,E,0.8,20.846237,5.505651,2
2qxw,109,ILE,E,0.8,16.692339,3.6670141,2
2qxw,110,HIS,S,0.8,10.729675,-7.476026,1
2qxw,114,GLY,-,0.8,17.851017,4.279955,2
2qxw,119,LYS,S,0.8,11.293162,-7.258253,1
2qxw,120,GLU,-,0.8,19.854681,1.8244431,2
2qxw,121,PHE,S,0.8,12.169565,-7.7519736,1
2qxw,122,PHE,S,0.8,17.973265,1.222953,2
2qxw,123,PRO,-,0.8,17.492558,5.633384,2
2qxw,124,LEU,B,0.8,20.332169,4.899728,2
2qxw,125,ASP,-,0.8,17.613201,4.521759,2
2qxw,126,GLU,T,0.8,11.566589,-6.854828,1
2qxw,127,SER,T,0.8,12.739676,-6.756189,1
2qxw,128,GLY,S,0.8,-0.8572386,14.092315,0
2qxw,129,ASN,-,0.8,20.004017,1.4742304,2
2qxw,130,VAL,B,0.8,18.07462,5.4725466,2
2qxw,131,VAL,-,0.8,17.152504,4.345707,2
2qxw,141,TRP,H,0.8,8.12385,-6.4214277,1
2qxw,142,ALA,H,0.8,10.159548,-4.740985,1
2qxw,143,ALA,H,0.8,10.62578,-4.4256706,1
2qxw,144,MET,H,0.8,8.691037,-7.362068,1
2qxw,145,GLU,H,0.8,9.082783,-6.4136257,1
2qxw,146,GLU,H,0.8,9.517994,-6.1022954,1
2qxw,147,LEU,H,0.8,9.5327835,-6.5056887,1
2qxw,148,VAL,H,0.8,8.252145,-7.5675397,1
2qxw,149,ASP,H,0.8,11.748939,-5.7504864,1
2qxw,150,GLU,T,0.8,13.683434,-7.002783,1
2qxw,151,GLY,T,0.8,-1.2258343,14.021722,0
2qxw,155,ALA,-,0.8,21.154362,2.4630256,2
2qxw,156,ILE,E,0.8,19.83143,4.578249,2
2qxw,157,GLY,E,0.8,22.469599,4.184399,2
2qxw,158,ILE,E,0.8,21.384838,4.6235247,2
2qxw,159,SER,E,0.8,20.07921,3.9128573,2
2qxw,160,ASN,S,0.8,-0.69749624,15.376848,0
2qxw,161,PHE,-,0.8,20.210434,2.0033567,2
2qxw,166,VAL,H,0.8,8.179541,-6.837524,1
2qxw,172,LYS,-,0.8,19.099781,1.8123195,2
2qxw,173,PRO,T,0.8,17.590406,6.2585588,2
2qxw,174,GLY,T,0.8,-0.32507485,14.897657,0
2qxw,175,LEU,-,0.8,19.764141,1.6465611,2
2qxw,176,LYS,-,0.8,13.5590315,-5.036452,1
2qxw,177,TYR,S,0.8,21.835453,2.4247603,2
2qxw,178,LYS,-,0.8,16.904669,5.44165,2
2qxw,179,PRO,-,0.8,17.638573,5.514087,2
2qxw,180,ALA,S,0.8,12.3865385,-8.698696,1
2qxw,181,VAL,E,0.8,21.512396,5.244673,2
2qxw,182,ASN,E,0.8,17.628622,3.7958999,2
2qxw,183,GLN,E,0.8,17.7943,2.6602783,2
2qxw,184,ILE,E,0.8,21.19018,4.680853,2
2qxw,185,GLU,E,0.8,16.953415,4.684554,2
2qxw,186,CYS,-,0.8,19.833303,3.7911286,2
2qxw,187,HIS,B,0.8,20.721277,3.5133731,2
2qxw,188,PRO,T,0.8,11.576219,-7.418357,1
2qxw,189,TYR,T,0.8,12.583184,-6.904422,1
2qxw,190,LEU,B,0.8,17.860632,1.3917956,2
2qxw,191,THR,-,0.8,11.35204,-6.5641656,1
2qxw,192,GLN,-,0.8,-1.5871222,15.123724,0
2qxw,193,GLU,H,0.8,11.607534,-5.376109,1
2qxw,194,LYS,H,0.8,10.768854,-6.795787,1
2qxw,195,LEU,H,0.8,8.908557,-6.0892262,1
2qxw,199,CYS,H,0.8,10.235881,-5.2061014,1
2qxw,200,GLN,H,0.8,9.896051,-6.918125,1
2qxw,204,ILE,P,0.8,21.462143,2.280052,2
2qxw,205,VAL,E,0.8,17.382988,4.988147,2
2qxw,206,VAL,E,0.8,19.372587,5.74873,2
2qxw,207,THR,E,0.8,18.2129,3.7200887,2
2qxw,208,ALA,E,0.8,19.514431,4.8180933,2
2qxw,209,TYR,E,0.8,18.959978,5.2990093,2
2qxw,210,SER,S,0.8,-1.067789,15.142799,0
2qxw,211,PRO,T,0.8,11.737983,-7.19729,1
2qxw,212,LEU,T,0.8,13.134186,-6.5076585,1
2qxw,213,GLY,-,0.8,-1.684027,14.867838,0
2qxw,214,SER,-,0.8,-1.6717392,15.103721,0
2qxw,215,PRO,T,0.8,11.657605,-6.866059,1
2qxw,219,TRP,T,0.8,13.545679,-6.761705,1
2qxw,220,ALA,-,0.8,20.176989,1.4761587,2
2qxw,221,LYS,-,0.8,16.536602,4.7180996,2
2qxw,222,PRO,T,0.8,12.337364,-4.049451,1
2qxw,223,GLU,T,0.8,12.348925,-4.0398097,1
2qxw,224,ASP,S,0.8,18.461733,2.2213552,2
2qxw,225,PRO,-,0.8,16.358063,4.6415668,2
2qxw,226,SER,-,0.8,18.821503,2.486698,2
2qxw,227,LEU,G,0.8,9.784909,-7.9016747,1
2qxw,228,LEU,G,0.8,10.450843,-6.8537664,1
2qxw,229,GLU,G,0.8,12.5299835,-5.8319707,1
2qxw,233,ILE,H,0.8,9.154685,-7.0512342,1
2qxw,234,LYS,H,0.8,9.239207,-6.9940815,1
2qxw,235,ALA,H,0.8,11.065922,-4.727716,1
2qxw,236,ILE,H,0.8,8.472809,-6.896363,1
2qxw,237,ALA,H,0.8,10.68048,-4.7723207,1
2qxw,238,ALA,H,0.8,11.196867,-5.7179437,1
2qxw,239,LYS,H,0.8,8.941514,-6.3710485,1
2qxw,240,HIS,T,0.8,13.218292,-6.450687,1
2qxw,241,ASN,T,0.8,-1.0541975,15.500403,0
2qxw,242,LYS,-,0.8,20.359846,3.5503066,2
2qxw,243,THR,-,0.8,17.408484,5.3658485,2
2qxw,244,THR,H,0.8,10.795768,-8.145035,1
2qxw,245,ALA,H,0.8,11.083971,-4.9446363,1
2qxw,246,GLN,H,0.8,9.382674,-6.2346344,1
2qxw,247,VAL,H,0.8,8.642435,-7.35498,1
2qxw,248,LEU,H,0.8,10.450655,-6.164134,1
2qxw,249,ILE,H,0.8,8.8999815,-7.1778045,1
2qxw,250,ARG,H,0.8,10.01979,-4.8837347,1
2qxw,251,PHE,H,0.8,10.092867,-6.4527884,1
2qxw,252,PRO,H,0.8,9.945317,-6.001911,1
2qxw,253,MET,H,0.8,9.373724,-7.0572343,1
2qxw,254,GLN,H,0.8,11.778017,-5.904027,1
2qxw,255,ARG,T,0.8,13.74194,-6.991849,1
2qxw,256,ASN,T,0.8,-1.1855439,14.619704,0
2qxw,257,LEU,-,0.8,20.260973,2.6939058,2
2qxw,258,VAL,E,0.8,17.291866,4.0280666,2
2qxw,259,VAL,E,0.8,19.942322,4.0401497,2
2qxw,260,ILE,-,0.8,13.961729,-4.6809273,1
2qxw,261,PRO,-,0.8,20.094307,2.2106316,2
2qxw,262,LYS,B,0.8,19.59726,5.4061418,2
2qxw,263,SER,-,0.8,21.074678,4.3459616,2
2qxw,264,VAL,-,0.8,13.876769,-5.1387877,1
2qxw,265,THR,-,0.8,18.970194,1.3560555,2
2qxw,266,PRO,H,0.8,11.182178,-7.4854474,1
2qxw,267,GLU,H,0.8,9.215046,-6.593067,1
2qxw,268,ARG,H,0.8,10.6039915,-4.883485,1
2qxw,274,LYS,-,0.8,17.344494,1.6969614,2
2qxw,280,LEU,-,0.8,17.300085,4.196487,2
2qxw,281,SER,-,0.8,17.06514,5.54425,2
2qxw,282,SER,H,0.8,10.741649,-8.128887,1
2qxw,283,GLN,H,0.8,9.220076,-7.014538,1
2qxw,284,ASP,H,0.8,10.565098,-4.244792,1
2qxw,285,MET,H,0.8,9.102135,-6.556424,1
2qxw,286,THR,H,0.8,8.658712,-6.172517,1
2qxw,287,THR,H,0.8,8.213105,-6.6618004,1
2qxw,288,LEU,H,0.8,9.381806,-6.215287,1
2qxw,289,LEU,H,0.8,9.465398,-7.4417987,1
2qxw,290,SER,T,0.8,12.304681,-6.8427362,1
2qxw,291,TYR,T,0.8,12.686458,-6.7147985,1
2qxw,292,ASN,-,0.8,20.139105,1.6715943,2
2qxw,293,ARG,-,0.8,14.018439,-5.549752,1
2qxw,294,ASN,-,0.8,-1.6534321,14.867393,0
2qxw,300,LEU,-,0.8,19.754475,3.73243,2
2qxw,301,LEU,G,0.8,11.18312,-7.0586333,1
2qxw,302,SER,G,0.8,10.835935,-6.705851,1
2qxw,308,ASP,T,0.8,13.965506,-6.90477,1
2qxw,309,TYR,-,0.8,19.106443,1.0509243,2
2vb1,2,VAL,B,0.65,18.297031,4.2597523,2
2vb1,3,PHE,-,0.65,20.070118,5.392472,2
2vb1,7,GLU,H,0.65,11.113728,-9.266586,1
2vb1,8,LEU,H,0.65,10.947449,-9.121072,1
2vb1,9,ALA,H,0.65,11.773054,-9.344767,1
2vb1,10,ALA,H,0.65,11.705384,-9.389094,1
2vb1,11,ALA,H,0.65,11.744966,-9.403269,1
2vb1,12,MET,H,0.65,10.96354,-9.086088,1
2vb1,13,LYS,H,0.65,10.8797245,-9.130724,1
2vb1,14,ARG,H,0.65,11.696584,-9.377624,1
2vb1,15,HIS,T,0.65,13.200743,-6.5151534,1
2vb1,27,ASN,H,0.65,11.860129,-9.304176,1
2vb1,28,TRP,H,0.65,11.073506,-9.286217,1
2vb1,29,VAL,H,0.65,10.952406,-9.385161,1
2vb1,30,CYS,H,0.65,11.594318,-9.384146,1
2vb1,31,ALA,H,0.65,11.738885,-9.438625,1
2vb1,32,ALA,H,0.65,11.73134,-9.382339,1
2vb1,33,LYS,H,0.65,11.263225,-9.292144,1
2vb1,34,PHE,H,0.65,11.49668,-8.651884,1
2vb1,35,GLU,H,0.65,11.405591,-9.216403,1
2vb1,45,ARG,E,0.65,18.469097,3.3523464,2
2vb1,46,ASN,-,0.65,19.042067,4.7749934,2
2vb1,47,THR,T,0.65,11.769985,-8.535593,1
2vb1,48,ASP,T,0.65,13.599167,-7.0993066,1
2vb1,49,GLY,S,0.65,-1.2047118,14.204128,0
2vb1,50,SER,-,0.65,19.958183,2.6409197,2
2vb1,51,THR,E,0.65,20.653803,4.577503,2
2vb1,52,ASP,E,0.65,17.782806,3.6193926,2
2vb1,53,TYR,E,0.65,21.019459,4.9464874,2
2vb1,57,GLN,T,0.65,-0.931425,15.280318,0
2vb1,58,ILE,E,0.65,18.793076,4.578858,2
2vb1,59,ASN,E,0.65,19.050247,4.6556516,2
2vb1,64,CYS,-,0.65,21.354849,2.8749247,2
2vb1,65,ASN,B,0.65,18.829453,4.7657166,2
2vb1,66,ASP,-,0.65,13.800175,-5.6175637,1
2vb1,70,PRO,T,0.65,18.315567,5.938463,2
2vb1,71,GLY,T,0.65,-0.6084487,14.48664,0
2vb1,72,SER,-,0.65,19.867771,2.3196352,2
2vb1,73,ARG,-,0.65,13.725938,-5.4778056,1
2vb1,74,ASN,-,0.65,-1.6235063,15.053787,0
2vb1,75,LEU,T,0.65,11.667329,-8.649012,1
2vb1,76,CYS,T,0.65,11.982882,-8.903507,1
2vb1,81,SER,G,0.65,11.050489,-9.031322,1
2vb1,82,ALA,G,0.65,11.766854,-9.410166,1
2vb1,83,LEU,G,0.65,11.501909,-8.718406,1
2vb1,84,LEU,G,0.65,12.96018,-6.1765056,1
2vb1,85,SER,S,0.65,20.293903,2.60132,2
2vb1,92,VAL,H,0.65,10.948151,-9.318189,1
2vb1,93,ASN,H,0.65,11.7180195,-9.427771,1
2vb1,94,CYS,H,0.65,11.709372,-9.32586,1
2vb1,95,ALA,H,0.65,11.748343,-9.421188,1
2vb1,96,LYS,H,0.65,10.917955,-9.044096,1
2vb1,116,LYS,T,0.65,20.22688,2.6051147,2
2vb1,117,GLY,T,0.65,-0.6709108,14.383539,0
2vb1,118,THR,S,0.65,20.816017,2.8212235,2
2vb1,119,ASP,-,0.65,17.159002,3.4464839,2
2vb1,120,VAL,G,0.65,11.306808,-6.6585793,1
2vb1,121,GLN,G,0.65,11.194939,-9.141153,1
2vb1,125,ARG,T,0.65,17.690401,6.56997,2
2vb1,126,GLY,T,0.65,-0.69150746,14.359686,0
2vb1,127,CYS,-,0.65,20.176666,3.2526915,2
2vb1,128,ARG,-,0.65,19.663061,3.3723347,2
2wfi,8,PRO,-,0.75,20.090412,3.052256,2
2wfi,9,ARG,E,0.75,19.317133,4.242283,2
2wfi,10,CYS,E,0.75,20.202015,3.7383354,2
2wfi,11,PHE,E,0.75,21.70688,4.1258273,2
2wfi,12,PHE,E,0.75,18.430292,3.650959,2
2wfi,13,ASP,E,0.75,17.462297,3.5897849,2
2wfi,14,ILE,E,0.75,20.82713,5.278319,2
2wfi,15,ALA,E,0.75,19.508535,4.3527174,2
2wfi,16,ILE,E,0.75,17.873821,2.6146152,2
2wfi,17,ASN,T,0.75,-0.703272,15.428455,0
2wfi,18,ASN,T,0.75,-0.90236026,14.624408,0
2wfi,19,GLN,E,0.75,18.644924,1.583514,2
2wfi,20,PRO,E,0.75,17.684847,5.400462,2
2wfi,21,ALA,E,0.75,13.511392,-5.509585,1
2wfi,22,GLY,E,0.75,22.809921,3.8264542,2
2wfi,23,ARG,E,0.75,19.932669,5.066099,2
2wfi,24,VAL,E,0.75,18.178528,3.5430057,2
2wfi,25,VAL,E,0.75,18.711151,3.4000287,2
2wfi,26,PHE,E,0.75,20.57072,4.911829,2
2wfi,27,GLU,E,0.75,17.523272,3.8291717,2
2wfi,28,LEU,E,0.75,19.160711,3.4004765,2
2wfi,29,PHE,-,0.75,17.355833,1.6998779,2
2wfi,30,SER,T,0.75,12.204161,-7.0323405,1
2wfi,31,ASP,T,0.75,11.983417,-5.1282687,1
2wfi,32,VAL,T,0.75,9.073642,-5.8243356,1
2wfi,36,THR,H,0.75,8.694902,-6.4217706,1
2wfi,37,CYS,H,0.75,10.352348,-4.883228,1
2wfi,38,GLU,H,0.75,9.647694,-6.604589,1
2wfi,39,ASN,H,0.75,10.131254,-4.6994877,1
2wfi,40,PHE,H,0.75,9.206364,-6.6010723,1
2wfi,41,ARG,H,0.75,10.110395,-4.483898,1
2wfi,42,CYS,H,0.75,10.852642,-5.282674,1
2wfi,43,LEU,H,0.75,9.859474,-6.5509706,1
2wfi,44,CYS,H,0.75,10.637395,-4.7571015,1
2wfi,45,THR,H,0.75,10.064171,-6.2233453,1
2wfi,46,GLY,-,0.75,-1.5712559,14.684997,0
2wfi,47,GLU,T,0.75,12.080842,-6.6495953,1
2wfi,48,LYS,T,0.75,13.248582,-6.59161,1
2wfi,49,GLY,-,0.75,23.358423,3.8755844,2
2wfi,50,THR,B,0.75,19.562075,3.597063,2
2wfi,51,GLY,-,0.75,17.096804,5.2178764,2
2wfi,52,LYS,T,0.75,11.236965,-7.248089,1
2wfi,53,SER,T,0.75,11.335663,-6.8541503,1
2wfi,54,THR,T,0.75,11.447427,-5.2835197,1
2wfi,55,GLN,-,0.75,-1.6375691,14.8268,0
2wfi,56,LYS,S,0.75,21.894194,3.089743,2
2wfi,57,PRO,B,0.75,17.358658,5.323629,2
2wfi,58,LEU,S,0.75,17.536638,2.056889,2
2wfi,59,HIS,-,0.75,21.320896,4.725245,2
2wfi,60,TYR,-,0.75,13.697804,-5.578151,1
2wfi,61,LYS,T,0.75,17.908033,6.770236,2
2wfi,62,SER,T,0.75,-0.52583086,14.619163,0
2wfi,63,OCS,-,0.75,16.911942,5.2715816,2
2wfi,64,LEU,B,0.75,20.30175,5.08616,2
2wfi,65,PHE,E,0.75,16.810276,3.6055357,2
2wfi,66,HIS,E,0.75,13.49726,-5.526906,1
2wfi,67,ARG,E,0.75,20.945227,2.4836714,2
2wfi,68,VAL,E,0.75,19.069666,3.1614857,2
2wfi,69,VAL,E,0.75,18.512754,2.978632,2
2wfi,70,LYS,T,0.75,17.837484,6.3513923,2
2wfi,74,VAL,E,0.75,17.959402,3.335026,2
2wfi,75,GLN,E,0.75,20.803791,4.7934976,2
2wfi,76,GLY,E,0.75,20.973696,4.0874,2
2wfi,77,GLY,-,0.75,-1.1598253,14.773282,0
2wfi,78,ASP,-,0.75,17.539717,2.5655656,2
2wfi,79,PHE,T,0.75,13.527189,-6.877705,1
2wfi,80,SER,T,0.75,10.966058,-6.4849877,1
2wfi,81,GLU,T,0.75,12.289635,-5.383454,1
2wfi,82,GLY,S,0.75,12.033017,-4.8627505,1
2wfi,83,ASN,S,0.75,11.379274,-6.546388,1
2wfi,87,GLY,-,0.75,22.89721,3.8157492,2
2wfi,88,GLU,-,0.75,21.310537,4.075193,2
2wfi,89,SER,-,0.75,18.634949,5.464714,2
2wfi,90,ILE,T,0.75,12.096601,-7.58703,1
2wfi,91,TYR,T,0.75,13.058952,-6.8479047,1
2wfi,92,GLY,S,0.75,23.127712,3.7393205,2
2wfi,93,GLY,S,0.75,23.463806,3.8733385,2
2wfi,94,PHE,-,0.75,20.470425,4.1363387,2
2wfi,95,PHE,B,0.75,19.999245,4.201453,2
2wfi,96,GLU,-,0.75,19.809753,5.1373253,2
2wfi,97,ASP,-,0.75,17.314247,3.6934044,2
2wfi,98,GLU,-,0.75,10.7745075,-7.743927,1
2wfi,99,SER,-,0.75,21.450388,3.575114,2
2wfi,100,PHE,-,0.75,13.764522,-5.13823,1
2wfi,101,ALA,-,0.75,10.95871,-5.5230784,1
2wfi,102,VAL,S,0.75,17.708532,6.545011,2
2wfi,103,LYS,-,0.75,19.93265,5.155806,2
2wfi,104,HIS,-,0.75,17.081879,3.390192,2
2wfi,105,ASN,-,0.75,12.8961315,-5.1660624,1
2wfi,106,LYS,S,0.75,22.008148,2.721634,2
2wfi,107,GLU,T,0.75,18.450874,5.9544506,2
2wfi,108,PHE,T,0.75,-0.6420292,15.023796,0
2wfi,109,LEU,E,0.75,20.327187,2.439234,2
2wfi,110,LEU,E,0.75,18.073545,2.735163,2
2wfi,111,SER,E,0.75,21.10487,4.5007105,2
2wfi,112,MET,E,0.75,19.64967,5.8091316,2
2wfi,113,ALA,-,0.75,17.602308,4.2862105,2
2wfi,117,LYS,T,0.75,17.662188,6.202379,2
2wfi,118,ASP,T,0.75,-0.61583817,15.320717,0
2wfi,119,THR,-,0.75,13.360843,-4.939164,1
2wfi,120,ASN,B,0.75,19.957287,1.4996312,2
2wfi,121,GLY,-,0.75,21.06475,3.9568844,2
2wfi,122,SER,S,0.75,12.972709,-5.5614395,1
2wfi,123,GLN,-,0.75,20.098907,2.2079468,2
2wfi,124,PHE,E,0.75,20.785622,4.600715,2
2wfi,125,PHE,E,0.75,21.185625,4.215102,2
2wfi,126,ILE,E,0.75,18.664879,3.1913981,2
2wfi,127,THR,E,0.75,18.179157,5.525268,2
2wfi,128,THR,S,0.75,12.321365,-7.5253963,1
2wfi,129,LYS,S,0.75,21.94953,2.6499486,2
2wfi,130,PRO,-,0.75,17.570019,4.9774156,2
2wfi,131,THR,-,0.75,17.760666,1.5984156,2
2wfi,132,PRO,G,0.75,11.220702,-6.4955044,1
2wfi,133,HIS,G,0.75,10.837366,-6.574749,1
2wfi,134,LEU,G,0.75,11.955887,-5.9461117,1
2wfi,135,ASP,T,0.75,17.797722,6.832051,2
2wfi,136,GLY,T,0.75,-0.38601366,14.772148,0
2wfi,137,HIS,T,0.75,13.183817,-6.190599,1
2wfi,138,HIS,S,0.75,21.528126,2.3481,2
2wfi,139,VAL,-,0.75,19.314293,5.6863594,2
2wfi,140,VAL,E,0.75,17.626966,3.429451,2
2wfi,141,PHE,E,0.75,13.723331,-5.758396,1
2wfi,142,GLY,E,0.75,22.437834,3.8799167,2
2wfi,143,GLN,E,0.75,21.21343,4.551996,2
2wfi,144,VAL,E,0.75,18.085518,5.351156,2
2wfi,145,ILE,E,0.75,13.669991,-5.5314536,1
2wfi,146,SER,E,0.75,21.75203,3.323967,2
2wfi,147,GLY,-,0.75,-1.2822169,14.8824415,0
2wfi,148,GLN,H,0.75,9.331875,-6.115484,1
2wfi,149,GLU,H,0.75,10.010615,-6.771951,1
2wfi,150,VAL,H,0.75,8.852127,-6.381934,1
2wfi,151,VAL,H,0.75,8.759171,-6.2461414,1
2wfi,152,ARG,H,0.75,10.434365,-4.7898726,1
2wfi,153,GLU,H,0.75,9.373069,-6.210238,1
2wfi,154,ILE,H,0.75,8.925628,-7.28975,1
2wfi,155,GLU,H,0.75,11.136006,-6.0259533,1
2wfi,156,ASN,T,0.75,11.856775,-6.2073574,1
2wfi,157,GLN,-,0.75,20.132053,1.6246551,2
2wfi,158,LYS,-,0.75,17.542204,5.2661357,2
2wfi,159,THR,B,0.75,21.311157,4.3999405,2
2wfi,160,ASP,-,0.75,17.932446,4.527046,2
2wfi,161,ALA,T,0.75,12.027109,-5.086439,1
2wfi,162,ALA,T,0.75,13.684311,-6.9710765,1
2wfi,163,SER,S,0.75,-1.2382455,14.529451,0
2wfi,164,LYS,-,0.75,18.783659,1.6506116,2
2wfi,165,PRO,B,0.75,18.777443,5.6705523,2
2wfi,166,PHE,S,0.75,11.115268,-7.7991657,1
2wfi,167,ALA,S,0.75,17.26998,5.8799753,2
2wfi,168,GLU,-,0.75,17.456057,4.9918275,2
2wfi,169,VAL,E,0.75,17.687923,2.4543657,2
2wfi,170,ARG,E,0.75,20.186394,2.943091,2
2wfi,171,ILE,E,0.75,17.109962,3.5005424,2
2wfi,172,LEU,E,0.75,10.089755,-7.650442,1
2wfi,173,SER,E,0.75,21.8274,3.3061574,2
2wfi,174,CYS,E,0.75,20.489124,4.348339,2
2wfi,175,GLY,E,0.75,22.494066,4.1735435,2
2wfi,176,GLU,E,0.75,18.941818,3.2739794,2
2wfj,7,ARG,-,0.75,19.58423,1.6781418,2
2wfj,8,PRO,-,0.75,20.131783,2.9511318,2
2wfj,9,ARG,E,0.75,19.316032,4.1696277,2
2wfj,10,CYS,E,0.75,20.213095,3.7827191,2
2wfj,11,PHE,E,0.75,21.585842,4.249821,2
2wfj,12,PHE,E,0.75,18.668642,3.7291358,2
2wfj,13,ASP,E,0.75,17.40288,3.5176284,2
2wfj,14,ILE,E,0.75,20.74072,5.173202,2
2wfj,15,ALA,E,0.75,19.569033,4.3154454,2
2wfj,16,ILE,E,0.75,17.72213,2.6028714,2
2wfj,20,PRO,E,0.75,17.663471,5.320205,2
2wfj,21,ALA,E,0.75,13.406513,-5.4442763,1
2wfj,22,GLY,E,0.75,22.826052,3.8009202,2
2wfj,23,ARG,E,0.75,19.813133,4.8919344,2
2wfj,24,VAL,E,0.75,18.140823,3.4988222,2
2wfj,25,VAL,E,0.75,18.621067,3.3120594,2
2wfj,26,PHE,E,0.75,20.649612,4.9861755,2
2wfj,27,GLU,E,0.75,17.32696,3.854877,2
2wfj,28,LEU,E,0.75,19.278524,3.600359,2
2wfj,29,PHE,-,0.75,17.390417,1.5996876,2
2wfj,30,SER,T,0.75,12.301921,-6.9324384,1
2wfj,31,ASP,T,0.75,12.3233385,-5.3971004,1
2wfj,35,LYS,H,0.75,8.923462,-6.3624687,1
2wfj,36,THR,H,0.75,8.847626,-6.4578934,1
2wfj,37,CYS,H,0.75,10.255627,-4.9403014,1
2wfj,38,GLU,H,0.75,9.280058,-6.326414,1
2wfj,39,ASN,H,0.75,10.2502985,-4.581999,1
2wfj,40,PHE,H,0.75,9.138441,-7.353535,1
2wfj,41,ARG,H,0.75,10.362102,-4.1740513,1
2wfj,42,CYS,H,0.75,10.783889,-5.3070045,1
2wfj,43,LEU,H,0.75,8.903232,-5.8608265,1
2wfj,44,CYS,H,0.75,10.770089,-4.8434033,1
2wfj,45,THR,H,0.75,11.093595,-6.737891,1
2wfj,46,GLY,T,0.75,-1.3960387,14.3207,0
2wfj,47,GLU,T,0.75,13.597153,-6.6137276,1
2wfj,48,LYS,T,0.75,13.192437,-6.594246,1
2wfj,54,THR,T,0.75,11.897104,-6.871703,1
2wfj,58,LEU,S,0.75,17.495506,2.1053634,2
2wfj,59,HIS,-,0.75,21.292727,4.6899495,2
2wfj,65,PHE,-,0.75,16.899591,3.5471044,2
2wfj,66,HIS,-,0.75,13.45726,-5.5266643,1
2wfj,67,ARG,E,0.75,21.004377,2.4885051,2
2wfj,68,VAL,E,0.75,19.12492,3.2173824,2
2wfj,69,VAL,E,0.75,18.532364,3.0307612,2
2wfj,70,LYS,T,0.75,18.021284,6.4467936,2
2wfj,71,ASP,T,0.75,-0.61124456,15.158279,0
2wfj,72,PHE,T,0.75,13.24555,-6.019761,1
2wfj,73,MET,E,0.75,21.785866,4.091191,2
2wfj,74,VAL,E,0.75,17.92373,3.3508806,2
2wfj,75,GLN,E,0.75,20.85033,4.780705,2
2wfj,76,GLY,E,0.75,21.20767,4.077824,2
2wfj,77,GLY,-,0.75,-1.1648804,14.778234,0
2wfj,78,ASP,-,0.75,17.461056,1.9300137,2
2wfj,79,PHE,T,0.75,12.071214,-5.4700084,1
2wfj,80,SER,T,0.75,11.522337,-6.760511,1
2wfj,81,GLU,T,0.75,13.472091,-6.4379535,1
2wfj,82,GLY,S,0.75,-1.1966643,14.030133,0
2wfj,83,ASN,S,0.75,13.692384,-6.5216064,1
2wfj,84,GLY,S,0.75,-1.155766,14.197987,0
2wfj,85,ARG,S,0.75,11.217571,-4.8776665,1
2wfj,86,GLY,-,0.75,21.267612,3.2405896,2
2wfj,90,ILE,T,0.75,12.269058,-7.522931,1
2wfj,91,TYR,T,0.75,13.015702,-6.746486,1
2wfj,92,GLY,S,0.75,23.10999,3.7108834,2
2wfj,93,GLY,S,0.75,23.439411,3.865239,2
2wfj,94,PHE,-,0.75,20.597105,4.1184926,2
2wfj,100,PHE,-,0.75,13.699519,-5.268217,1
2wfj,101,ALA,-,0.75,11.2197075,-5.5123525,1
2wfj,109,LEU,E,0.75,20.340553,2.3805566,2
2wfj,110,LEU,E,0.75,18.095175,2.8889437,2
2wfj,111,SER,E,0.75,20.86996,4.0962152,2
2wfj,112,MET,E,0.75,19.671297,5.841458,2
2wfj,113,ALA,-,0.75,17.524508,4.4569836,2
2wfj,114,ASN,B,0.75,20.665064,4.3371468,2
2wfj,115,ARG,S,0.75,13.991214,-5.9732857,1
2wfj,116,GLY,S,0.75,23.158072,3.8739483,2
2wfj,117,LYS,T,0.75,17.980076,6.259573,2
2wfj,118,ASP,T,0.75,-0.6354528,15.377599,0
2wfj,119,THR,-,0.75,13.422366,-4.9194636,1
2wfj,120,ASN,B,0.75,20.029465,1.5496944,2
2wfj,121,GLY,-,0.75,20.899889,3.692073,2
2wfj,122,SER,S,0.75,13.024909,-5.5632906,1
2wfj,123,GLN,-,0.75,20.07334,2.2274883,2
2wfj,124,PHE,E,0.75,20.840195,4.5246286,2
2wfj,125,PHE,E,0.75,21.121658,4.2305074,2
2wfj,126,ILE,E,0.75,18.078478,3.3224022,2
2wfj,127,THR,E,0.75,18.448017,5.563257,2
2wfj,128,THR,S,0.75,12.295897,-7.168561,1
2wfj,129,LYS,S,0.75,21.971136,2.6459868,2
2wfj,130,PRO,-,0.75,17.641407,5.4597816,2
2wfj,131,THR,-,0.75,13.8514595,-4.740322,1
2wfj,132,PRO,G,0.75,11.196412,-6.545231,1
2wfj,133,HIS,G,0.75,10.98432,-6.6219883,1
2wfj,134,LEU,G,0.75,11.996017,-5.9726157,1
2wfj,135,ASP,T,0.75,17.774273,6.7852573,2
2wfj,136,GLY,T,0.75,-0.36571434,14.749415,0
2wfj,137,HIS,T,0.75,13.175991,-6.0714474,1
2wfj,138,HIS,S,0.75,21.496925,2.4293728,2
2wfj,139,VAL,-,0.75,19.294277,5.6921477,2
2wfj,140,VAL,E,0.75,17.445677,3.053626,2
2wfj,141,PHE,E,0.75,13.752703,-5.6997004,1
2wfj,142,GLY,E,0.75,22.508638,3.8572996,2
2wfj,143,GLN,E,0.75,21.019985,4.347926,2
2wfj,144,VAL,E,0.75,17.860565,4.9480715,2
2wfj,148,GLN,H,0.75,9.21969,-6.1165295,1
2wfj,149,GLU,H,0.75,9.675595,-6.7983084,1
2wfj,150,VAL,H,0.75,8.886833,-6.474798,1
2wfj,154,ILE,H,0.75,8.894795,-6.536953,1
2wfj,155,GLU,H,0.75,11.222277,-5.85168,1
2wfj,156,ASN,T,0.75,13.820253,-6.939164,1
2wfj,157,GLN,-,0.75,20.165668,1.6483012,2
2wfj,158,LYS,-,0.75,17.621822,4.9455333,2
2wfj,159,THR,B,0.75,21.261644,4.4026704,2
2wfj,160,ASP,-,0.75,20.077602,3.6208425,2
2wfj,161,ALA,T,0.75,12.284067,-7.8508077,1
2wfj,162,ALA,T,0.75,13.684956,-6.955534,1
2wfj,163,SER,S,0.75,-1.1224239,15.05337,0
2wfj,164,LYS,-,0.75,18.6944,1.5896412,2
2wfj,165,PRO,B,0.75,17.438879,5.4216437,2
2wfj,169,VAL,E,0.75,17.701355,2.7051404,2
2wfj,170,ARG,E,0.75,20.394379,3.6288066,2
2wfj,174,CYS,E,0.75,20.627811,4.3068757,2
2wfj,175,GLY,E,0.75,22.474789,4.109857,2
2wfj,176,GLU,E,0.75,18.91124,3.144907,2
3a38,2,ALA,-,0.7,18.521439,5.0110793,2
3a38,3,PRO,-,0.7,18.151922,5.5635443,2
3a38,4,ALA,T,0.7,12.235241,-8.255624,1
3a38,5,ASN,T,0.7,13.872637,-6.998513,1
3a38,6,ALA,B,0.7,20.310534,1.6383295,2
3a38,13,THR,H,0.7,10.764499,-9.2109995,1
3a38,14,ALA,H,0.7,11.717781,-9.380815,1
3a38,15,ILE,H,0.7,10.62575,-8.916465,1
3a38,16,ALA,H,0.7,11.832508,-9.147505,1
3a38,23,ALA,G,0.7,11.702565,-8.365884,1
3a38,24,THR,G,0.7,11.19886,-8.455763,1
3a38,25,LYS,G,0.7,13.615812,-6.11922,1
3a38,26,SER,S,0.7,21.690657,3.5202353,2
3a38,27,GLU,-,0.7,13.833899,-5.097796,1
3a38,28,ARG,H,0.7,10.428366,-5.3352327,1
3a38,29,VAL,H,0.7,10.648496,-8.951592,1
3a38,30,ALA,H,0.7,11.852262,-9.20508,1
3a38,31,ALA,H,0.7,10.589842,-5.444336,1
3a38,32,ALA,-,0.7,-1.6519399,15.043348,0
3a38,33,ARG,-,0.7,19.68705,1.2041584,2
3a38,34,PRO,T,0.7,18.324091,6.3565445,2
3a38,35,GLY,T,0.7,-0.6114471,14.562447,0
3a38,36,LEU,S,0.7,21.918795,2.613283,2
3a38,44,ALA,G,0.7,10.552328,-5.3947973,1
3a38,45,ASN,G,0.7,12.459395,-6.29082,1
3a38,46,CYS,B,0.7,20.67185,2.5465255,2
3a38,47,GLN,T,0.7,12.056549,-8.27052,1
3a38,51,ALA,E,0.7,11.3432455,-5.4745,1
3a38,52,ASN,E,0.7,12.786438,-5.6891346,1
3a38,53,VAL,E,0.7,19.20609,2.5001853,2
3a38,54,GLY,E,0.7,23.268156,3.8563106,2
3a38,55,GLU,E,0.7,21.01257,4.834308,2
3a38,56,GLY,T,0.7,23.514772,3.8891745,2
3a38,57,ASP,T,0.7,12.2647705,-8.271837,1
3a38,64,PHE,S,0.7,17.908855,1.160497,2
3a38,65,PRO,T,0.7,18.122837,6.621514,2
3a38,69,ILE,E,0.7,18.857115,4.247931,2
3a38,70,ASN,E,0.7,17.93871,4.218909,2
3a38,71,VAL,T,0.7,12.018506,-8.024393,1
3a38,72,ASN,T,0.7,12.534621,-6.561706,1
3a38,73,GLY,-,0.7,20.854136,2.827248,2
3a38,74,TRP,B,0.7,20.83646,4.9102516,2
3a38,75,CYS,-,0.7,19.46818,4.529319,2
3a38,79,THR,-,0.7,18.76326,2.8007724,2
3a38,80,LEU,B,0.7,18.782495,5.5587606,2
3a38,81,LYS,-,0.7,17.402494,3.5781853,2
3a38,82,ALA,-,0.7,12.589531,-5.473147,1
3a39,2,ALA,-,0.72,18.293167,5.0572457,2
3a39,3,PRO,-,0.72,18.187092,5.549743,2
3a39,4,ALA,T,0.72,12.116528,-8.368677,1
3a39,5,ASN,T,0.72,13.92548,-6.9990544,1
3a39,6,ALA,B,0.72,20.305376,1.6520165,2
3a39,13,THR,H,0.72,10.664358,-9.115561,1
3a39,14,ALA,H,0.72,10.531892,-4.231087,1
3a39,15,ILE,H,0.72,9.110364,-6.5327415,1
3a39,16,ALA,H,0.72,10.937223,-5.225688,1
3a39,23,ALA,G,0.72,10.629533,-5.5336623,1
3a39,24,THR,G,0.72,10.75742,-6.2081184,1
3a39,25,LYS,G,0.72,13.625381,-6.093045,1
3a39,26,SER,S,0.72,21.683683,3.434725,2
3a39,27,GLU,-,0.72,13.788629,-4.995568,1
3a39,28,ARG,H,0.72,10.391905,-5.213048,1
3a39,29,VAL,H,0.72,10.506513,-8.858798,1
3a39,30,ALA,H,0.72,9.977595,-4.749827,1
3a39,31,ALA,H,0.72,10.539063,-5.367321,1
3a39,32,ALA,-,0.72,-1.6835225,15.026264,0
3a39,33,ARG,-,0.72,19.482227,1.1773741,2
3a39,34,PRO,T,0.72,18.22611,6.3820195,2
3a39,35,GLY,T,0.72,-0.61844337,14.564997,0
3a39,36,LEU,S,0.72,21.956549,2.6273317,2
3a39,44,ALA,G,0.72,10.57124,-5.36538,1
3a39,45,ASN,G,0.72,12.457955,-6.2492366,1
3a39,46,CYS,B,0.72,20.747576,2.5796604,2
3a39,47,GLN,T,0.72,11.98705,-8.172518,1
3a39,51,ALA,E,0.72,11.340864,-5.546959,1
3a39,52,ASN,E,0.72,12.803214,-5.7287164,1
3a39,53,VAL,E,0.72,19.211796,2.598394,2
3a39,54,GLY,E,0.72,23.292599,3.9032323,2
3a39,55,GLU,E,0.72,20.876661,4.7141604,2
3a39,56,GLY,T,0.72,23.486958,3.8847368,2
3a39,57,ASP,T,0.72,12.277112,-8.293233,1
3a39,64,PHE,S,0.72,17.934519,1.1589239,2
3a39,65,PRO,T,0.72,18.064968,6.5988803,2
3a39,69,ILE,E,0.72,18.712172,4.2551246,2
3a39,70,ASN,E,0.72,18.061197,4.3625426,2
3a39,71,VAL,T,0.72,12.05463,-7.802431,1
3a39,72,ASN,T,0.72,12.604738,-6.583273,1
3a39,73,GLY,-,0.72,20.947395,2.831035,2
3a39,74,TRP,B,0.72,20.860502,4.913546,2
3a39,75,CYS,-,0.72,19.544312,4.492852,2
3a39,79,THR,-,0.72,18.801023,2.7040865,2
3a39,80,LEU,B,0.72,18.782782,5.576961,2
3a39,81,LYS,-,0.72,17.092573,3.451699,2
3al1,102,LEU,H,0.75,8.860385,-6.139289,1
3al1,103,LEU,H,0.75,8.984025,-6.3771863,1
3al1,104,LYS,H,0.75,10.167812,-6.8669047,1
3al1,105,LYS,H,0.75,9.700979,-6.6759353,1
3al1,106,LEU,H,0.75,9.458304,-7.384315,1
3al1,107,LEU,H,0.75,10.049213,-6.8096924,1
3al1,108,GLU,H,0.75,9.423556,-6.8603725,1
3al1,109,GLU,H,0.75,9.691457,-6.3591514,1
3al1,110,LEU,H,0.75,8.872926,-6.1461096,1
3al1,111,LYS,H,0.75,9.493318,-7.1953325,1
3bcj,2,SER,S,0.78,11.49558,-7.1696177,1
3bcj,3,ARG,E,0.78,21.09051,2.5131183,2
3bcj,4,ILE,E,0.78,19.175272,3.7613945,2
3bcj,5,LEU,E,0.78,17.175072,5.3790298,2
3bcj,6,LEU,-,0.78,17.503979,5.014996,2
3bcj,7,ASN,T,0.78,12.582407,-8.015782,1
3bcj,8,ASN,T,0.78,13.768823,-7.045588,1
3bcj,9,GLY,S,0.78,-0.77209514,14.426981,0
3bcj,10,ALA,-,0.78,20.893229,2.570625,2
3bcj,14,ILE,S,0.78,11.894494,-6.753237,1
3bcj,15,LEU,B,0.78,20.269009,2.1100438,2
3bcj,16,GLY,E,0.78,21.16058,4.0965796,2
3bcj,17,LEU,E,0.78,19.56403,5.518807,2
3bcj,18,GLY,E,0.78,18.948523,5.333424,2
3bcj,19,THR,-,0.78,13.837685,-5.682707,1
3bcj,20,TRP,T,0.78,17.795261,7.073828,2
3bcj,21,LYS,T,0.78,-0.5823727,14.685784,0
3bcj,22,SER,-,0.78,19.037987,1.1478181,2
3bcj,23,PRO,-,0.78,17.345943,5.628854,2
3bcj,24,PRO,H,0.78,11.271489,-7.6879077,1
3bcj,25,GLY,H,0.78,12.489385,-5.8848367,1
3bcj,26,GLN,H,0.78,12.949021,-5.6869774,1
3bcj,27,VAL,H,0.78,11.079049,-6.4258223,1
3bcj,31,VAL,H,0.78,8.556844,-6.2139506,1
3bcj,32,LYS,H,0.78,8.943581,-6.7096395,1
3bcj,33,VAL,H,0.78,8.528328,-6.635804,1
3bcj,34,ALA,H,0.78,10.139193,-4.4787455,1
3bcj,35,ILE,H,0.78,9.245286,-6.7522964,1
3bcj,36,ASP,H,0.78,10.180548,-5.0189905,1
3bcj,37,VAL,H,0.78,11.490667,-6.441756,1
3bcj,38,GLY,T,0.78,-1.0382037,13.805249,0
3bcj,42,ILE,E,0.78,18.840183,3.6106198,2
3bcj,43,ASP,E,0.78,17.457151,2.7374127,2
3bcj,44,CYS,-,0.78,21.212759,5.1762652,2
3bcj,45,ALA,-,0.78,20.022623,4.3838625,2
3bcj,46,HIS,G,0.78,10.490824,-8.030084,1
3bcj,47,VAL,G,0.78,10.533194,-6.1115575,1
3bcj,48,TYR,G,0.78,11.37171,-6.131042,1
3bcj,49,GLN,S,0.78,-0.80552447,14.595422,0
3bcj,50,ASN,-,0.78,12.888779,-5.128117,1
3bcj,51,GLU,H,0.78,10.0159445,-5.9355917,1
3bcj,52,ASN,H,0.78,10.306487,-4.3132014,1
3bcj,53,GLU,H,0.78,9.386034,-6.7773223,1
3bcj,54,VAL,H,0.78,8.544104,-6.9751315,1
3bcj,55,GLY,H,0.78,10.285751,-6.2342854,1
3bcj,56,VAL,H,0.78,8.298064,-6.525939,1
3bcj,57,ALA,H,0.78,10.425082,-4.2330866,1
3bcj,61,LYS,H,0.78,9.529028,-5.9608693,1
3bcj,62,LEU,H,0.78,10.44804,-5.7071743,1
3bcj,63,ARG,H,0.78,10.921662,-4.658162,1
3bcj,64,GLU,T,0.78,12.23267,-6.2952533,1
3bcj,65,GLN,T,0.78,-1.0333431,15.541821,0
3bcj,66,VAL,S,0.78,8.246261,-7.644294,1
3bcj,67,VAL,S,0.78,22.042376,2.6726847,2
3bcj,68,LYS,-,0.78,18.006165,4.3590293,2
3bcj,69,ARG,G,0.78,10.385288,-7.9465437,1
3bcj,70,GLU,G,0.78,10.711986,-6.671905,1
3bcj,71,GLU,G,0.78,12.26698,-5.693468,1
3bcj,72,LEU,-,0.78,20.213587,2.7648344,2
3bcj,73,PHE,E,0.78,17.68481,2.4312801,2
3bcj,74,ILE,E,0.78,19.440632,2.8913121,2
3bcj,75,VAL,E,0.78,20.881144,5.5861444,2
3bcj,76,SER,E,0.78,19.25846,5.149072,2
3bcj,77,LYS,E,0.78,21.768017,4.688095,2
3bcj,78,LEU,E,0.78,18.11285,2.799839,2
3bcj,79,TRP,-,0.78,18.532248,5.395245,2
3bcj,80,CYS,G,0.78,11.904788,-8.6904545,1
3bcj,81,THR,G,0.78,12.495199,-5.8774433,1
3bcj,82,TYR,G,0.78,13.317963,-4.9653482,1
3bcj,83,HIS,-,0.78,11.309915,-5.7328873,1
3bcj,84,GLU,S,0.78,17.988132,6.788201,2
3bcj,85,LYS,H,0.78,11.555622,-5.102331,1
3bcj,86,GLY,H,0.78,13.244919,-7.07668,1
3bcj,87,LEU,H,0.78,12.951177,-5.636371,1
3bcj,88,VAL,H,0.78,10.360853,-6.4217567,1
3bcj,89,LYS,H,0.78,9.153501,-6.5935383,1
3bcj,90,GLY,H,0.78,9.201092,-6.0875497,1
3bcj,91,ALA,H,0.78,10.176934,-4.3142548,1
3bcj,92,CYS,H,0.78,10.137972,-4.5320888,1
3bcj,93,GLN,H,0.78,10.143447,-6.2017117,1
3bcj,94,LYS,H,0.78,8.850384,-6.241372,1
3bcj,95,THR,H,0.78,9.313514,-6.036889,1
3bcj,96,LEU,H,0.78,9.2643585,-7.6716557,1
3bcj,97,SER,H,0.78,8.916581,-6.2845774,1
3bcj,104,LEU,B,0.78,18.450453,3.982639,2
3bcj,105,ASP,S,0.78,12.335098,-8.615763,1
3bcj,106,LEU,E,0.78,21.512897,3.1421938,2
3bcj,107,TYR,E,0.78,18.343426,2.9490228,2
3bcj,108,LEU,E,0.78,20.846724,5.5341105,2
3bcj,109,ILE,E,0.78,16.688044,3.6613166,2
3bcj,110,HIS,S,0.78,10.93558,-7.431719,1
3bcj,111,TRP,-,0.78,21.587786,3.0771074,2
3bcj,112,PRO,S,0.78,11.85977,-7.7186503,1
3bcj,113,THR,-,0.78,19.68595,1.7240065,2
3bcj,114,GLY,-,0.78,17.964706,4.4324007,2
3bcj,115,PHE,B,0.78,20.340302,4.360199,2
3bcj,116,LYS,-,0.78,16.924015,4.81546,2
3bcj,117,PRO,-,0.78,18.0961,5.510569,2
3bcj,118,GLY,S,0.78,22.856966,3.8870404,2
3bcj,119,LYS,S,0.78,11.214299,-7.5701222,1
3bcj,120,GLU,-,0.78,19.736994,1.7341306,2
3bcj,121,PHE,S,0.78,12.239066,-7.798547,1
3bcj,122,PHE,S,0.78,17.967104,1.1586564,2
3bcj,123,PRO,-,0.78,17.9913,5.0088344,2
3bcj,124,LEU,B,0.78,20.826534,5.390067,2
3bcj,125,ASP,-,0.78,17.645973,4.3845315,2
3bcj,126,GLU,T,0.78,11.673692,-7.3211007,1
3bcj,127,SER,T,0.78,13.3383875,-6.6519656,1
3bcj,128,GLY,S,0.78,-1.2525883,14.078779,0
3bcj,139,ASP,H,0.78,10.584301,-5.056687,1
3bcj,140,THR,H,0.78,8.906226,-6.7793593,1
3bcj,141,TRP,H,0.78,8.119541,-6.398245,1
3bcj,142,ALA,H,0.78,10.343322,-4.685876,1
3bcj,143,ALA,H,0.78,10.290717,-4.710774,1
3bcj,144,MET,H,0.78,8.904855,-6.699102,1
3bcj,145,GLU,H,0.78,9.229298,-6.5949616,1
3bcj,146,GLU,H,0.78,8.887032,-5.8384304,1
3bcj,147,LEU,H,0.78,9.374569,-5.950334,1
3bcj,148,VAL,H,0.78,8.233358,-7.556295,1
3bcj,149,ASP,H,0.78,11.717495,-5.7418017,1
3bcj,150,GLU,T,0.78,13.675645,-6.998873,1
3bcj,151,GLY,T,0.78,-1.2537947,14.047388,0
3bcj,152,LEU,S,0.78,12.232094,-6.700469,1
3bcj,153,VAL,B,0.78,21.554266,3.1694145,2
3bcj,154,LYS,S,0.78,12.176201,-7.7752423,1
3bcj,155,ALA,-,0.78,21.294905,2.5345778,2
3bcj,156,ILE,E,0.78,19.728573,4.6388545,2
3bcj,157,GLY,E,0.78,22.469967,4.175541,2
3bcj,158,ILE,E,0.78,21.393686,4.6621423,2
3bcj,159,SER,E,0.78,20.091326,3.954119,2
3bcj,160,ASN,S,0.78,-0.64297247,15.346441,0
3bcj,161,PHE,-,0.78,20.139385,1.9573389,2
3bcj,162,ASN,-,0.78,19.978277,3.5827203,2
3bcj,163,HIS,H,0.78,11.313648,-7.5178275,1
3bcj,164,LEU,H,0.78,10.182938,-6.6123414,1
3bcj,165,GLN,H,0.78,9.164766,-6.2985053,1
3bcj,166,VAL,H,0.78,8.726195,-7.151423,1
3bcj,167,GLU,H,0.78,9.186658,-6.1112714,1
3bcj,168,MET,H,0.78,10.633821,-6.6279593,1
3bcj,169,ILE,H,0.78,9.206065,-6.92532,1
3bcj,170,LEU,H,0.78,10.268384,-6.831757,1
3bcj,174,GLY,T,0.78,-0.34136298,14.876931,0
3bcj,175,LEU,-,0.78,19.63429,1.6452805,2
3bcj,176,LYS,-,0.78,13.586923,-5.0590534,1
3bcj,177,TYR,S,0.78,21.801035,2.3802693,2
3bcj,178,LYS,-,0.78,17.015368,5.635555,2
3bcj,179,PRO,-,0.78,17.645561,5.5144467,2
3bcj,180,ALA,S,0.78,12.34315,-8.690571,1
3bcj,181,VAL,E,0.78,21.516129,5.239919,2
3bcj,182,ASN,E,0.78,17.582516,3.832681,2
3bcj,183,GLN,E,0.78,17.769869,2.6695719,2
3bcj,184,ILE,E,0.78,21.226248,4.690163,2
3bcj,185,GLU,E,0.78,17.0591,4.725229,2
3bcj,186,CYS,-,0.78,19.8296,3.7648714,2
3bcj,187,HIS,B,0.78,20.781975,3.5069413,2
3bcj,188,PRO,T,0.78,11.597654,-7.4475503,1
3bcj,189,TYR,T,0.78,12.494172,-6.9659076,1
3bcj,190,LEU,B,0.78,17.893112,1.3351563,2
3bcj,191,THR,-,0.78,11.360081,-6.741145,1
3bcj,199,CYS,H,0.78,10.798338,-4.1672716,1
3bcj,200,GLN,H,0.78,10.0207,-6.7062488,1
3bcj,201,SER,H,0.78,11.2729,-6.471369,1
3bcj,202,LYS,T,0.78,13.463344,-6.902196,1
3bcj,203,GLY,T,0.78,-1.2290047,14.277621,0
3bcj,204,ILE,P,0.78,21.161196,2.3316376,2
3bcj,205,VAL,E,0.78,17.598625,5.138698,2
3bcj,206,VAL,E,0.78,19.386198,5.7158556,2
3bcj,207,THR,E,0.78,18.22488,3.7261631,2
3bcj,208,ALA,E,0.78,19.49042,4.854417,2
3bcj,209,TYR,E,0.78,18.975492,5.2629766,2
3bcj,210,SER,S,0.78,-1.1814276,15.119765,0
3bcj,211,PRO,T,0.78,11.892775,-7.1963453,1
3bcj,212,LEU,T,0.78,13.045093,-6.5780234,1
3bcj,213,GLY,-,0.78,-1.7031147,14.879464,0
3bcj,214,SER,-,0.78,-1.6711079,15.110453,0
3bcj,215,PRO,T,0.78,11.781772,-6.985521,1
3bcj,216,ASP,T,0.78,13.915078,-7.0008054,1
3bcj,217,ARG,-,0.78,19.327347,1.1934842,2
3bcj,218,PRO,T,0.78,11.522495,-7.4239645,1
3bcj,219,TRP,T,0.78,12.235597,-5.236892,1
3bcj,220,ALA,-,0.78,20.040752,1.4826473,2
3bcj,221,LYS,-,0.78,18.62959,2.6010563,2
3bcj,222,PRO,T,0.78,12.343101,-4.0751195,1
3bcj,223,GLU,T,0.78,12.300953,-4.150297,1
3bcj,224,ASP,S,0.78,16.031805,4.580877,2
3bcj,225,PRO,-,0.78,16.825657,5.024463,2
3bcj,226,SER,-,0.78,18.82932,2.9680493,2
3bcj,227,LEU,G,0.78,10.125956,-7.704226,1
3bcj,228,LEU,G,0.78,11.0316925,-6.164408,1
3bcj,229,GLU,G,0.78,12.89062,-5.4296436,1
3bcj,234,LYS,H,0.78,9.266935,-6.988445,1
3bcj,235,ALA,H,0.78,10.982548,-4.255405,1
3bcj,236,ILE,H,0.78,9.074836,-5.677228,1
3bcj,237,ALA,H,0.78,11.116078,-4.714524,1
3bcj,238,ALA,H,0.78,11.309673,-4.847409,1
3bcj,239,LYS,H,0.78,10.049348,-6.936212,1
3bcj,243,THR,-,0.78,18.246851,5.495589,2
3bcj,244,THR,H,0.78,10.592421,-8.102063,1
3bcj,245,ALA,H,0.78,10.520855,-4.729695,1
3bcj,246,GLN,H,0.78,9.502976,-6.011239,1
3bcj,247,VAL,H,0.78,8.643613,-7.428367,1
3bcj,248,LEU,H,0.78,10.764787,-6.1245894,1
3bcj,249,ILE,H,0.78,8.89329,-6.6959257,1
3bcj,250,ARG,H,0.78,10.564382,-4.8246326,1
3bcj,251,PHE,H,0.78,10.153294,-6.493433,1
3bcj,252,PRO,H,0.78,9.859649,-6.033454,1
3bcj,253,MET,H,0.78,9.360836,-7.0093446,1
3bcj,254,GLN,H,0.78,11.718708,-6.0075407,1
3bcj,255,ARG,T,0.78,13.7315645,-7.0258827,1
3bcj,256,ASN,T,0.78,-0.9434303,15.370364,0
3bcj,257,LEU,-,0.78,20.22973,2.6525872,2
3bcj,258,VAL,E,0.78,17.400515,3.9879658,2
3bcj,259,VAL,E,0.78,19.91976,4.0394816,2
3bcj,260,ILE,-,0.78,13.951449,-4.696021,1
3bcj,261,PRO,-,0.78,20.089111,2.301411,2
3bcj,262,LYS,B,0.78,19.580112,5.584368,2
3bcj,263,SER,-,0.78,21.053207,4.366081,2
3bcj,264,VAL,-,0.78,13.891437,-5.1406627,1
3bcj,265,THR,-,0.78,18.905056,1.4765619,2
3bcj,269,ILE,H,0.78,8.725901,-6.288424,1
3bcj,270,ALA,H,0.78,10.440821,-4.765062,1
3bcj,271,GLU,H,0.78,9.4852295,-7.7712126,1
3bcj,272,ASN,H,0.78,11.073921,-5.304069,1
3bcj,279,GLU,-,0.78,20.242107,5.104157,2
3bcj,280,LEU,-,0.78,17.41542,4.4194794,2
3bcj,281,SER,-,0.78,17.10346,5.5281463,2
3bcj,282,SER,H,0.78,10.700896,-8.178591,1
3bcj,283,GLN,H,0.78,9.200296,-6.9598217,1
3bcj,284,ASP,H,0.78,10.376629,-4.4557214,1
3bcj,285,MET,H,0.78,9.092326,-6.5387707,1
3bcj,286,THR,H,0.78,8.610896,-6.768235,1
3bcj,287,THR,H,0.78,8.161307,-6.5229764,1
3bcj,288,LEU,H,0.78,9.434999,-6.3531146,1
3bcj,289,LEU,H,0.78,9.370297,-7.052806,1
3bcj,290,SER,T,0.78,12.413384,-6.9305134,1
3bcj,291,TYR,T,0.78,12.7543,-6.6523542,1
3bcj,292,ASN,-,0.78,20.194912,1.7254738,2
3bcj,293,ARG,-,0.78,14.062228,-5.570423,1
3bcj,294,ASN,-,0.78,-1.7146941,15.010345,0
3bcj,295,TRP,-,0.78,19.41687,1.5965579,2
3bcj,296,ARG,-,0.78,19.939995,5.0940585,2
3bcj,297,VAL,S,0.78,8.22434,-7.6837053,1
3bcj,298,CYS,-,0.78,19.55254,3.1452296,2
3bcj,299,ALA,-,0.78,12.840862,-5.1975136,1
3bcj,300,LEU,-,0.78,-1.5829802,15.017246,0
3bcj,301,LEU,G,0.78,12.015142,-5.0641084,1
3bcj,302,SER,G,0.78,11.634558,-6.841052,1
3bcj,303,CYS,G,0.78,13.83427,-6.6128573,1
3bcj,304,THR,T,0.78,11.772227,-6.8199725,1
3bcj,305,SER,T,0.78,12.317009,-6.9756327,1
3bcj,306,HIS,S,0.78,17.507025,5.7136526,2
3bcj,307,LYS,T,0.78,11.598226,-7.423651,1
3bcj,308,ASP,T,0.78,13.853305,-7.0613484,1
3bcj,309,TYR,-,0.78,19.081371,1.0379065,2
3bcj,310,PRO,T,0.78,11.494295,-7.408717,1
3bcj,311,PHE,T,0.78,11.772271,-6.612953,1
3bcj,312,HIS,S,0.78,11.827868,-6.471192,1
3bcj,313,GLU,S,0.78,15.899202,4.5765657,2
3bcj,314,GLU,-,0.78,12.227392,-4.3537607,1
3d43,6,ILE,S,0.8,18.16968,1.2688926,2
3d43,7,PRO,-,0.8,17.794842,5.390708,2
3d43,8,TRP,H,0.8,11.292109,-6.935359,1
3d43,9,GLY,H,0.8,8.876169,-5.844806,1
3d43,10,ILE,H,0.8,8.988234,-6.2237535,1
3d43,11,LYS,H,0.8,10.204319,-6.6141725,1
3d43,12,ALA,H,0.8,10.751861,-4.944897,1
3d43,13,ILE,H,0.8,9.948703,-6.5317693,1
3d43,14,TYR,H,0.8,11.899457,-5.1374383,1
3d43,15,ASN,T,0.8,-0.9860007,15.480995,0
3d43,16,ASN,-,0.8,19.599491,3.1130266,2
3d43,17,ASP,T,0.8,12.212592,-7.8698854,1
3d43,18,THR,T,0.8,11.966455,-6.1987705,1
3d43,19,LEU,-,0.8,18.67542,1.9677969,2
3d43,20,THR,-,0.8,13.413573,-5.1590357,1
3d43,21,SER,-,0.8,21.468706,3.3837593,2
3d43,22,THR,-,0.8,20.156395,3.8288934,2
3d43,23,THR,-,0.8,20.578127,4.084682,2
3d43,24,GLY,-,0.8,22.878334,3.9127352,2
3d43,25,GLY,-,0.8,-1.064652,14.78016,0
3d43,26,SER,T,0.8,18.035187,6.72549,2
3d43,27,GLY,T,0.8,-0.5054222,14.636522,0
3d43,28,ILE,-,0.8,20.316961,2.283106,2
3d43,29,ASN,E,0.8,19.06365,4.5361376,2
3d43,30,ILE,E,0.8,17.710415,3.0596538,2
3d43,31,ALA,E,0.8,17.910395,3.0187538,2
3d43,32,VAL,E,0.8,17.520641,2.8250961,2
3d43,33,LEU,E,0.8,18.062103,2.6062298,2
3d43,34,ASP,E,0.8,20.838291,4.355568,2
3d43,35,THR,S,0.8,12.388887,-7.6101155,1
3d43,44,LEU,T,0.8,12.88788,-5.9264164,1
3d43,45,VAL,T,0.8,10.21814,-6.284532,1
3d43,46,ASN,T,0.8,12.468655,-6.6690507,1
3d43,51,CYS,E,0.8,18.440578,2.6147597,2
3d43,52,LYS,E,0.8,21.692436,4.4192963,2
3d43,53,ASP,E,0.8,19.80746,3.3462842,2
3d43,54,PHE,-,0.8,13.744508,-5.061148,1
3d43,55,THR,S,0.8,12.818868,-6.2213745,1
3d43,56,GLY,S,0.8,21.19843,3.1709478,2
3d43,57,ALA,S,0.8,12.089786,-5.113412,1
3d43,58,THR,S,0.8,21.640293,2.5856888,2
3d43,62,ASN,E,0.8,18.347399,5.176757,2
3d43,63,ASN,T,0.8,-0.7198801,15.428931,0
3d43,68,ARG,S,0.8,13.567324,-6.5344305,1
3d43,69,ASN,S,0.8,12.978432,-5.638736,1
3d43,70,GLY,S,0.8,-0.87722653,14.26139,0
3d43,71,HIS,H,0.8,10.281858,-6.3480797,1
3d43,72,GLY,H,0.8,9.8095875,-6.61508,1
3d43,73,THR,H,0.8,8.365626,-6.528442,1
3d43,74,HIS,H,0.8,9.070385,-7.282216,1
3d43,75,VAL,H,0.8,8.167581,-6.52232,1
3d43,76,ALA,H,0.8,10.617487,-4.104161,1
3d43,77,GLY,H,0.8,10.943965,-5.765918,1
3d43,78,THR,H,0.8,9.216118,-5.793014,1
3d43,79,ALA,H,0.8,10.0281515,-4.923532,1
3d43,80,LEU,H,0.8,13.726925,-6.205959,1
3d43,81,ALA,-,0.8,19.599913,1.1763008,2
3d43,82,ASP,B,0.8,13.836182,-5.524824,1
3d43,83,GLY,-,0.8,-1.6662633,14.816711,0
3d43,84,GLY,-,0.8,23.062332,3.8115675,2
3d43,85,SER,T,0.8,12.367279,-7.766361,1
3d43,86,ASP,T,0.8,13.897844,-7.01022,1
3d43,87,GLN,S,0.8,-1.3244196,14.582174,0
3d43,88,ALA,-,0.8,12.792583,-5.229081,1
3d43,92,GLY,-,0.8,18.062014,4.5284276,2
3d43,93,VAL,S,0.8,11.278899,-7.4425664,1
3d43,94,ALA,-,0.8,17.976366,1.2767144,2
3d43,95,PRO,T,0.8,11.331903,-6.397735,1
3d43,96,ASP,T,0.8,12.0168495,-6.5131807,1
3d43,100,TRP,E,0.8,17.777235,3.7520242,2
3d43,101,ALA,E,0.8,17.843508,3.5720468,2
3d43,102,TYR,E,0.8,18.562265,2.4541876,2
3d43,103,LYS,E,0.8,17.667269,2.5230372,2
3d43,104,VAL,-,0.8,13.68619,-5.1295114,1
3d43,105,LEU,B,0.8,20.496016,2.4335232,2
3d43,106,LEU,-,0.8,18.247757,5.438659,2
3d43,107,ASP,T,0.8,12.255686,-8.006085,1
3d43,108,SER,T,0.8,11.310743,-5.785912,1
3d43,109,GLY,S,0.8,-1.174435,14.263825,0
3d43,113,SER,H,0.8,11.021132,-7.5969644,1
3d43,114,ASP,H,0.8,11.376673,-4.987131,1
3d43,115,ASP,H,0.8,10.562518,-4.0656414,1
3d43,116,ILE,H,0.8,8.954021,-6.5899906,1
3d43,117,ALA,H,0.8,10.353296,-4.378774,1
3d43,118,ALA,H,0.8,10.608554,-4.309685,1
3d43,119,ALA,H,0.8,10.738484,-4.950468,1
3d43,120,ILE,H,0.8,8.940694,-5.7689586,1
3d43,124,ALA,H,0.8,10.307194,-4.517991,1
3d43,125,ASP,H,0.8,10.452383,-4.669602,1
3d43,126,GLN,H,0.8,9.548456,-5.8274674,1
3d43,127,ALA,H,0.8,10.005432,-4.3801413,1
3d43,128,THR,H,0.8,11.208072,-5.428347,1
3d43,129,ALA,H,0.8,10.604181,-4.1418905,1
3d43,130,THR,H,0.8,12.372459,-6.234966,1
3d43,134,THR,E,0.8,21.613195,4.7197804,2
3d43,135,ILE,E,0.8,18.693483,3.4802747,2
3d43,136,ILE,E,0.8,18.029602,3.25857,2
3d43,137,SER,E,0.8,18.36908,2.663083,2
3d43,138,MET,E,0.8,18.70247,2.6896777,2
3d43,139,SER,-,0.8,17.149576,2.941688,2
3d43,148,LEU,H,0.8,8.745317,-6.786361,1
3d43,153,VAL,H,0.8,8.543414,-6.3645034,1
3d43,154,ASN,H,0.8,10.202003,-4.388687,1
3d43,155,TYR,H,0.8,8.216993,-6.5983114,1
3d43,156,ALA,H,0.8,9.673309,-5.2050095,1
3d43,161,VAL,-,0.8,20.070555,2.0495443,2
3d43,162,LEU,E,0.8,17.04959,4.5955596,2
3d43,163,ILE,E,0.8,18.625063,3.151152,2
3d43,164,VAL,E,0.8,18.476269,2.9541414,2
3d43,165,ALA,E,0.8,20.451435,4.2839174,2
3d43,166,ALA,E,0.8,18.294073,5.076153,2
3d43,167,ALA,-,0.8,10.36704,-8.001878,1
3d43,168,GLY,-,0.8,22.789717,3.8999817,2
3d43,176,THR,-,0.8,12.275167,-5.5933394,1
3d43,177,ILE,-,0.8,19.721407,1.7430738,2
3d43,178,GLY,-,0.8,19.677628,4.9554048,2
3d43,179,TYR,B,0.8,0.83149946,20.306389,0
3d43,180,PRO,T,0.8,-9.751623,-2.9744143,-1
3d43,181,GLY,T,0.8,12.175253,-7.1148934,1
3d43,182,ALA,T,0.8,11.803224,-6.214435,1
3d43,183,LEU,S,0.8,17.521414,6.5534973,2
3d43,184,PRO,T,0.8,12.104542,-7.719829,1
3d43,185,ASN,T,0.8,12.533937,-6.639416,1
3d43,186,ALA,S,0.8,21.684364,2.662053,2
3d43,187,ILE,E,0.8,17.45897,3.1352823,2
3d43,188,ALA,E,0.8,17.744293,3.2809484,2
3d43,189,VAL,E,0.8,18.892694,2.7639692,2
3d43,190,ALA,E,0.8,19.94977,3.5452194,2
3d43,191,ALA,E,0.8,19.921387,5.107882,2
3d43,192,LEU,E,0.8,19.392906,5.137838,2
3d43,193,GLU,E,0.8,18.910513,3.857877,2
3d43,194,ASN,E,0.8,17.356379,2.0649028,2
3d43,195,VAL,E,0.8,21.393991,2.8845856,2
3d43,198,ASN,T,0.8,-0.6674419,15.363952,0
3d43,199,GLY,T,0.8,-1.0300093,14.043424,0
3d43,200,THR,E,0.8,20.647392,3.9333441,2
3d43,201,TYR,E,0.8,17.549995,5.285162,2
3d43,202,ARG,E,0.8,19.275648,5.054951,2
3d43,203,VAL,E,0.8,17.282774,4.815492,2
3d43,204,ALA,P,0.8,18.3214,5.061385,2
3d43,205,ASP,T,0.8,12.432385,-8.204016,1
3d43,206,TYR,T,0.8,11.958185,-5.5071034,1
3d43,207,SER,S,0.8,17.918114,6.5751867,2
3d43,208,SER,P,0.8,18.063648,6.3202577,2
3d43,209,ARG,P,0.8,20.01685,5.036727,2
3d43,210,GLY,-,0.8,18.900473,5.3347206,2
3d43,211,TYR,-,0.8,20.283403,3.9403622,2
3d43,217,ASP,S,0.8,13.368489,-6.5611544,1
3d43,218,TYR,S,0.8,-1.1655276,15.103602,0
3d43,219,VAL,S,0.8,18.41154,1.3949683,2
3d43,220,ILE,-,0.8,20.109415,3.0880888,2
3d43,221,GLN,-,0.8,18.90571,4.355537,2
3d43,222,GLU,T,0.8,17.933567,4.8840146,2
3d43,223,GLY,T,0.8,-0.55820614,14.648773,0
3d43,224,ASP,-,0.8,20.10299,2.727738,2
3d43,225,ILE,-,0.8,17.433937,4.2160716,2
3d43,229,ALA,E,0.8,20.11642,4.2976847,2
3d43,230,PRO,E,0.8,17.713058,5.3323183,2
3d43,231,GLY,-,0.8,13.817327,-5.5607,1
3d43,232,SER,S,0.8,18.006844,6.740403,2
3d43,233,SER,S,0.8,-0.89956117,15.147353,0
3d43,234,VAL,E,0.8,19.17239,2.3123093,2
3d43,235,TYR,E,0.8,17.53022,4.779461,2
3d43,236,SER,E,0.8,21.324038,3.9967833,2
3d43,237,THR,E,0.8,19.092289,3.923413,2
3d43,238,TRP,-,0.8,19.86982,4.1941767,2
3d43,239,TYR,B,0.8,11.341641,-7.056414,1
3d43,244,ASN,E,0.8,21.227488,4.0460353,2
3d43,245,THR,E,0.8,18.965319,3.2979302,2
3d43,246,ILE,E,0.8,20.037722,4.4065204,2
3d43,247,SER,-,0.8,20.615969,5.062594,2
3d43,248,GLY,S,0.8,21.781368,4.168318,2
3d43,249,THR,H,0.8,11.039343,-7.1360116,1
3d43,250,SER,H,0.8,8.752678,-7.0822167,1
3d43,251,MET,H,0.8,9.308922,-7.156655,1
3d43,252,ALA,H,0.8,9.809508,-4.6108136,1
3d43,253,THR,H,0.8,10.253935,-6.3906875,1
3d43,254,PRO,H,0.8,11.057734,-6.1156106,1
3d43,255,HIS,H,0.8,8.674627,-6.910346,1
3d43,259,LEU,H,0.8,9.389097,-7.630642,1
3d43,260,ALA,H,0.8,10.591746,-4.8853946,1
3d43,261,ALA,H,0.8,10.077902,-4.6698318,1
3d43,262,LYS,H,0.8,10.322211,-5.655642,1
3d43,263,ILE,H,0.8,8.9816475,-5.697741,1
3d43,271,SER,-,0.8,16.99016,5.42741,2
3d43,281,GLU,H,0.8,11.354228,-6.0466113,1
3d43,282,ARG,H,0.8,10.202821,-4.2659917,1
3d43,283,ALA,H,0.8,11.281506,-5.0202928,1
3d43,284,LYS,H,0.8,9.93497,-6.751521,1
3d43,285,SER,T,0.8,11.804842,-6.3227253,1
3d43,286,VAL,S,0.8,17.865818,1.5633245,2
3d43,291,GLY,S,0.8,22.97756,3.8688705,2
3d43,292,TYR,T,0.8,17.887709,6.3768783,2
3d43,293,GLY,T,0.8,-0.4855294,14.626195,0
3d43,294,ALA,-,0.8,19.86182,1.2414156,2
3d43,295,ALA,-,0.8,20.316038,4.048677,2
3d43,296,ILE,S,0.8,17.530134,5.1183214,2
3d43,297,GLY,S,0.8,23.24315,3.8760102,2
3d43,298,ASP,S,0.8,18.260893,4.4518576,2
3d43,299,ASP,B,0.8,20.361286,4.2893124,2
3d43,300,TYR,T,0.8,11.916875,-7.115172,1
3d43,301,ALA,T,0.8,10.216,-4.551778,1
3d43,302,SER,T,0.8,12.989906,-6.077826,1
3d43,303,GLY,B,0.8,23.402594,3.8953657,2
3d43,304,PHE,T,0.8,11.999483,-7.409764,1
3d43,305,GLY,E,0.8,22.502172,4.0635076,2
3d43,306,PHE,E,0.8,18.89013,3.211356,2
3mfj,17,VAL,B,0.8,18.68749,3.1772122,2
3mfj,18,GLY,S,0.8,-0.2755239,14.922712,0
3mfj,19,GLY,-,0.8,21.041685,2.9344466,2
3mfj,20,TYR,E,0.8,20.529608,4.08807,2
3mfj,21,THR,E,0.8,17.004356,4.83356,2
3mfj,22,CYS,-,0.8,10.142298,-7.900888,1
3mfj,23,GLY,-,0.8,23.14978,3.7310257,2
3mfj,24,ALA,T,0.8,18.261753,6.373534,2
3mfj,25,ASN,T,0.8,-0.57741797,15.165734,0
3mfj,26,THR,S,0.8,12.695248,-6.7539296,1
3mfj,27,VAL,S,0.8,17.882149,1.161906,2
3mfj,28,PRO,T,0.8,11.588958,-7.2539425,1
3mfj,29,TYR,T,0.8,12.982967,-6.7136908,1
3mfj,30,GLN,E,0.8,20.023216,1.6537185,2
3mfj,31,VAL,E,0.8,20.541304,4.59547,2
3mfj,32,SER,E,0.8,18.166477,3.6925519,2
3mfj,33,LEU,E,0.8,17.351515,2.852321,2
3mi4,17,VAL,B,0.8,18.644117,3.1664543,2
3mi4,18,GLY,S,0.8,-0.29183456,14.908403,0
3mi4,19,GLY,-,0.8,21.069202,2.9362657,2
3mi4,20,TYR,E,0.8,20.538294,4.0092754,2
3mi4,21,THR,E,0.8,17.064793,4.7295136,2
3mi4,22,CYS,-,0.8,10.140297,-7.9138203,1
3mi4,23,GLY,-,0.8,23.127016,3.7289386,2
3mi4,24,ALA,T,0.8,18.272526,6.3674417,2
3mi4,25,ASN,T,0.8,-0.5586986,15.129286,0
3mi4,26,THR,S,0.8,12.656294,-6.686768,1
3mi4,27,VAL,S,0.8,17.879011,1.1585318,2
3mi4,28,PRO,T,0.8,11.623292,-7.2589626,1
3mi4,29,TYR,T,0.8,12.980402,-6.7141466,1
3mi4,30,GLN,E,0.8,20.073795,1.7006143,2
3mi4,31,VAL,E,0.8,20.54469,4.5993094,2
3mi4,32,SER,E,0.8,18.171303,3.785081,2
3mi4,33,LEU,E,0.8,17.357439,2.8395228,2
3nir,4,CYS,-,0.48,19.034443,4.5698123,2
3nir,5,PRO,S,0.48,11.678274,-9.011554,1
3nir,10,ARG,H,0.48,11.306806,-9.6045475,1
3nir,15,VAL,H,0.48,11.203403,-9.549339,1
3nir,16,CYS,H,0.48,11.312338,-9.612975,1
3nir,17,ARG,H,0.48,11.430613,-9.518863,1
3w5h,1002,THR,-,0.78,16.462074,4.56739,2
3w5h,1003,PRO,P,0.78,17.279514,5.9176707,2
3w5h,1004,ALA,P,0.78,18.39378,4.383873,2
3w5h,1005,ILE,B,0.78,16.972757,5.2784314,2
3w5h,1006,THR,S,0.78,11.161518,-7.3614354,1
3w5h,1007,LEU,-,0.78,18.03388,1.532436,2
3w5h,1008,GLU,-,0.78,10.90418,-6.5687833,1
3w5h,1009,ASN,-,0.78,18.62782,1.6283125,2
3w5h,1010,PRO,T,0.78,12.039229,-7.351282,1
3w5h,1011,ASP,T,0.78,11.936273,-6.1103883,1
3w5h,1012,ILE,-,0.78,19.031572,1.9459581,2
3w5h,1013,LYS,-,0.78,17.217829,4.968772,2
3w5h,1014,TYR,E,0.78,18.709736,2.3520646,2
3w5h,1015,PRO,E,0.78,17.70288,4.898793,2
3w5h,1016,LEU,E,0.78,20.065792,3.2570493,2
3w5h,1017,ARG,E,0.78,17.9214,4.5810738,2
3w5h,1018,LEU,E,0.78,17.974636,3.8505542,2
3w5h,1019,ILE,E,0.78,13.663758,-5.5747504,1
3w5h,1020,ASP,E,0.78,21.0365,2.519318,2
3w5h,1021,LYS,E,0.78,19.0777,3.0712333,2
3w5h,1022,GLU,E,0.78,18.340452,3.9548264,2
3w5h,1023,VAL,E,0.78,17.01954,3.647002,2
3w5h,1024,VAL,E,0.78,8.880665,-6.6366525,1
3w5h,1025,ASN,E,0.78,20.824306,3.3255312,2
3w5h,1026,HIS,T,0.78,11.378508,-6.564564,1
3w5h,1027,ASP,T,0.78,11.875084,-6.333065,1
3w5h,1028,THR,E,0.78,21.258198,3.0534365,2
3w5h,1029,ARG,E,0.78,20.729904,4.55608,2
3w5h,1030,ARG,E,0.78,17.55336,3.7401624,2
3w5h,1031,PHE,E,0.78,18.90789,3.1914191,2
3w5h,1032,ARG,E,0.78,19.072136,4.173295,2
3w5h,1033,PHE,E,0.78,20.094408,3.7705855,2
3w5h,1034,ALA,E,0.78,19.015236,5.0948267,2
3w5h,1035,LEU,-,0.78,17.55272,4.480532,2
3w5h,1036,PRO,S,0.78,11.612595,-7.3095303,1
3w5h,1037,SER,S,0.78,21.989973,2.7031214,2
3w5h,1038,PRO,T,0.78,11.604604,-7.8256626,1
3w5h,1039,GLU,T,0.78,13.609296,-6.945416,1
3w5h,1040,HIS,-,0.78,20.155046,2.7875,2
3w5h,1041,ILE,B,0.78,18.266438,4.0708528,2
3w5h,1042,LEU,-,0.78,10.255519,-7.8161087,1
3w5h,1043,GLY,-,0.78,-1.6428496,14.897394,0
3w5h,1044,LEU,-,0.78,18.652948,2.1113968,2
3w5h,1045,PRO,-,0.78,20.03041,2.9222596,2
3w5h,1046,VAL,T,0.78,17.894447,6.2906938,2
3w5h,1047,GLY,T,0.78,-0.4910954,14.526721,0
3w5h,1048,GLN,-,0.78,21.104399,3.6401908,2
3w5h,1049,HIS,E,0.78,20.906534,4.1954246,2
3w5h,1053,SER,E,0.78,21.015066,3.983698,2
3w5h,1054,ALA,E,0.78,20.767263,4.486875,2
3w5h,1055,ARG,E,0.78,17.291338,3.6488543,2
3w5h,1056,ILE,E,0.78,18.466248,2.4246893,2
3w5h,1057,ASP,T,0.78,-0.6552513,15.377272,0
3w5h,1058,GLY,T,0.78,-1.0126767,14.04033,0
3w5h,1059,ASN,E,0.78,21.00588,2.4313977,2
3w5h,1060,LEU,E,0.78,18.397213,4.8545775,2
3w5h,1061,VAL,E,0.78,18.82901,3.2275715,2
3w5h,1062,ILE,E,0.78,18.760233,2.6162877,2
3w5h,1063,ARG,E,0.78,20.080889,4.3657556,2
3w5h,1064,PRO,E,0.78,19.507444,5.5225677,2
3w5h,1065,TYR,E,0.78,20.861845,4.3337817,2
3w5h,1066,THR,-,0.78,17.235786,4.2718587,2
3w5h,1069,SER,S,0.78,20.875017,2.7764766,2
3w5h,1070,SER,-,0.78,20.789225,3.8250637,2
3w5h,1071,ASP,T,0.78,12.379229,-7.8598285,1
3w5h,1072,ASP,T,0.78,11.628356,-5.0074897,1
3w5h,1076,PHE,E,0.78,21.792158,3.9887788,2
3w5h,1077,VAL,E,0.78,19.39288,3.4438164,2
3w5h,1078,ASP,E,0.78,19.62235,4.790143,2
3w5h,1079,LEU,E,0.78,19.04085,3.701548,2
3w5h,1080,VAL,E,0.78,17.77781,3.197325,2
3w5h,1081,ILE,E,0.78,20.847656,5.215224,2
3w5h,1082,LYS,E,0.78,17.458603,3.540905,2
3w5h,1086,LYS,T,0.78,17.697557,6.0727787,2
3w5h,1087,ASP,T,0.78,-0.6267919,15.2008915,0
3w5h,1090,PRO,T,0.78,11.76327,-6.7253575,1
3w5h,1091,LYS,T,0.78,11.843095,-6.399134,1
3w5h,1092,PHE,-,0.78,17.903399,1.3602057,2
3w5h,1093,PRO,T,0.78,11.604936,-6.792196,1
3w5h,1094,ALA,T,0.78,11.893989,-6.5234947,1
3w5h,1097,LYS,H,0.78,11.221933,-6.3814416,1
3w5h,1098,MET,H,0.78,10.375893,-6.6665397,1
3w5h,1099,SER,H,0.78,10.167121,-6.372148,1
3w5h,1100,GLN,H,0.78,9.397185,-5.7590456,1
3w5h,1101,TYR,H,0.78,8.37168,-6.5171194,1
3w5h,1102,LEU,H,0.78,9.214039,-6.021386,1
3w5h,1106,LYS,P,0.78,17.376293,5.991725,2
3w5h,1107,ILE,T,0.78,17.828192,6.1608143,2
3w5h,1108,GLY,T,0.78,-0.5116952,14.480856,0
3w5h,1109,ASP,-,0.78,20.129557,1.4878831,2
3w5h,1110,THR,E,0.78,20.247107,5.063467,2
3w5h,1111,ILE,E,0.78,21.22111,3.9285448,2
3w5h,1112,GLU,E,0.78,20.029625,3.0035877,2
3w5h,1116,PRO,E,0.78,-9.751601,-2.9743872,-1
3w5h,1117,ASN,E,0.78,20.217669,4.2403207,2
3w5h,1118,GLY,-,0.78,21.59247,3.9760845,2
3w5h,1119,LEU,S,0.78,12.023699,-7.5382466,1
3w5h,1120,LEU,E,0.78,20.46305,2.4789004,2
3w5h,1121,VAL,E,0.78,18.72229,3.4395428,2
3w5h,1122,TYR,E,0.78,17.826721,3.2437181,2
3w5h,1123,GLN,E,0.78,12.101338,-5.1298456,1
3w5h,1124,GLY,E,0.78,22.725801,3.7398844,2
3w5h,1125,LYS,T,0.78,-0.6481796,15.367168,0
3w5h,1126,GLY,T,0.78,-1.2212288,13.988038,0
3w5h,1127,LYS,E,0.78,19.865747,1.97659,2
3w5h,1128,PHE,E,0.78,19.031033,3.2001333,2
3w5h,1129,ALA,E,0.78,17.692793,3.0592518,2
3w5h,1130,ILE,E,0.78,19.20198,3.0336945,2
3w5h,1131,ARG,-,0.78,18.09562,4.83859,2
3w5h,1132,PRO,S,0.78,11.441579,-5.212215,1
3w5h,1133,ASP,S,0.78,21.989105,3.11922,2
3w5h,1134,LYS,T,0.78,12.285544,-4.2378845,1
3w5h,1135,LYS,T,0.78,12.3288965,-4.0400314,1
3w5h,1142,THR,E,0.78,19.217093,3.2685888,2
3w5h,1143,VAL,-,0.78,20.496899,3.8922172,2
3w5h,1149,ILE,E,0.78,18.22032,3.1867516,2
3w5h,1150,ALA,E,0.78,19.553953,4.3927774,2
3w5h,1151,GLY,E,0.78,18.506699,3.9563243,2
3w5h,1152,GLY,G,0.78,23.501423,3.884126,2
3w5h,1155,ILE,H,0.78,12.866644,-5.644528,1
3w5h,1156,THR,H,0.78,11.043022,-6.216522,1
3w5h,1157,PRO,H,0.78,9.084975,-6.439199,1
3w5h,1158,MET,H,0.78,9.185411,-7.5122657,1
3w5h,1159,LEU,H,0.78,9.554347,-7.275412,1
3w5h,1160,GLN,H,0.78,9.408464,-6.8438067,1
3w5h,1161,VAL,H,0.78,8.41669,-6.550533,1
3w5h,1162,ILE,H,0.78,9.192528,-7.2300353,1
3w5h,1163,ARG,H,0.78,10.817625,-5.202253,1
3w5h,1164,ALA,H,0.78,10.292992,-4.650147,1
3w5h,1165,ILE,H,0.78,9.222609,-6.4993668,1
3w5h,1166,MET,H,0.78,11.084073,-6.162877,1
3w5h,1167,LYS,T,0.78,11.651141,-6.29899,1
3w5h,1168,ASP,-,0.78,18.751034,1.4604454,2
3w5h,1169,PRO,T,0.78,11.693112,-7.0398417,1
3w5h,1170,ASP,T,0.78,13.826733,-7.04434,1
3w5h,1171,ASP,-,0.78,18.859062,1.4239156,2
3w5h,1172,HIS,-,0.78,13.351526,-5.4013553,1
3w5h,1173,THR,-,0.78,20.084057,2.6938899,2
3w5h,1174,VAL,E,0.78,18.712002,3.2896357,2
3w5h,1175,CYS,E,0.78,19.127213,4.252886,2
3w5h,1176,HIS,E,0.78,17.914446,3.0989807,2
3w5h,1177,LEU,E,0.78,20.022633,3.1346521,2
3w5h,1178,LEU,E,0.78,17.34416,2.8536937,2
3w5h,1179,PHE,E,0.78,19.298481,2.9596393,2
3w5h,1180,ALA,E,0.78,19.938532,3.4165242,2
3w5h,1181,ASN,E,0.78,20.237686,4.2961926,2
3w5h,1182,GLN,S,0.78,10.605889,-7.912315,1
3w5h,1183,THR,S,0.78,22.087564,2.759694,2
3w5h,1184,GLU,G,0.78,10.390304,-8.006306,1
3w5h,1188,LEU,S,0.78,19.210836,5.8066235,2
3w5h,1189,LEU,S,0.78,-0.5991263,15.26562,0
3w5h,1190,ARG,H,0.78,10.289203,-5.234328,1
3w5h,1191,PRO,H,0.78,9.948821,-7.1194715,1
3w5h,1192,GLU,H,0.78,8.950983,-6.251275,1
3w5h,1193,LEU,H,0.78,9.116813,-6.528126,1
3w5h,1194,GLU,H,0.78,10.680402,-6.0134835,1
3w5h,1195,GLU,H,0.78,8.981542,-6.3444552,1
3w5h,1196,LEU,H,0.78,8.977676,-5.7386723,1
3w5h,1197,ARG,H,0.78,10.306753,-4.6669965,1
3w5h,1198,ASN,H,0.78,11.13608,-4.795205,1
3w5h,1199,GLU,H,0.78,11.964333,-5.419272,1
3w5h,1200,HIS,H,0.78,13.156393,-5.0177903,1
3w5h,1201,SER,T,0.78,11.864377,-6.928288,1
3w5h,1207,TRP,E,0.78,21.175354,3.7720382,2
3w5h,1208,TYR,E,0.78,20.140215,5.4992657,2
3w5h,1209,THR,E,0.78,18.201876,3.9978814,2
3w5h,1210,VAL,E,0.78,19.702673,3.8441541,2
3w5h,1211,ASP,S,0.78,12.31677,-8.255958,1
3w5h,1212,ARG,S,0.78,20.953466,2.4015439,2
3w5h,1213,ALA,-,0.78,19.91042,5.0714293,2
3w5h,1214,PRO,-,0.78,16.987709,5.2258654,2
3w5h,1219,TYR,S,0.78,21.941164,2.82071,2
3w5h,1220,SER,E,0.78,20.108358,5.1495724,2
3w5h,1221,GLN,E,0.78,19.573046,3.6924138,2
3w5h,1222,GLY,S,0.78,23.012266,3.9158468,2
3w5h,1223,PHE,S,0.78,18.112734,6.1379995,2
3w5h,1224,VAL,-,0.78,17.640759,5.4150257,2
3w5h,1225,ASN,-,0.78,20.365307,4.2427053,2
3w5h,1226,GLU,H,0.78,11.107342,-7.8086724,1
3w5h,1227,GLU,H,0.78,9.32855,-6.384009,1
3w5h,1228,MET,H,0.78,8.846022,-5.818612,1
3w5h,1229,ILE,H,0.78,9.475129,-6.2859178,1
3w5h,1230,ARG,H,0.78,10.249411,-4.388986,1
3w5h,1231,ASP,H,0.78,11.7735,-5.4096828,1
3w5h,1232,HIS,H,0.78,11.650712,-6.42116,1
3w5h,1233,LEU,S,0.78,21.866924,2.6050694,2
3w5h,1234,PRO,-,0.78,16.924856,5.2593303,2
3w5h,1235,PRO,-,0.78,17.005592,5.378454,2
3w5h,1236,PRO,G,0.78,10.98703,-7.6477065,1
3w5h,1237,GLU,G,0.78,10.967672,-6.6432076,1
3w5h,1238,GLU,G,0.78,12.352745,-5.7276645,1
3w5h,1239,GLU,-,0.78,-1.7003795,14.994295,0
3w5h,1240,PRO,-,0.78,20.188177,2.0825815,2
3w5h,1241,LEU,E,0.78,17.254961,4.058843,2
3w5h,1242,VAL,E,0.78,18.7063,3.2555194,2
3w5h,1243,LEU,E,0.78,18.871042,3.3201382,2
3w5h,1244,MET,E,0.78,20.589087,4.9427943,2
3w5h,1245,CYS,E,0.78,19.31942,3.9557471,2
3w5h,1246,GLY,S,0.78,22.631863,3.7640927,2
3w5h,1247,PRO,-,0.78,16.887402,5.300877,2
3w5h,1248,PRO,H,0.78,11.603861,-6.7783003,1
3w5h,1249,PRO,H,0.78,11.053979,-6.711307,1
3w5h,1250,MET,I,0.78,8.809826,-6.1536074,1
3w5h,1251,ILE,I,0.78,9.3111725,-7.6044936,1
3w5h,1252,GLN,I,0.78,11.245668,-6.2389836,1
3w5h,1253,TYR,I,0.78,12.942576,-5.9607496,1
3w5h,1254,ALA,I,0.78,12.693622,-5.437735,1
3w5h,1255,CYS,I,0.78,10.005911,-4.940174,1
3w5h,1256,LEU,H,0.78,10.994267,-6.0676327,1
3w5h,1257,PRO,H,0.78,10.074425,-7.1177554,1
3w5h,1258,ASN,H,0.78,9.71878,-5.6471233,1
3w5h,1259,LEU,H,0.78,8.776619,-6.838362,1
3w5h,1260,GLU,H,0.78,10.0765295,-6.3725376,1
3w5h,1261,ARG,H,0.78,10.866934,-4.090838,1
3w5h,1262,VAL,H,0.78,8.750767,-5.862373,1
3w5h,1263,GLY,T,0.78,-1.2168471,13.939732,0
3w5h,1271,ALA,E,0.78,19.015043,4.380473,2
3x2m,5,TYR,-,0.64,19.666744,2.3908045,2
3x2m,6,VAL,-,0.64,18.35186,4.0630455,2
3x2m,7,GLN,-,0.64,18.799633,2.8113234,2
3x2m,8,GLN,-,0.64,19.208958,4.370942,2
3x2m,9,ALA,S,0.64,12.068328,-8.400158,1
3x2m,10,THR,E,0.64,21.62828,3.3236446,2
3x2m,11,GLY,E,0.64,22.379272,4.231163,2
3x2m,12,GLN,E,0.64,18.860455,4.4198475,2
3x2m,13,ALA,E,0.64,20.937725,4.812745,2
3x2m,14,SER,E,0.64,18.826977,4.7621374,2
3x2m,15,PHE,E,0.64,20.87123,4.8496356,2
3x2m,21,CYS,-,0.64,12.93003,-5.396455,1
3x2m,25,ALA,T,0.64,12.062044,-8.450509,1
3x2m,26,CYS,T,0.64,12.015402,-9.029523,1
3x2m,30,ALA,B,0.64,19.278866,4.441279,2
3x2m,31,SER,S,0.64,11.728772,-8.535998,1
3x2m,32,GLY,S,0.64,20.632692,2.8420532,2
3x2m,33,PHE,-,0.64,18.357077,5.0814943,2
3x2m,34,THR,E,0.64,21.103153,4.699976,2
3x2m,35,ALA,E,0.64,20.989113,4.6257596,2
3x2m,36,ALA,E,0.64,17.69585,3.9312427,2
3x2m,37,ILE,E,0.64,19.03671,4.600151,2
3x2m,38,ASN,E,0.64,18.75463,5.0244546,2
3x2m,39,GLN,H,0.64,11.715277,-8.670888,1
3x2m,40,LEU,H,0.64,11.389451,-8.754804,1
3x2m,41,ALA,H,0.64,11.723417,-9.072728,1
3x2m,42,PHE,H,0.64,11.001948,-9.251616,1
3x2m,43,GLY,T,0.64,-1.057147,14.270197,0
3x2m,44,SER,S,0.64,21.784773,2.8986979,2
3x2m,45,ALA,-,0.64,18.95848,4.390626,2
3x2m,46,PRO,T,0.64,17.78474,6.2017956,2
3x2m,47,GLY,T,0.64,-0.6107323,14.466835,0
3x2m,48,LEU,S,0.64,13.284875,-6.7866173,1
3x2m,49,GLY,-,0.64,23.218246,3.8896158,2
3x2m,50,ALA,-,0.64,19.032862,5.071064,2
3x2m,51,GLY,-,0.64,18.959713,4.642131,2
3x2m,52,ASP,T,0.64,11.964043,-8.522245,1
3x2m,53,ALA,T,0.64,11.881348,-9.078237,1
3x2m,54,CYS,T,0.64,18.36648,6.226182,2
3x2m,55,GLY,T,0.64,-0.7533446,14.449053,0
3x2m,56,ARG,-,0.64,18.772758,4.9092913,2
3x2m,57,CYS,E,0.64,18.90598,4.272592,2
3x2m,58,PHE,E,0.64,20.879047,4.841527,2
3x2m,59,ALA,E,0.64,17.71679,3.856467,2
3x2m,60,LEU,E,0.64,19.054998,3.8559015,2
3x2m,61,THR,E,0.64,19.316635,4.2790427,2
3x2m,62,GLY,E,0.64,18.509563,4.5404124,2
3x2m,66,PRO,T,0.64,11.741369,-8.543287,1
3x2m,67,TYR,T,0.64,13.035822,-6.866417,1
3x2m,73,GLY,-,0.64,0.8314799,20.306368,0
3x2m,74,PRO,-,0.64,-9.751612,-2.974393,-1
3x2m,75,PHE,-,0.64,18.723623,4.737319,2
3x2m,76,GLY,-,0.64,19.054415,5.2407184,2
3x2m,77,GLN,-,0.64,18.975437,5.225774,2
3x2m,78,THR,-,0.64,18.111744,4.4058847,2
3x2m,79,ILE,E,0.64,20.646336,4.8396955,2
3x2m,80,VAL,E,0.64,18.418772,4.3924546,2
3x2m,81,VAL,E,0.64,20.34951,5.0108223,2
3x2m,82,LYS,E,0.64,18.070286,4.2092443,2
3x2m,83,VAL,E,0.64,18.365822,4.8071256,2
3x2m,84,THR,E,0.64,13.110876,-5.567451,1
3x2m,85,ASP,E,0.64,21.736961,4.3313184,2
3x2m,86,LEU,E,0.64,19.352007,4.128661,2
3x2m,90,GLN,T,0.64,18.312174,6.3657265,2
3x2m,91,GLY,T,0.64,-0.6691565,14.4186325,0
3x2m,92,ASN,-,0.64,13.053709,-5.2476187,1
3x2m,93,GLN,T,0.64,11.417254,-8.1337805,1
3x2m,94,GLU,T,0.64,11.488792,-9.094959,1
3x2m,95,PHE,T,0.64,13.021957,-7.4598436,1
3x2m,96,CYS,S,0.64,13.105917,-7.4802547,1
3x2m,97,GLY,-,0.64,12.808775,-5.57389,1
3x2m,98,GLN,-,0.64,19.6935,2.3882985,2
3x2m,99,THR,-,0.64,19.362228,4.4572177,2
3x2m,100,THR,S,0.64,11.482105,-8.245039,1
3x2m,101,SER,S,0.64,12.923139,-6.9513035,1
3x2m,105,ASN,-,0.64,18.72541,4.586098,2
3x2m,106,GLN,T,0.64,11.744319,-8.157474,1
3x2m,107,HIS,T,0.64,13.425341,-6.674124,1
3x2m,108,GLY,S,0.64,-0.9584902,14.256905,0
3x2m,109,MET,-,0.64,19.586662,2.2981224,2
3x2m,110,PRO,S,0.64,11.801335,-8.524533,1
3x2m,111,PHE,E,0.64,21.583138,3.5006096,2
3x2m,112,HIS,E,0.64,20.63772,4.601849,2
3x2m,113,PHE,E,0.64,18.50382,4.1396427,2
3x2m,114,ASP,E,0.64,17.897175,3.303925,2
3x2m,118,ASP,T,0.64,11.719175,-9.161874,1
3x2m,119,THR,T,0.64,11.726022,-8.456036,1
3x2m,120,GLY,T,0.64,-1.0430176,13.819131,0
3x2m,124,LYS,H,0.64,11.452313,-9.095492,1
3x2m,125,PHE,H,0.64,11.538956,-8.805205,1
3x2m,126,PHE,S,0.64,19.826685,2.3707314,2
3x2m,130,HIS,-,0.64,17.810663,1.5806862,2
3x2m,131,GLY,-,0.64,12.782332,-5.516533,1
3x2m,132,ALA,-,0.64,20.76085,2.6506906,2
3x2m,133,LEU,E,0.64,20.934378,5.031546,2
3x2m,134,THR,E,0.64,18.930761,4.69364,2
3x2m,135,GLY,E,0.64,22.471102,4.1985073,2
3x2m,136,THR,E,0.64,21.067871,4.812905,2
3x2m,140,VAL,E,0.64,20.61581,4.8851175,2
3x2m,141,SER,-,0.64,18.345491,5.2836814,2
3x2m,142,CYS,G,0.64,11.664374,-8.599205,1
3x2m,143,SER,G,0.64,10.810217,-9.232872,1
3x2m,144,GLN,G,0.64,12.623977,-6.3034987,1
3x2m,145,TRP,-,0.64,19.501766,2.3676157,2
3x2m,146,SER,-,0.64,18.205288,4.735118,2
3x2m,147,GLY,-,0.64,22.515934,4.1869903,2
3x2m,148,SER,-,0.64,19.414684,4.293021,2
3x2m,149,ASP,B,0.64,18.924717,5.277804,2
3x2m,150,GLY,P,0.64,18.472124,5.51485,2
3x2m,157,ALA,-,0.64,19.655302,1.2741666,2
3x2m,158,CYS,-,0.64,21.043463,4.8698664,2
3x2m,162,GLU,G,0.64,11.550603,-8.723254,1
3x2m,163,THR,G,0.64,13.000629,-5.508902,1
3x2m,164,ALA,S,0.64,20.441776,2.2310977,2
3x2m,165,PRO,P,0.64,18.011976,5.8387256,2
3x2m,166,ASN,S,0.64,18.706816,5.5864754,2
3x2m,167,TRP,S,0.64,0.83148205,20.30644,0
3x2m,168,PRO,S,0.64,-9.75215,-2.974799,-1
3x2m,169,SER,-,0.64,20.951002,4.338712,2
3x2m,170,THR,-,0.64,20.167042,4.6616797,2
3x2m,171,ALA,S,0.64,13.3229065,-5.976803,1
3x2m,172,CYS,S,0.64,11.981823,-8.998276,1
3x2m,173,GLY,-,0.64,23.180054,3.8197556,2
3x2m,177,THR,-,0.64,20.141117,4.595335,2
3x2m,178,ALA,-,0.64,18.769316,4.953436,2
3x2m,179,PRO,-,0.64,18.247913,5.140201,2
3x34,10,LYS,-,0.76,18.367134,2.781681,2
3x34,11,TYR,E,0.76,21.45897,4.370795,2
3x34,12,TYR,E,0.76,18.35608,3.5431483,2
3x34,13,THR,-,0.76,17.410477,5.6571884,2
3x34,17,ILE,H,0.76,9.9144945,-6.9902344,1
3x34,21,ASN,E,0.76,13.1822605,-5.2976933,1
3x34,22,ASN,E,0.76,20.606274,3.6284423,2
3x34,23,SER,T,0.76,11.313063,-7.1357837,1
3x34,24,LYS,T,0.76,9.207925,-6.27647,1
3x34,25,SER,E,0.76,21.484957,3.1626215,2
3x34,26,THR,E,0.76,19.13553,3.3150616,2
3x34,30,LEU,E,0.76,18.354998,3.4867015,2
3x34,31,HIS,T,0.76,-0.7569624,15.423984,0
3x34,35,TYR,E,0.76,19.194027,3.274215,2
3x34,36,ASP,E,0.76,17.522137,3.1200883,2
3x34,37,LEU,-,0.76,13.615974,-5.199593,1
3x34,41,LEU,G,0.76,9.615636,-5.9881144,1
3x34,45,PRO,T,0.76,11.435234,-6.509297,1
3x34,46,GLY,T,0.76,12.677692,-6.6683683,1
3x34,47,GLY,-,0.76,23.125359,3.8511994,2
3x34,55,ALA,T,0.76,17.88686,6.718849,2
3x34,56,GLY,T,0.76,-0.3867567,14.758953,0
3x34,57,GLY,S,0.76,21.73451,3.5590572,2
3x34,58,ASP,B,0.76,19.225296,4.5470023,2
3x34,59,ALA,-,0.76,13.964195,-5.529822,1
3x34,63,PHE,H,0.76,9.167274,-7.4614863,1
3x34,79,PHE,T,0.76,13.025182,-6.52847,1
3x34,80,ILE,E,0.76,19.901472,1.8570853,2
3x34,81,ILE,E,0.76,13.669754,-5.457023,1
3x34,82,GLY,E,0.76,22.578407,3.7455075,2
3x34,83,GLU,E,0.76,20.521873,3.8267782,2
3x34,84,LEU,E,0.76,17.264328,5.0146008,2
3x34,90,SER,T,0.76,12.197695,-5.2737684,1
4g13,2,AIB,H,0.8,10.061521,-4.5307374,1
4g13,3,AIB,H,0.8,10.0633745,-4.423342,1
4g13,4,AIB,H,0.8,9.881833,-4.5472856,1
4g13,5,VAL,H,0.8,9.0088415,-5.7233377,1
4g13,6,GLY,H,0.8,8.954528,-5.881768,1
4g13,7,LEU,H,0.8,9.694517,-6.692288,1
4g13,8,AIB,H,0.8,10.153627,-4.527967,1
4g13,9,AIB,H,0.8,10.238651,-5.673556,1
4g13,10,HYP,T,0.8,11.943349,-7.1285057,1
4g13,11,GLN,T,0.8,12.397858,-6.6403213,1
4g13,12,DIV,G,0.8,10.084086,-6.1975837,1
4g13,13,HYP,G,0.8,10.556407,-6.1128516,1
4g13,14,AIB,G,0.8,10.21786,-5.2904615,1
4hp2,3,ALA,-,0.64,21.391912,2.7743979,2
4hp2,4,DHA,-,0.64,20.875954,5.2522874,2
4i8g,17,VAL,B,0.8,18.64687,3.146797,2
4i8g,18,GLY,S,0.8,-0.2716009,14.893569,0
4i8g,22,CYS,-,0.8,10.079835,-7.8813024,1
4i8g,23,GLY,-,0.8,23.15753,3.7458785,2
4i8g,24,ALA,T,0.8,18.272545,6.3690286,2
4i8g,25,ASN,T,0.8,-0.5467153,15.196601,0
4i8g,26,THR,S,0.8,12.790064,-6.752396,1
4i8g,27,VAL,S,0.8,17.880087,1.1624708,2
4i8g,28,PRO,T,0.8,11.649662,-7.2303414,1
4i8g,29,TYR,T,0.8,13.045958,-6.690566,1
4i8g,33,LEU,E,0.8,17.345285,2.831364,2
4i8h,17,VAL,B,0.75,18.729994,3.3281868,2
4i8h,18,GLY,S,0.75,-0.25239384,14.915919,0
4i8h,24,ALA,T,0.75,18.297537,6.3646526,2
4i8h,25,ASN,T,0.75,-0.59213275,15.228854,0
4i8h,26,THR,S,0.75,12.673818,-6.741066,1
4i8h,27,VAL,S,0.75,17.841642,1.1719725,2
4i8h,28,PRO,T,0.75,11.629629,-7.2222357,1
4i8h,29,TYR,T,0.75,13.035529,-6.670799,1
4i8h,33,LEU,E,0.75,17.364262,2.831739,2
4lb3,1,ALA,-,0.8,15.936779,4.605343,2
4lb3,2,SER,S,0.8,11.527565,-7.826266,1
4lb3,3,ARG,E,0.8,21.016016,2.4398956,2
4lb3,4,ILE,E,0.8,19.420467,3.75072,2
4lb3,5,LEU,E,0.8,18.463688,4.740785,2
4lb3,6,LEU,-,0.8,19.117884,5.197031,2
4lb3,7,ASN,T,0.8,12.510832,-7.9917393,1
4lb3,8,ASN,T,0.8,13.812412,-6.9915295,1
4lb3,9,GLY,S,0.8,-1.2564971,14.028069,0
4lb3,10,ALA,-,0.8,20.953718,2.3298433,2
4lb3,11,LYS,E,0.8,19.280787,3.7461963,2
4lb3,12,MET,E,0.8,18.969456,2.4494147,2
4lb3,13,PRO,E,0.8,17.76984,5.552689,2
4lb3,14,ILE,S,0.8,12.43412,-7.974449,1
4lb3,15,LEU,B,0.8,20.292318,2.1070993,2
4lb3,16,GLY,-,0.8,21.354124,3.9152029,2
4lb3,17,LEU,E,0.8,19.57506,5.5098825,2
4lb3,18,GLY,E,0.8,18.890852,5.3142357,2
4lb3,19,THR,-,0.8,13.832835,-5.6328773,1
4lb3,20,TRP,T,0.8,17.833717,7.03298,2
4lb3,21,LYS,T,0.8,-0.600451,14.597165,0
4lb3,22,SER,-,0.8,19.139769,1.089342,2
4lb3,23,PRO,-,0.8,17.58616,5.7260523,2
4lb3,24,PRO,H,0.8,11.306152,-7.6118307,1
4lb3,25,GLY,H,0.8,12.087561,-5.799588,1
4lb3,26,GLN,H,0.8,12.96069,-5.497101,1
4lb3,27,VAL,H,0.8,10.902574,-6.3943243,1
4lb3,28,THR,H,0.8,8.200685,-6.744862,1
4lb3,29,GLU,H,0.8,9.903862,-6.457022,1
4lb3,30,ALA,H,0.8,10.471386,-4.1065474,1
4lb3,31,VAL,H,0.8,8.418816,-6.284044,1
4lb3,32,LYS,H,0.8,8.825584,-7.151822,1
4lb3,33,VAL,H,0.8,8.455709,-7.0098796,1
4lb3,34,ALA,H,0.8,10.352091,-4.2460747,1
4lb3,35,ILE,H,0.8,9.368566,-6.8198786,1
4lb3,36,ASP,H,0.8,10.586444,-4.8565073,1
4lb3,37,VAL,H,0.8,11.474771,-6.4902806,1
4lb3,38,GLY,T,0.8,-1.0983137,13.803504,0
4lb3,39,TYR,-,0.8,20.1155,2.2150853,2
4lb3,40,ARG,-,0.8,14.027534,-5.551626,1
4lb3,41,HIS,E,0.8,21.453142,3.0067852,2
4lb3,42,ILE,E,0.8,18.856426,3.5575645,2
4lb3,43,ASP,E,0.8,17.459045,2.725797,2
4lb3,44,CYS,-,0.8,21.247517,5.1499505,2
4lb3,45,ALA,-,0.8,20.024334,4.3464828,2
4lb3,46,HIS,G,0.8,10.461522,-8.056689,1
4lb3,47,VAL,G,0.8,10.603381,-6.1327276,1
4lb3,48,TYR,G,0.8,11.3380785,-6.1338863,1
4lb3,49,GLN,T,0.8,-0.9086785,14.534708,0
4lb3,50,ASN,-,0.8,12.908973,-5.152219,1
4lb3,54,VAL,H,0.8,8.170669,-7.517889,1
4lb3,55,GLY,H,0.8,10.227148,-6.242198,1
4lb3,56,VAL,H,0.8,8.224627,-6.7576566,1
4lb3,57,ALA,H,0.8,10.473317,-4.1744165,1
4lb3,58,ILE,H,0.8,9.249866,-7.6014457,1
4lb3,59,GLN,H,0.8,9.91215,-6.625646,1
4lb3,60,GLU,H,0.8,9.847483,-6.8415647,1
4lb3,61,LYS,H,0.8,9.927483,-6.4393215,1
4lb3,62,LEU,H,0.8,8.972581,-7.0899253,1
4lb3,63,ARG,H,0.8,10.915349,-4.2212415,1
4lb3,64,GLU,T,0.8,13.366671,-6.5060086,1
4lb3,65,GLN,T,0.8,-1.0282068,15.533413,0
4lb3,66,VAL,S,0.8,8.201362,-7.655188,1
4lb3,67,VAL,S,0.8,22.047499,2.6807492,2
4lb3,68,LYS,-,0.8,17.723284,4.423327,2
4lb3,69,ARG,G,0.8,10.321426,-7.993421,1
4lb3,70,GLU,G,0.8,10.747333,-6.683349,1
4lb3,71,GLU,G,0.8,12.249086,-5.6922183,1
4lb3,72,LEU,-,0.8,20.201889,2.5264475,2
4lb3,73,PHE,E,0.8,17.730742,2.3255649,2
4lb3,74,ILE,E,0.8,19.507315,2.917951,2
4lb3,75,VAL,E,0.8,20.881664,5.600783,2
4lb3,76,SER,E,0.8,19.240503,5.1745343,2
4lb3,77,LYS,E,0.8,21.75257,4.7002344,2
4lb3,78,LEU,E,0.8,18.148335,2.7551117,2
4lb3,79,TRP,-,0.8,18.568455,5.4574733,2
4lb3,80,CYS,G,0.8,11.904005,-8.693395,1
4lb3,81,THR,G,0.8,12.514986,-5.853889,1
4lb3,82,TYR,G,0.8,13.261666,-4.9920926,1
4lb3,83,HIS,-,0.8,10.754399,-6.698773,1
4lb3,84,GLU,S,0.8,17.992235,6.7527337,2
4lb3,85,LYS,H,0.8,9.902459,-7.912744,1
4lb3,86,GLY,H,0.8,12.2438755,-5.85485,1
4lb3,87,LEU,H,0.8,13.001065,-5.604006,1
4lb3,88,VAL,H,0.8,10.524741,-6.4820056,1
4lb3,89,LYS,H,0.8,9.951095,-7.0511622,1
4lb3,90,GLY,H,0.8,9.821264,-6.7626534,1
4lb3,91,ALA,H,0.8,10.483033,-4.118076,1
4lb3,95,THR,H,0.8,8.311188,-6.502418,1
4lb3,96,LEU,H,0.8,9.288736,-7.5317154,1
4lb3,97,SER,H,0.8,8.461638,-6.7957034,1
4lb3,98,ASP,H,0.8,10.638601,-4.2729707,1
4lb3,99,LEU,H,0.8,12.40025,-6.4006,1
4lb3,100,LYS,T,0.8,-1.0417902,15.537113,0
4lb3,104,LEU,B,0.8,18.248062,4.0395985,2
4lb3,105,ASP,S,0.8,12.389526,-8.670034,1
4lb3,106,LEU,E,0.8,21.51795,3.0875316,2
4lb3,107,TYR,E,0.8,18.391047,2.952739,2
4lb3,108,LEU,E,0.8,20.80906,5.565295,2
4lb3,109,ILE,E,0.8,16.696274,3.6569777,2
4lb3,110,HIS,S,0.8,10.683778,-7.4836626,1
4lb3,111,TRP,S,0.8,21.899147,2.566238,2
4lb3,112,PRO,S,0.8,11.451877,-7.777495,1
4lb3,113,THR,-,0.8,19.72289,1.7050917,2
4lb3,114,GLY,-,0.8,17.925009,4.4653907,2
4lb3,115,PHE,B,0.8,19.865984,4.1240816,2
4lb3,116,LYS,-,0.8,16.93769,4.756967,2
4lb3,117,PRO,-,0.8,18.109602,5.5362267,2
4lb3,118,GLY,S,0.8,22.825539,3.863826,2
4lb3,119,LYS,S,0.8,11.273285,-7.617149,1
4lb3,120,GLU,-,0.8,19.766544,1.6860088,2
4lb3,121,PHE,S,0.8,12.169136,-7.826795,1
4lb3,122,PHE,S,0.8,17.954699,1.1698624,2
4lb3,123,PRO,-,0.8,17.518148,5.6766524,2
4lb3,124,LEU,B,0.8,20.315125,5.103443,2
4lb3,125,ASP,-,0.8,17.598402,4.508585,2
4lb3,126,GLU,T,0.8,11.522979,-7.4645214,1
4lb3,127,SER,T,0.8,13.176114,-6.750872,1
4lb3,128,GLY,S,0.8,-1.1060039,13.788873,0
4lb3,129,ASN,-,0.8,20.245558,1.4615142,2
4lb3,130,VAL,B,0.8,17.622047,5.4975576,2
4lb3,131,VAL,-,0.8,17.150997,4.567085,2
4lb3,132,PRO,B,0.8,19.84116,5.848729,2
4lb3,133,SER,-,0.8,18.039896,4.0882688,2
4lb3,134,ASP,S,0.8,12.508883,-7.91772,1
4lb3,135,THR,-,0.8,19.744495,2.0153184,2
4lb3,136,ASN,-,0.8,19.416595,4.376428,2
4lb3,137,ILE,H,0.8,11.271701,-7.8091335,1
4lb3,138,LEU,H,0.8,9.913785,-7.0662646,1
4lb3,139,ASP,H,0.8,10.828309,-4.582908,1
4lb3,140,THR,H,0.8,8.244301,-6.8950167,1
4lb3,141,TRP,H,0.8,8.054008,-6.3545485,1
4lb3,142,ALA,H,0.8,10.6087885,-4.330434,1
4lb3,143,ALA,H,0.8,10.562708,-4.38695,1
4lb3,144,MET,H,0.8,8.965667,-7.1180043,1
4lb3,145,GLU,H,0.8,9.255832,-6.814955,1
4lb3,146,GLU,H,0.8,9.741712,-6.6873913,1
4lb3,147,LEU,H,0.8,9.64246,-6.571407,1
4lb3,148,VAL,H,0.8,8.208185,-7.5771546,1
4lb3,149,ASP,H,0.8,11.707562,-5.73329,1
4lb3,150,GLU,T,0.8,13.717732,-6.925462,1
4lb3,151,GLY,T,0.8,-1.1987152,13.945262,0
4lb3,152,LEU,S,0.8,12.252553,-6.6613493,1
4lb3,153,VAL,B,0.8,21.565144,3.151589,2
4lb3,154,LYS,S,0.8,12.192483,-7.8599186,1
4lb3,155,ALA,-,0.8,21.264355,2.5480976,2
4lb3,156,ILE,E,0.8,19.68689,4.767597,2
4lb3,157,GLY,E,0.8,22.461859,4.186325,2
4lb3,158,ILE,E,0.8,21.37873,4.6729217,2
4lb3,159,SER,E,0.8,20.037884,3.8123245,2
4lb3,160,ASN,S,0.8,-0.63970155,15.333522,0
4lb3,161,PHE,-,0.8,20.182129,2.0178878,2
4lb3,162,ASN,-,0.8,17.758255,4.499284,2
4lb3,163,HIS,H,0.8,11.182346,-7.8183427,1
4lb3,164,LEU,H,0.8,10.016411,-6.9626145,1
4lb3,165,GLN,H,0.8,9.504444,-6.73315,1
4lb3,166,VAL,H,0.8,8.212195,-7.266285,1
4lb3,170,LEU,H,0.8,10.468348,-6.9017673,1
4lb3,171,ASN,T,0.8,13.802677,-6.946824,1
4lb3,172,LYS,-,0.8,19.588526,1.6312298,2
4lb3,173,PRO,T,0.8,17.495342,6.1682615,2
4lb3,174,GLY,T,0.8,-0.3734251,14.987103,0
4lb3,175,LEU,-,0.8,19.623167,1.6218896,2
4lb3,176,LYS,-,0.8,13.572962,-5.0336723,1
4lb3,177,TYR,S,0.8,21.857641,2.4519768,2
4lb3,178,LYS,-,0.8,16.949009,5.494406,2
4lb3,179,PRO,-,0.8,17.679605,5.511285,2
4lb3,180,ALA,S,0.8,12.357007,-8.696781,1
4lb3,181,VAL,E,0.8,21.46377,5.1891994,2
4lb3,182,ASN,E,0.8,17.599133,3.8021684,2
4lb3,183,GLN,E,0.8,17.81095,2.6819637,2
4lb3,184,ILE,E,0.8,21.238043,4.701111,2
4lb3,185,GLU,E,0.8,17.028168,4.724893,2
4lb3,186,CYS,-,0.8,19.850027,3.7640913,2
4lb3,187,HIS,B,0.8,20.696253,3.5801084,2
4lb3,188,PRO,T,0.8,11.543957,-7.407321,1
4lb3,189,TYR,T,0.8,12.667852,-6.9247212,1
4lb3,190,LEU,B,0.8,17.82353,1.927034,2
4lb3,191,THR,-,0.8,11.354068,-6.5430627,1
4lb3,195,LEU,H,0.8,10.080511,-7.071243,1
4lb3,196,ILE,H,0.8,9.700414,-6.7979217,1
4lb3,197,GLN,H,0.8,9.874624,-6.819142,1
4lb3,198,TYR,H,0.8,8.446806,-6.79297,1
4lb3,199,CYS,H,0.8,10.59899,-4.15211,1
4lb3,200,GLN,H,0.8,9.997781,-6.8554277,1
4lb3,201,SER,H,0.8,10.557691,-6.8914185,1
4lb3,202,LYS,T,0.8,13.175537,-6.5880075,1
4lb3,203,GLY,T,0.8,-1.2313764,14.216894,0
4lb3,204,ILE,P,0.8,21.435146,2.28165,2
4lb3,205,VAL,E,0.8,17.355822,4.892225,2
4lb3,206,VAL,E,0.8,19.463066,5.717061,2
4lb3,207,THR,E,0.8,18.225002,3.7135205,2
4lb3,208,ALA,E,0.8,19.504784,4.8328032,2
4lb3,209,TYR,E,0.8,19.012535,5.2893066,2
4lb3,210,SER,S,0.8,-1.120708,15.124434,0
4lb3,211,PRO,T,0.8,11.864673,-7.1760826,1
4lb3,212,LEU,T,0.8,13.407813,-6.543975,1
4lb3,213,GLY,-,0.8,-1.7352061,14.8801,0
4lb3,214,SER,-,0.8,-1.5860322,15.162081,0
4lb3,215,PRO,T,0.8,11.718624,-7.280841,1
4lb3,216,ASP,T,0.8,13.940048,-7.023089,1
4lb3,217,ARG,-,0.8,19.420563,1.1594148,2
4lb3,218,PRO,T,0.8,11.50656,-7.4192986,1
4lb3,219,TRP,T,0.8,13.118746,-6.5850816,1
4lb3,220,ALA,-,0.8,20.161423,1.4423007,2
4lb3,221,LYS,-,0.8,16.02937,4.5929337,2
4lb3,222,PRO,T,0.8,12.350905,-4.014672,1
4lb3,223,GLU,T,0.8,12.351082,-4.0129037,1
4lb3,224,ASP,S,0.8,15.919509,4.6002536,2
4lb3,225,PRO,-,0.8,16.34034,4.587815,2
4lb3,226,SER,-,0.8,19.38039,3.567249,2
4lb3,227,LEU,G,0.8,9.924876,-7.893897,1
4lb3,228,LEU,G,0.8,10.49766,-6.814079,1
4lb3,229,GLU,G,0.8,12.931949,-5.3076653,1
4lb3,230,ASP,-,0.8,19.509792,1.3043597,2
4lb3,231,PRO,H,0.8,11.280372,-7.6764207,1
4lb3,232,ARG,H,0.8,10.717,-4.1427884,1
4lb3,233,ILE,H,0.8,8.886969,-7.2731466,1
4lb3,234,LYS,H,0.8,9.223691,-7.0587635,1
4lb3,235,ALA,H,0.8,10.976559,-4.157004,1
4lb3,236,ILE,H,0.8,8.875674,-7.1881685,1
4lb3,237,ALA,H,0.8,10.693607,-4.191333,1
4lb3,238,ALA,H,0.8,11.031639,-4.218396,1
4lb3,239,LYS,H,0.8,9.498757,-7.762906,1
4lb3,246,GLN,H,0.8,9.657253,-6.5648518,1
4lb3,247,VAL,H,0.8,8.386834,-7.1460624,1
4lb3,248,LEU,H,0.8,10.509164,-6.1643043,1
4lb3,249,ILE,H,0.8,8.938223,-7.2142186,1
4lb3,250,ARG,H,0.8,10.571528,-4.339906,1
4lb3,251,PHE,H,0.8,10.102734,-6.4786935,1
4lb3,252,PRO,H,0.8,9.95447,-6.026681,1
4lb3,253,MET,H,0.8,9.339374,-7.0336246,1
4lb3,254,GLN,H,0.8,11.698687,-5.902443,1
4lb3,258,VAL,E,0.8,17.4033,3.966482,2
4lb3,259,VAL,E,0.8,19.892458,3.9923418,2
4lb3,260,ILE,-,0.8,13.964025,-4.6781764,1
4lb3,261,PRO,-,0.8,20.09178,2.2145805,2
4lb3,262,LYS,B,0.8,19.663803,5.595603,2
4lb3,263,SER,-,0.8,21.04753,4.364303,2
4lb3,264,VAL,-,0.8,13.861549,-5.133272,1
4lb3,265,THR,-,0.8,19.18672,1.2988883,2
4lb3,266,PRO,H,0.8,11.2230015,-7.516087,1
4lb3,267,GLU,H,0.8,9.766703,-6.944909,1
4lb3,268,ARG,H,0.8,10.766872,-4.5016046,1
4lb3,269,ILE,H,0.8,8.589061,-6.9382567,1
4lb3,270,ALA,H,0.8,10.722011,-4.3985476,1
4lb3,271,GLU,H,0.8,9.445346,-7.7723126,1
4lb3,272,ASN,H,0.8,11.032882,-5.2869473,1
4lb3,273,PHE,H,0.8,12.545531,-5.822655,1
4lb3,274,LYS,-,0.8,17.34415,1.7199191,2
4lb3,275,VAL,-,0.8,13.31527,-4.9455233,1
4lb3,276,PHE,S,0.8,13.025003,-6.533129,1
4lb3,277,ASP,S,0.8,13.821819,-7.123912,1
4lb3,278,PHE,-,0.8,21.48999,3.5344312,2
4lb3,279,GLU,-,0.8,20.370916,5.0471716,2
4lb3,280,LEU,-,0.8,17.249598,4.2886314,2
4lb3,281,SER,-,0.8,16.994877,5.4962916,2
4lb3,282,SER,H,0.8,10.679513,-8.176079,1
4lb3,283,GLN,H,0.8,9.242985,-6.9477496,1
4lb3,284,ASP,H,0.8,10.327672,-4.149149,1
4lb3,285,MET,H,0.8,9.211061,-7.611593,1
4lb3,286,THR,H,0.8,8.19395,-6.583572,1
4lb3,287,THR,H,0.8,8.142113,-6.5472035,1
4lb3,288,LEU,H,0.8,9.60869,-6.6687694,1
4lb3,289,LEU,H,0.8,9.328356,-7.1817684,1
4lb3,290,SER,T,0.8,12.423277,-6.8720436,1
4lb3,291,TYR,T,0.8,12.853089,-6.6937003,1
4lb3,292,ASN,-,0.8,20.098417,1.6022531,2
4lb3,293,ARG,-,0.8,14.084604,-5.590092,1
4lb3,294,ASN,-,0.8,-1.7028949,14.96125,0
4lb3,295,TRP,-,0.8,19.419601,1.5681936,2
4lb3,296,ARG,-,0.8,19.920998,5.1391172,2
4lb3,297,VAL,S,0.8,8.234887,-7.6644454,1
4lb3,298,CYS,-,0.8,19.91435,2.5825546,2
4lb3,299,ALA,-,0.8,20.739712,3.2892795,2
4lb3,300,LEU,-,0.8,19.710617,3.6697485,2
4lb3,301,LEU,G,0.8,10.882098,-7.7775345,1
4lb3,302,SER,G,0.8,10.786458,-6.764623,1
4lb3,303,CYS,G,0.8,12.835538,-5.276749,1
4lb3,304,THR,T,0.8,13.36621,-7.154374,1
4lb3,305,SER,T,0.8,13.127558,-6.926893,1
4lb3,306,HIS,S,0.8,17.75652,6.9065247,2
4lb3,307,LYS,T,0.8,11.23181,-7.8221416,1
4lb3,308,ASP,T,0.8,13.953486,-7.047904,1
4lb3,309,TYR,-,0.8,19.09731,1.0546895,2
4lb3,310,PRO,T,0.8,11.52345,-7.382879,1
4lb3,311,PHE,T,0.8,13.507396,-7.170223,1
4lb3,312,HIS,S,0.8,12.276648,-4.5044284,1
4lb3,313,GLU,S,0.8,15.919029,4.616677,2
4lb3,314,GLU,-,0.8,12.204125,-4.409049,1
4lb4,1,ALA,-,0.8,15.948108,4.6045294,2
4lb4,2,SER,S,0.8,11.590259,-7.8317127,1
4lb4,3,ARG,E,0.8,21.066814,2.4337862,2
4lb4,4,ILE,E,0.8,19.45615,3.7545836,2
4lb4,5,LEU,E,0.8,18.383247,4.7553387,2
4lb4,6,LEU,-,0.8,19.166925,5.241092,2
4lb4,7,ASN,T,0.8,12.576488,-7.9823036,1
4lb4,8,ASN,T,0.8,13.813769,-7.0462246,1
4lb4,9,GLY,S,0.8,-1.1963965,14.007863,0
4lb4,10,ALA,-,0.8,20.912848,2.3575902,2
4lb4,11,LYS,E,0.8,19.270378,3.7886252,2
4lb4,12,MET,E,0.8,19.002756,2.4229631,2
4lb4,13,PRO,E,0.8,17.820429,5.5190673,2
4lb4,14,ILE,S,0.8,12.496063,-7.967966,1
4lb4,15,LEU,B,0.8,20.28229,2.124906,2
4lb4,16,GLY,-,0.8,21.288034,3.9499671,2
4lb4,17,LEU,E,0.8,19.582787,5.4989386,2
4lb4,18,GLY,E,0.8,18.960255,5.291012,2
4lb4,19,THR,-,0.8,13.883486,-5.643133,1
4lb4,20,TRP,T,0.8,17.816116,7.099517,2
4lb4,21,LYS,T,0.8,-0.58261275,14.644961,0
4lb4,22,SER,-,0.8,19.06977,1.1388986,2
4lb4,23,PRO,-,0.8,17.524736,5.705699,2
4lb4,24,PRO,H,0.8,11.262143,-7.6221123,1
4lb4,25,GLY,H,0.8,12.126533,-5.8436937,1
4lb4,26,GLN,H,0.8,12.979001,-5.5002723,1
4lb4,27,VAL,H,0.8,10.940119,-6.358011,1
4lb4,28,THR,H,0.8,8.220345,-6.786968,1
4lb4,29,GLU,H,0.8,9.76486,-6.3986187,1
4lb4,30,ALA,H,0.8,10.4679165,-4.111539,1
4lb4,31,VAL,H,0.8,8.346572,-6.360651,1
4lb4,32,LYS,H,0.8,8.8251705,-7.0352497,1
4lb4,33,VAL,H,0.8,8.437726,-6.9886622,1
4lb4,34,ALA,H,0.8,10.323872,-4.284305,1
4lb4,35,ILE,H,0.8,9.4025755,-6.8521905,1
4lb4,36,ASP,H,0.8,10.647413,-4.894198,1
4lb4,37,VAL,H,0.8,11.496626,-6.483384,1
4lb4,38,GLY,T,0.8,-1.0911914,13.799956,0
4lb4,39,TYR,-,0.8,20.11924,2.2219102,2
4lb4,40,ARG,-,0.8,14.018798,-5.5458245,1
4lb4,41,HIS,E,0.8,21.490253,3.0049338,2
4lb4,42,ILE,E,0.8,18.85737,3.5106218,2
4lb4,43,ASP,E,0.8,17.432236,2.7165616,2
4lb4,44,CYS,-,0.8,21.224613,5.200284,2
4lb4,45,ALA,-,0.8,20.072367,4.3729534,2
4lb4,46,HIS,G,0.8,10.447104,-8.052464,1
4lb4,47,VAL,G,0.8,10.602192,-6.143495,1
4lb4,48,TYR,G,0.8,11.332876,-6.0866604,1
4lb4,49,GLN,T,0.8,-0.8323171,14.66708,0
4lb4,50,ASN,-,0.8,12.897166,-5.181479,1
4lb4,54,VAL,H,0.8,8.195196,-7.547752,1
4lb4,55,GLY,H,0.8,10.331012,-6.198667,1
4lb4,56,VAL,H,0.8,8.194194,-6.715773,1
4lb4,57,ALA,H,0.8,10.472533,-4.1077046,1
4lb4,58,ILE,H,0.8,9.274315,-7.635945,1
4lb4,59,GLN,H,0.8,9.870412,-6.6638017,1
4lb4,60,GLU,H,0.8,10.00956,-6.848005,1
4lb4,61,LYS,H,0.8,9.9939575,-6.3555493,1
4lb4,62,LEU,H,0.8,8.7997875,-7.136836,1
4lb4,63,ARG,H,0.8,10.652802,-4.6589665,1
4lb4,64,GLU,T,0.8,13.436429,-6.55484,1
4lb4,65,GLN,T,0.8,-1.0680454,15.500754,0
4lb4,66,VAL,S,0.8,8.213631,-7.67255,1
4lb4,67,VAL,S,0.8,22.059565,2.6814249,2
4lb4,68,LYS,-,0.8,17.6288,4.4057918,2
4lb4,69,ARG,G,0.8,10.296207,-8.000124,1
4lb4,70,GLU,G,0.8,10.724402,-6.7172265,1
4lb4,71,GLU,G,0.8,12.303121,-5.6803913,1
4lb4,72,LEU,-,0.8,20.163399,2.5729764,2
4lb4,73,PHE,E,0.8,17.769537,2.2901967,2
4lb4,74,ILE,E,0.8,19.514847,2.932813,2
4lb4,75,VAL,E,0.8,20.904732,5.590544,2
4lb4,76,SER,E,0.8,19.20196,5.17759,2
4lb4,77,LYS,E,0.8,21.76775,4.7114234,2
4lb4,78,LEU,E,0.8,18.111803,2.7728415,2
4lb4,79,TRP,-,0.8,18.37862,5.45494,2
4lb4,80,CYS,G,0.8,11.909553,-8.708024,1
4lb4,81,THR,G,0.8,12.551376,-5.840805,1
4lb4,82,TYR,G,0.8,13.259249,-4.9734054,1
4lb4,83,HIS,-,0.8,10.792115,-6.7291374,1
4lb4,84,GLU,S,0.8,18.010857,6.766289,2
4lb4,85,LYS,H,0.8,9.957607,-7.906744,1
4lb4,86,GLY,H,0.8,12.240297,-5.8684015,1
4lb4,87,LEU,H,0.8,12.933243,-5.582003,1
4lb4,88,VAL,H,0.8,10.532197,-6.5065317,1
4lb4,89,LYS,H,0.8,10.0372305,-7.168016,1
4lb4,90,GLY,H,0.8,9.805038,-6.7592735,1
4lb4,91,ALA,H,0.8,10.468785,-4.109987,1
4lb4,95,THR,H,0.8,8.210615,-6.447211,1
4lb4,96,LEU,H,0.8,9.222639,-7.417488,1
4lb4,97,SER,H,0.8,8.441778,-6.7472935,1
4lb4,98,ASP,H,0.8,10.635068,-4.236862,1
4lb4,99,LEU,H,0.8,12.364302,-6.4124675,1
4lb4,100,LYS,T,0.8,-1.0436215,15.542753,0
4lb4,104,LEU,B,0.8,18.24869,3.9801135,2
4lb4,105,ASP,S,0.8,12.392085,-8.665661,1
4lb4,106,LEU,E,0.8,21.528053,3.096233,2
4lb4,107,TYR,E,0.8,18.386652,2.9227805,2
4lb4,108,LEU,E,0.8,20.814482,5.558043,2
4lb4,109,ILE,E,0.8,16.691813,3.662976,2
4lb4,110,HIS,S,0.8,10.723791,-7.4829,1
4lb4,111,TRP,S,0.8,21.880215,2.542707,2
4lb4,112,PRO,S,0.8,11.501188,-7.803057,1
4lb4,113,THR,-,0.8,19.696604,1.7243418,2
4lb4,114,GLY,-,0.8,18.007456,4.540972,2
4lb4,115,PHE,B,0.8,19.88998,4.112723,2
4lb4,116,LYS,-,0.8,16.942797,4.762835,2
4lb4,117,PRO,-,0.8,18.055223,5.513072,2
4lb4,118,GLY,S,0.8,22.80223,3.8847916,2
4lb4,119,LYS,S,0.8,11.279223,-7.543834,1
4lb4,120,GLU,-,0.8,19.79522,1.7487473,2
4lb4,121,PHE,S,0.8,12.181722,-7.8330617,1
4lb4,122,PHE,S,0.8,17.91987,1.2054251,2
4lb4,123,PRO,-,0.8,17.525381,5.6558595,2
4lb4,124,LEU,B,0.8,20.437708,5.1059737,2
4lb4,125,ASP,-,0.8,17.631664,4.4486604,2
4lb4,126,GLU,T,0.8,11.592509,-7.438545,1
4lb4,127,SER,T,0.8,13.140059,-6.7190104,1
4lb4,128,GLY,S,0.8,-1.1569716,13.812119,0
4lb4,129,ASN,-,0.8,20.217096,1.4552438,2
4lb4,130,VAL,B,0.8,17.58895,5.407354,2
4lb4,131,VAL,-,0.8,17.123457,4.498637,2
4lb4,132,PRO,B,0.8,19.855724,5.861737,2
4lb4,133,SER,-,0.8,18.078741,4.021183,2
4lb4,134,ASP,S,0.8,12.430368,-7.8633657,1
4lb4,135,THR,-,0.8,19.7873,1.9866056,2
4lb4,136,ASN,-,0.8,19.416204,4.4770346,2
4lb4,137,ILE,H,0.8,11.295351,-7.8118296,1
4lb4,138,LEU,H,0.8,9.897341,-6.9772577,1
4lb4,139,ASP,H,0.8,10.722878,-4.6285467,1
4lb4,140,THR,H,0.8,8.221,-6.959893,1
4lb4,141,TRP,H,0.8,8.087313,-6.415421,1
4lb4,142,ALA,H,0.8,10.571156,-4.2103157,1
4lb4,143,ALA,H,0.8,10.577275,-4.4752784,1
4lb4,144,MET,H,0.8,8.963936,-7.0971785,1
4lb4,145,GLU,H,0.8,9.17752,-6.651674,1
4lb4,146,GLU,H,0.8,9.514412,-6.624619,1
4lb4,147,LEU,H,0.8,9.610393,-6.5933337,1
4lb4,148,VAL,H,0.8,8.211067,-7.6098003,1
4lb4,149,ASP,H,0.8,11.656897,-5.7601333,1
4lb4,150,GLU,T,0.8,13.738852,-6.9920964,1
4lb4,151,GLY,T,0.8,-1.1622651,13.923463,0
4lb4,152,LEU,S,0.8,12.28622,-6.708882,1
4lb4,153,VAL,B,0.8,21.517231,3.2030506,2
4lb4,154,LYS,S,0.8,12.160869,-7.848581,1
4lb4,155,ALA,-,0.8,21.25736,2.531983,2
4lb4,156,ILE,E,0.8,19.731703,4.723979,2
4lb4,157,GLY,E,0.8,22.43372,4.213253,2
4lb4,158,ILE,E,0.8,21.378942,4.680919,2
4lb4,159,SER,E,0.8,20.111322,3.8554227,2
4lb4,160,ASN,S,0.8,-0.62032413,15.365936,0
4lb4,161,PHE,-,0.8,20.19391,2.014487,2
4lb4,162,ASN,-,0.8,17.701397,4.511398,2
4lb4,163,HIS,H,0.8,11.184312,-7.8403583,1
4lb4,164,LEU,H,0.8,9.983346,-6.9136457,1
4lb4,165,GLN,H,0.8,9.3927965,-6.797337,1
4lb4,166,VAL,H,0.8,8.140758,-6.930976,1
4lb4,170,LEU,H,0.8,10.425853,-6.9252687,1
4lb4,171,ASN,T,0.8,13.787821,-6.9891224,1
4lb4,172,LYS,-,0.8,19.571064,1.6156033,2
4lb4,173,PRO,T,0.8,17.598713,6.2667065,2
4lb4,174,GLY,T,0.8,-0.37449068,14.920309,0
4lb4,175,LEU,-,0.8,19.604753,1.609217,2
4lb4,176,LYS,-,0.8,13.562014,-5.026754,1
4lb4,177,TYR,S,0.8,21.819218,2.4232702,2
4lb4,178,LYS,-,0.8,16.968843,5.437062,2
4lb4,179,PRO,-,0.8,17.65371,5.4997525,2
4lb4,180,ALA,S,0.8,12.366448,-8.719832,1
4lb4,181,VAL,E,0.8,21.52414,5.277635,2
4lb4,182,ASN,E,0.8,17.62166,3.8152885,2
4lb4,183,GLN,E,0.8,17.77983,2.6449897,2
4lb4,184,ILE,E,0.8,21.182053,4.719613,2
4lb4,185,GLU,E,0.8,17.055593,4.717025,2
4lb4,186,CYS,-,0.8,19.836185,3.7823842,2
4lb4,187,HIS,B,0.8,20.697489,3.6092296,2
4lb4,188,PRO,T,0.8,11.473785,-7.4514627,1
4lb4,189,TYR,T,0.8,12.67199,-6.9689817,1
4lb4,190,LEU,B,0.8,17.834541,1.8874766,2
4lb4,191,THR,-,0.8,11.345175,-6.565452,1
4lb4,195,LEU,H,0.8,10.070258,-7.0933685,1
4lb4,196,ILE,H,0.8,9.571662,-6.8825035,1
4lb4,197,GLN,H,0.8,9.876016,-6.947684,1
4lb4,198,TYR,H,0.8,8.287656,-6.7325463,1
4lb4,199,CYS,H,0.8,10.652007,-4.138196,1
4lb4,200,GLN,H,0.8,10.022635,-6.9015517,1
4lb4,201,SER,H,0.8,10.590383,-6.8754888,1
4lb4,202,LYS,T,0.8,13.235647,-6.5797615,1
4lb4,203,GLY,T,0.8,-1.238727,14.264848,0
4lb4,204,ILE,P,0.8,21.421423,2.2386694,2
4lb4,205,VAL,E,0.8,17.3319,4.9802446,2
4lb4,206,VAL,E,0.8,19.390316,5.7618933,2
4lb4,207,THR,E,0.8,18.224718,3.7494516,2
4lb4,208,ALA,E,0.8,19.528563,4.845812,2
4lb4,209,TYR,E,0.8,19.008675,5.2989917,2
4lb4,210,SER,S,0.8,-1.1229129,15.015704,0
4lb4,211,PRO,T,0.8,11.817925,-7.113678,1
4lb4,212,LEU,T,0.8,13.378059,-6.5935006,1
4lb4,213,GLY,-,0.8,-1.7101178,14.899468,0
4lb4,214,SER,-,0.8,-1.6250788,15.124649,0
4lb4,215,PRO,T,0.8,11.763507,-7.2256856,1
4lb4,216,ASP,T,0.8,13.941412,-7.049179,1
4lb4,217,ARG,-,0.8,19.420858,1.1570203,2
4lb4,218,PRO,T,0.8,11.497687,-7.412932,1
4lb4,219,TRP,T,0.8,13.170553,-6.5712986,1
4lb4,220,ALA,-,0.8,20.145708,1.4207987,2
4lb4,221,LYS,-,0.8,16.047045,4.6044827,2
4lb4,222,PRO,T,0.8,12.348876,-4.0135484,1
4lb4,223,GLU,T,0.8,12.348788,-4.013835,1
4lb4,224,ASP,S,0.8,15.908138,4.607673,2
4lb4,225,PRO,-,0.8,16.29779,4.5880036,2
4lb4,226,SER,-,0.8,19.365768,3.5209963,2
4lb4,227,LEU,G,0.8,9.916319,-7.8902164,1
4lb4,228,LEU,G,0.8,10.641423,-6.841855,1
4lb4,229,GLU,G,0.8,13.020426,-5.279105,1
4lb4,230,ASP,-,0.8,19.38849,1.241887,2
4lb4,231,PRO,H,0.8,11.299847,-7.6578865,1
4lb4,232,ARG,H,0.8,10.7145605,-4.100185,1
4lb4,233,ILE,H,0.8,8.918842,-7.2262697,1
4lb4,234,LYS,H,0.8,9.251479,-7.1232805,1
4lb4,235,ALA,H,0.8,11.0409355,-4.215642,1
4lb4,236,ILE,H,0.8,8.805109,-7.1687365,1
4lb4,237,ALA,H,0.8,10.793305,-4.1578846,1
4lb4,238,ALA,H,0.8,11.053766,-4.2522836,1
4lb4,239,LYS,H,0.8,9.496248,-7.7527246,1
4lb4,246,GLN,H,0.8,9.691566,-6.5439777,1
4lb4,247,VAL,H,0.8,8.435011,-7.1777067,1
4lb4,248,LEU,H,0.8,10.396457,-6.1940722,1
4lb4,249,ILE,H,0.8,8.948406,-7.1938086,1
4lb4,250,ARG,H,0.8,10.518281,-4.2854977,1
4lb4,251,PHE,H,0.8,10.123957,-6.4441395,1
4lb4,252,PRO,H,0.8,9.994233,-6.028925,1
4lb4,253,MET,H,0.8,9.340475,-7.0083847,1
4lb4,254,GLN,H,0.8,11.693315,-5.9267893,1
4lb4,258,VAL,E,0.8,17.2669,4.034391,2
4lb4,259,VAL,E,0.8,19.88082,3.990042,2
4lb4,260,ILE,-,0.8,13.970183,-4.6586556,1
4lb4,261,PRO,-,0.8,20.078289,2.2388153,2
4lb4,262,LYS,B,0.8,19.614607,5.5623727,2
4lb4,263,SER,-,0.8,21.074797,4.3180847,2
4lb4,264,VAL,-,0.8,13.870702,-5.103734,1
4lb4,265,THR,-,0.8,19.156784,1.2793345,2
4lb4,266,PRO,H,0.8,11.234675,-7.5522304,1
4lb4,267,GLU,H,0.8,9.767432,-6.9874187,1
4lb4,268,ARG,H,0.8,10.925341,-4.591667,1
4lb4,269,ILE,H,0.8,8.548127,-6.9454656,1
4lb4,270,ALA,H,0.8,10.744542,-4.411892,1
4lb4,271,GLU,H,0.8,9.525191,-7.811117,1
4lb4,272,ASN,H,0.8,11.000422,-5.2361765,1
4lb4,273,PHE,H,0.8,12.502269,-5.9128227,1
4lb4,274,LYS,-,0.8,17.349382,1.7181838,2
4lb4,275,VAL,-,0.8,13.304744,-4.927241,1
4lb4,276,PHE,S,0.8,12.375008,-4.6463003,1
4lb4,277,ASP,S,0.8,13.834076,-7.134149,1
4lb4,278,PHE,-,0.8,21.504913,3.527937,2
4lb4,279,GLU,-,0.8,20.282522,5.045797,2
4lb4,280,LEU,-,0.8,17.268427,4.267843,2
4lb4,281,SER,-,0.8,17.032232,5.4739127,2
4lb4,282,SER,H,0.8,10.696766,-8.162502,1
4lb4,283,GLN,H,0.8,9.173191,-7.008245,1
4lb4,284,ASP,H,0.8,10.336096,-4.1130056,1
4lb4,285,MET,H,0.8,9.100426,-7.5378356,1
4lb4,286,THR,H,0.8,8.196658,-6.6457405,1
4lb4,287,THR,H,0.8,8.08339,-6.4618397,1
4lb4,288,LEU,H,0.8,9.761713,-6.712499,1
4lb4,289,LEU,H,0.8,9.351301,-7.146334,1
4lb4,290,SER,T,0.8,12.33441,-6.885619,1
4lb4,291,TYR,T,0.8,12.829377,-6.8261185,1
4lb4,292,ASN,-,0.8,20.098747,1.6012892,2
4lb4,293,ARG,-,0.8,14.063262,-5.588393,1
4lb4,294,ASN,-,0.8,-1.7045518,14.9501915,0
4lb4,295,TRP,-,0.8,19.374542,1.5123432,2
4lb4,296,ARG,-,0.8,19.93458,5.120449,2
4lb4,297,VAL,S,0.8,8.342288,-7.7033386,1
4lb4,298,CYS,-,0.8,19.937025,2.3579588,2
4lb4,299,ALA,-,0.8,20.665163,3.391678,2
4lb4,300,LEU,-,0.8,19.752096,3.700473,2
4lb4,301,LEU,G,0.8,10.893165,-7.7659407,1
4lb4,302,SER,G,0.8,10.736647,-6.7682576,1
4lb4,303,CYS,G,0.8,12.692467,-5.384099,1
4lb4,304,THR,T,0.8,13.421564,-7.1632333,1
4lb4,305,SER,T,0.8,13.082641,-6.7511187,1
4lb4,306,HIS,S,0.8,17.71781,6.806056,2
4lb4,307,LYS,T,0.8,11.399535,-7.7233367,1
4lb4,308,ASP,T,0.8,13.916268,-7.042845,1
4lb4,309,TYR,-,0.8,19.101286,1.0408056,2
4lb4,310,PRO,T,0.8,11.5210085,-7.3760486,1
4lb4,311,PHE,T,0.8,13.496895,-7.166241,1
4lb4,312,HIS,S,0.8,12.278036,-4.5220246,1
4lb4,313,GLU,S,0.8,15.9171915,4.602281,2
4lb4,314,GLU,-,0.8,12.212849,-4.4057026,1
4lbr,1,ALA,-,0.8,15.924136,4.6136866,2
4lbr,2,SER,S,0.8,11.651565,-7.8620324,1
4lbr,3,ARG,E,0.8,21.04545,2.4379475,2
4lbr,4,ILE,E,0.8,19.435421,3.6653552,2
4lbr,5,LEU,E,0.8,18.430756,4.7138114,2
4lbr,6,LEU,-,0.8,19.194914,5.2028217,2
4lbr,7,ASN,T,0.8,12.567999,-7.9802327,1
4lbr,8,ASN,T,0.8,13.84143,-6.9924803,1
4lbr,9,GLY,S,0.8,-1.2376683,14.003765,0
4lbr,10,ALA,-,0.8,20.928598,2.379148,2
4lbr,11,LYS,E,0.8,19.333885,3.6993487,2
4lbr,12,MET,E,0.8,19.003107,2.4562633,2
4lbr,13,PRO,E,0.8,17.775513,5.5350127,2
4lbr,14,ILE,S,0.8,12.482856,-7.992549,1
4lbr,15,LEU,B,0.8,20.244223,2.068835,2
4lbr,16,GLY,-,0.8,21.24081,4.013675,2
4lbr,17,LEU,E,0.8,19.580381,5.5238147,2
4lbr,18,GLY,E,0.8,18.954823,5.292651,2
4lbr,19,THR,-,0.8,13.806078,-5.6339674,1
4lbr,20,TRP,T,0.8,17.80266,7.080137,2
4lbr,21,LYS,T,0.8,-0.51972747,14.609235,0
4lbr,22,SER,-,0.8,19.139576,1.1036054,2
4lbr,23,PRO,-,0.8,17.498539,5.7408676,2
4lbr,24,PRO,H,0.8,11.331716,-7.627095,1
4lbr,25,GLY,H,0.8,12.1162405,-5.8543167,1
4lbr,26,GLN,H,0.8,13.011355,-5.6175632,1
4lbr,27,VAL,H,0.8,11.048679,-6.409307,1
4lbr,28,THR,H,0.8,8.256811,-6.7555413,1
4lbr,29,GLU,H,0.8,9.842915,-6.2645626,1
4lbr,30,ALA,H,0.8,10.442898,-4.065887,1
4lbr,31,VAL,H,0.8,8.448586,-6.273181,1
4lbr,32,LYS,H,0.8,8.866729,-7.079799,1
4lbr,33,VAL,H,0.8,8.452787,-6.756241,1
4lbr,34,ALA,H,0.8,10.413839,-4.2187686,1
4lbr,35,ILE,H,0.8,9.411863,-6.854012,1
4lbr,36,ASP,H,0.8,10.620111,-4.8583336,1
4lbr,37,VAL,H,0.8,11.506744,-6.5153236,1
4lbr,38,GLY,T,0.8,-1.1016855,13.810436,0
4lbr,39,TYR,-,0.8,20.097706,2.2540781,2
4lbr,40,ARG,-,0.8,14.024138,-5.5653,1
4lbr,41,HIS,E,0.8,21.455296,3.0206738,2
4lbr,42,ILE,E,0.8,18.907768,3.5228508,2
4lbr,43,ASP,E,0.8,17.533175,2.6964345,2
4lbr,44,CYS,-,0.8,21.268911,5.185634,2
4lbr,45,ALA,-,0.8,20.039375,4.3298388,2
4lbr,46,HIS,G,0.8,10.47498,-8.069823,1
4lbr,47,VAL,G,0.8,10.608317,-6.1412344,1
4lbr,48,TYR,G,0.8,11.302691,-6.1270075,1
4lbr,49,GLN,T,0.8,-0.7817817,14.605094,0
4lbr,50,ASN,-,0.8,12.845582,-5.0902295,1
4lbr,54,VAL,H,0.8,8.196224,-7.5477996,1
4lbr,55,GLY,H,0.8,10.210656,-6.285305,1
4lbr,56,VAL,H,0.8,8.15562,-6.6594963,1
4lbr,57,ALA,H,0.8,10.487976,-4.1501665,1
4lbr,58,ILE,H,0.8,9.238559,-7.604671,1
4lbr,59,GLN,H,0.8,9.984106,-6.7103453,1
4lbr,60,GLU,H,0.8,9.756974,-6.778589,1
4lbr,61,LYS,H,0.8,9.883478,-6.465452,1
4lbr,62,LEU,H,0.8,8.927761,-7.0815096,1
4lbr,63,ARG,H,0.8,10.888803,-4.2959933,1
4lbr,64,GLU,T,0.8,13.3134775,-6.499917,1
4lbr,65,GLN,T,0.8,-1.0377152,15.544541,0
4lbr,66,VAL,S,0.8,8.201861,-7.661367,1
4lbr,67,VAL,S,0.8,22.032598,2.6683505,2
4lbr,68,LYS,-,0.8,17.596773,4.5062933,2
4lbr,69,ARG,G,0.8,10.349555,-8.007657,1
4lbr,70,GLU,G,0.8,10.760727,-6.6774755,1
4lbr,71,GLU,G,0.8,12.336884,-5.6754813,1
4lbr,72,LEU,-,0.8,20.21466,2.5268822,2
4lbr,73,PHE,E,0.8,17.754936,2.2546659,2
4lbr,74,ILE,E,0.8,19.484182,2.9170067,2
4lbr,75,VAL,E,0.8,20.88817,5.581728,2
4lbr,76,SER,E,0.8,19.217375,5.1760654,2
4lbr,77,LYS,E,0.8,21.775202,4.715787,2
4lbr,78,LEU,E,0.8,18.09085,2.7763453,2
4lbr,79,TRP,-,0.8,18.308601,5.4946494,2
4lbr,80,CYS,G,0.8,11.907749,-8.691552,1
4lbr,81,THR,G,0.8,12.587673,-5.782362,1
4lbr,82,TYR,G,0.8,13.288292,-4.9498954,1
4lbr,83,HIS,-,0.8,10.807062,-6.6970444,1
4lbr,84,GLU,S,0.8,18.00888,6.7867594,2
4lbr,85,LYS,H,0.8,9.885845,-7.910798,1
4lbr,86,GLY,H,0.8,12.208627,-5.833098,1
4lbr,87,LEU,H,0.8,12.97371,-5.5778556,1
4lbr,88,VAL,H,0.8,10.534372,-6.4914236,1
4lbr,89,LYS,H,0.8,9.933258,-7.1251335,1
4lbr,90,GLY,H,0.8,9.798743,-6.7350054,1
4lbr,91,ALA,H,0.8,10.464982,-4.1450405,1
4lbr,95,THR,H,0.8,8.093229,-6.388495,1
4lbr,96,LEU,H,0.8,9.290368,-7.4084845,1
4lbr,97,SER,H,0.8,8.410687,-6.7350106,1
4lbr,98,ASP,H,0.8,10.589045,-4.2674513,1
4lbr,99,LEU,H,0.8,12.402951,-6.346214,1
4lbr,100,LYS,T,0.8,-1.0455265,15.543302,0
4lbr,104,LEU,B,0.8,18.3074,3.976714,2
4lbr,105,ASP,S,0.8,12.398266,-8.647854,1
4lbr,106,LEU,E,0.8,21.525698,3.1252935,2
4lbr,107,TYR,E,0.8,18.343422,2.980029,2
4lbr,108,LEU,E,0.8,20.844334,5.5538654,2
4lbr,109,ILE,E,0.8,16.768906,3.6833835,2
4lbr,110,HIS,S,0.8,10.684277,-7.473775,1
4lbr,111,TRP,S,0.8,21.87175,2.5443223,2
4lbr,112,PRO,S,0.8,11.513492,-7.7844963,1
4lbr,113,THR,-,0.8,19.709782,1.7068316,2
4lbr,114,GLY,-,0.8,17.973309,4.506974,2
4lbr,115,PHE,B,0.8,19.851143,4.158876,2
4lbr,116,LYS,-,0.8,16.939854,4.7708306,2
4lbr,117,PRO,-,0.8,18.025173,5.5216074,2
4lbr,118,GLY,S,0.8,22.857738,3.845457,2
4lbr,119,LYS,S,0.8,11.347984,-7.7910547,1
4lbr,120,GLU,-,0.8,19.753931,1.7411144,2
4lbr,121,PHE,S,0.8,12.106273,-7.852571,1
4lbr,122,PHE,S,0.8,17.954382,1.1802361,2
4lbr,123,PRO,-,0.8,17.519768,5.6808367,2
4lbr,124,LEU,B,0.8,20.425793,5.1359067,2
4lbr,125,ASP,-,0.8,17.604282,4.4952674,2
4lbr,126,GLU,T,0.8,11.578411,-7.4897904,1
4lbr,127,SER,T,0.8,13.190621,-6.7240624,1
4lbr,128,GLY,S,0.8,-1.1219118,13.808119,0
4lbr,129,ASN,-,0.8,20.165844,1.4130517,2
4lbr,130,VAL,B,0.8,17.731653,5.4226294,2
4lbr,131,VAL,-,0.8,17.10414,4.5475287,2
4lbr,132,PRO,B,0.8,19.82509,5.8873644,2
4lbr,133,SER,-,0.8,18.071037,4.077228,2
4lbr,134,ASP,S,0.8,12.500868,-7.8998747,1
4lbr,135,THR,-,0.8,19.769896,2.0058968,2
4lbr,136,ASN,-,0.8,19.182716,4.438704,2
4lbr,137,ILE,H,0.8,11.253131,-7.813274,1
4lbr,138,LEU,H,0.8,9.9274435,-7.0812654,1
4lbr,139,ASP,H,0.8,10.681007,-4.5994267,1
4lbr,140,THR,H,0.8,8.228653,-7.0055313,1
4lbr,141,TRP,H,0.8,8.064973,-6.4115443,1
4lbr,142,ALA,H,0.8,10.590745,-4.210342,1
4lbr,143,ALA,H,0.8,10.600399,-4.3881936,1
4lbr,144,MET,H,0.8,9.024101,-7.135757,1
4lbr,145,GLU,H,0.8,9.260338,-6.8345766,1
4lbr,146,GLU,H,0.8,9.677192,-6.5597744,1
4lbr,147,LEU,H,0.8,9.684454,-6.6440873,1
4lbr,148,VAL,H,0.8,8.202294,-7.613793,1
4lbr,149,ASP,H,0.8,11.660398,-5.695082,1
4lbr,150,GLU,T,0.8,13.739851,-6.9932857,1
4lbr,151,GLY,T,0.8,-1.2326523,13.983582,0
4lbr,152,LEU,S,0.8,12.251815,-6.7165,1
4lbr,153,VAL,B,0.8,21.586525,3.2002158,2
4lbr,154,LYS,S,0.8,12.130747,-7.826201,1
4lbr,155,ALA,-,0.8,21.263866,2.5373719,2
4lbr,156,ILE,E,0.8,19.712921,4.7832475,2
4lbr,157,GLY,E,0.8,22.473953,4.186325,2
4lbr,158,ILE,E,0.8,21.347965,4.666735,2
4lbr,159,SER,E,0.8,20.12612,3.880458,2
4lbr,160,ASN,S,0.8,-0.6403214,15.348369,0
4lbr,161,PHE,-,0.8,20.208775,2.0297258,2
4lbr,162,ASN,-,0.8,17.787542,4.538736,2
4lbr,163,HIS,H,0.8,11.201448,-7.8706465,1
4lbr,164,LEU,H,0.8,9.981901,-6.9690905,1
4lbr,165,GLN,H,0.8,9.491663,-6.746833,1
4lbr,166,VAL,H,0.8,8.187311,-7.1329374,1
4lbr,170,LEU,H,0.8,10.379936,-6.9457183,1
4lbr,171,ASN,T,0.8,13.762184,-6.900377,1
4lbr,172,LYS,-,0.8,19.497814,1.5947105,2
4lbr,173,PRO,T,0.8,17.574007,6.2745667,2
4lbr,174,GLY,T,0.8,-0.340416,14.961126,0
4lbr,175,LEU,-,0.8,19.630764,1.5993447,2
4lbr,176,LYS,-,0.8,13.570485,-5.0263925,1
4lbr,177,TYR,S,0.8,21.837862,2.4216576,2
4lbr,178,LYS,-,0.8,16.914907,5.4787264,2
4lbr,179,PRO,-,0.8,17.652153,5.5587373,2
4lbr,180,ALA,S,0.8,12.34937,-8.719516,1
4lbr,181,VAL,E,0.8,21.47046,5.2030225,2
4lbr,182,ASN,E,0.8,17.600437,3.8081203,2
4lbr,183,GLN,E,0.8,17.76745,2.6691976,2
4lbr,184,ILE,E,0.8,21.184582,4.715904,2
4lbr,185,GLU,E,0.8,17.024788,4.7338996,2
4lbr,186,CYS,-,0.8,19.856161,3.723265,2
4lbr,187,HIS,B,0.8,20.771069,3.593286,2
4lbr,188,PRO,T,0.8,11.545506,-7.385858,1
4lbr,189,TYR,T,0.8,12.683392,-6.94582,1
4lbr,190,LEU,B,0.8,17.804089,1.6622021,2
4lbr,191,THR,-,0.8,11.278206,-6.586475,1
4lbr,195,LEU,H,0.8,10.0959215,-7.0974374,1
4lbr,196,ILE,H,0.8,9.455726,-7.056656,1
4lbr,197,GLN,H,0.8,9.783269,-6.942965,1
4lbr,198,TYR,H,0.8,8.28481,-6.701709,1
4lbr,199,CYS,H,0.8,10.633853,-4.095707,1
4lbr,200,GLN,H,0.8,10.008997,-6.8615837,1
4lbr,201,SER,H,0.8,10.573006,-6.893864,1
4lbr,202,LYS,T,0.8,13.192249,-6.5479803,1
4lbr,203,GLY,T,0.8,-1.2338995,14.217692,0
4lbr,204,ILE,P,0.8,21.45304,2.2732644,2
4lbr,205,VAL,E,0.8,17.31669,4.8995523,2
4lbr,206,VAL,E,0.8,19.46032,5.7772694,2
4lbr,207,THR,E,0.8,18.227499,3.712574,2
4lbr,208,ALA,E,0.8,19.482477,4.8898964,2
4lbr,209,TYR,E,0.8,19.08794,5.2378793,2
4lbr,210,SER,-,0.8,-1.4437551,15.109121,0
4lbr,211,PRO,T,0.8,11.925156,-7.141999,1
4lbr,212,LEU,T,0.8,13.321735,-6.571148,1
4lbr,213,GLY,-,0.8,-1.7070314,14.913862,0
4lbr,214,SER,-,0.8,-1.6568532,15.121614,0
4lbr,215,PRO,T,0.8,11.681527,-7.2733383,1
4lbr,216,ASP,T,0.8,13.900469,-7.0252347,1
4lbr,217,ARG,-,0.8,19.460112,1.1706176,2
4lbr,218,PRO,T,0.8,11.528559,-7.402411,1
4lbr,219,TRP,T,0.8,13.1368,-6.61145,1
4lbr,220,ALA,-,0.8,20.146883,1.4049062,2
4lbr,221,LYS,-,0.8,15.998645,4.5988245,2
4lbr,222,PRO,T,0.8,12.349734,-4.0191493,1
4lbr,223,GLU,T,0.8,12.350341,-4.014153,1
4lbr,224,ASP,S,0.8,15.915943,4.607377,2
4lbr,225,PRO,-,0.8,16.334717,4.6014404,2
4lbr,226,SER,-,0.8,19.4644,3.5798976,2
4lbr,227,LEU,G,0.8,9.911741,-7.8837767,1
4lbr,228,LEU,G,0.8,10.694705,-6.8287616,1
4lbr,229,GLU,G,0.8,13.002854,-5.3303103,1
4lbr,230,ASP,-,0.8,19.370214,1.1904719,2
4lbr,231,PRO,H,0.8,11.321696,-7.664337,1
4lbr,232,ARG,H,0.8,10.623772,-4.065717,1
4lbr,233,ILE,H,0.8,8.859308,-7.287281,1
4lbr,234,LYS,H,0.8,9.179656,-7.1189027,1
4lbr,235,ALA,H,0.8,11.038747,-4.215453,1
4lbr,236,ILE,H,0.8,8.899132,-7.1990447,1
4lbr,237,ALA,H,0.8,10.743532,-4.159053,1
4lbr,238,ALA,H,0.8,11.037575,-4.2435036,1
4lbr,239,LYS,H,0.8,9.475902,-7.7561936,1
4lbr,246,GLN,H,0.8,9.699003,-6.535577,1
4lbr,247,VAL,H,0.8,8.478336,-7.170574,1
4lbr,248,LEU,H,0.8,10.334847,-6.235361,1
4lbr,249,ILE,H,0.8,8.966477,-7.2563515,1
4lbr,250,ARG,H,0.8,10.5760765,-4.3362336,1
4lbr,251,PHE,H,0.8,10.023152,-6.410111,1
4lbr,252,PRO,H,0.8,9.96422,-6.019323,1
4lbr,253,MET,H,0.8,9.3906145,-7.0292044,1
4lbr,254,GLN,H,0.8,11.702602,-5.8968368,1
4lbr,258,VAL,E,0.8,17.375376,4.044629,2
4lbr,259,VAL,E,0.8,19.897871,4.0360727,2
4lbr,260,ILE,-,0.8,13.972829,-4.6669755,1
4lbr,261,PRO,-,0.8,20.084038,2.1871765,2
4lbr,262,LYS,B,0.8,19.644876,5.592104,2
4lbr,263,SER,-,0.8,21.095205,4.3478274,2
4lbr,264,VAL,-,0.8,13.885693,-5.1345444,1
4lbr,265,THR,-,0.8,19.140686,1.2649113,2
4lbr,266,PRO,H,0.8,11.209771,-7.5550256,1
4lbr,267,GLU,H,0.8,9.806198,-6.911112,1
4lbr,268,ARG,H,0.8,10.74544,-4.555662,1
4lbr,269,ILE,H,0.8,8.59549,-6.906109,1
4lbr,270,ALA,H,0.8,10.809312,-4.3672986,1
4lbr,271,GLU,H,0.8,9.484677,-7.776145,1
4lbr,272,ASN,H,0.8,11.01668,-5.240715,1
4lbr,273,PHE,H,0.8,12.476954,-5.9241652,1
4lbr,274,LYS,-,0.8,17.34884,1.7313349,2
4lbr,275,VAL,-,0.8,13.296365,-4.896908,1
4lbr,276,PHE,S,0.8,12.954427,-6.538671,1
4lbr,277,ASP,S,0.8,13.800823,-7.1505976,1
4lbr,278,PHE,-,0.8,21.532185,3.4719155,2
4lbr,279,GLU,-,0.8,20.352648,5.0047154,2
4lbr,280,LEU,-,0.8,17.230907,4.3410883,2
4lbr,281,SER,-,0.8,17.100807,5.5447187,2
4lbr,282,SER,H,0.8,10.69019,-8.15317,1
4lbr,283,GLN,H,0.8,9.284163,-6.9860907,1
4lbr,284,ASP,H,0.8,10.365279,-4.181369,1
4lbr,285,MET,H,0.8,9.099229,-7.5339537,1
4lbr,286,THR,H,0.8,8.2666445,-6.543647,1
4lbr,287,THR,H,0.8,8.097096,-6.4730973,1
4lbr,288,LEU,H,0.8,9.665763,-6.6610026,1
4lbr,289,LEU,H,0.8,9.330512,-7.10526,1
4lbr,290,SER,T,0.8,12.416023,-6.89129,1
4lbr,291,TYR,T,0.8,12.817927,-6.786038,1
4lbr,292,ASN,-,0.8,20.10575,1.5455859,2
4lbr,293,ARG,-,0.8,14.084701,-5.5905356,1
4lbr,294,ASN,-,0.8,-1.6989764,14.973301,0
4lbr,295,TRP,-,0.8,19.413609,1.637395,2
4lbr,296,ARG,-,0.8,19.963953,5.160658,2
4lbr,297,VAL,S,0.8,8.218644,-7.66251,1
4lbr,298,CYS,-,0.8,19.872087,2.8227367,2
4lbr,299,ALA,-,0.8,20.63746,3.3094068,2
4lbr,300,LEU,-,0.8,19.637531,3.6353455,2
4lbr,301,LEU,G,0.8,10.860297,-7.7729025,1
4lbr,302,SER,G,0.8,10.78421,-6.7540126,1
4lbr,303,CYS,G,0.8,12.856039,-5.240732,1
4lbr,304,THR,T,0.8,13.371117,-7.1833615,1
4lbr,305,SER,T,0.8,13.061747,-6.876115,1
4lbr,306,HIS,S,0.8,17.728977,6.8634543,2
4lbr,307,LYS,T,0.8,11.168594,-7.8208175,1
4lbr,308,ASP,T,0.8,13.915436,-7.1052413,1
4lbr,309,TYR,-,0.8,19.089748,1.0299993,2
4lbr,310,PRO,T,0.8,11.46731,-7.365083,1
4lbr,311,PHE,T,0.8,13.547919,-7.153675,1
4lbr,312,HIS,S,0.8,12.286594,-4.535226,1
4lbr,313,GLU,S,0.8,15.9007635,4.616193,2
4lbr,314,GLU,-,0.8,12.177888,-4.374646,1
4lbs,1,ALA,-,0.76,15.930127,4.6080055,2
4lbs,2,SER,S,0.76,11.61897,-7.8548555,1
4lbs,3,ARG,E,0.76,21.033358,2.4667153,2
4lbs,4,ILE,E,0.76,19.394903,3.717608,2
4lbs,5,LEU,E,0.76,18.368925,4.781758,2
4lbs,6,LEU,-,0.76,19.295717,5.060534,2
4lbs,7,ASN,T,0.76,12.538844,-8.011165,1
4lbs,8,ASN,T,0.76,13.840985,-7.0152683,1
4lbs,9,GLY,S,0.76,-1.2001514,14.103279,0
4lbs,10,ALA,-,0.76,20.922699,2.381351,2
4lbs,11,LYS,E,0.76,19.33748,3.7888155,2
4lbs,12,MET,E,0.76,18.996456,2.466826,2
4lbs,13,PRO,E,0.76,17.819551,5.4872584,2
4lbs,14,ILE,S,0.76,12.477109,-7.9661508,1
4lbs,15,LEU,B,0.76,20.26506,2.064969,2
4lbs,16,GLY,-,0.76,21.254974,4.014937,2
4lbs,17,LEU,E,0.76,19.579123,5.4286103,2
4lbs,18,GLY,E,0.76,18.920517,5.2966113,2
4lbs,19,THR,-,0.76,13.852818,-5.6469545,1
4lbs,20,TRP,T,0.76,17.799896,7.077307,2
4lbs,21,LYS,T,0.76,-0.59569883,14.565432,0
4lbs,22,SER,-,0.76,19.070635,1.0580139,2
4lbs,23,PRO,-,0.76,17.468994,5.7170706,2
4lbs,24,PRO,H,0.76,11.321724,-7.675559,1
4lbs,25,GLY,H,0.76,12.198056,-5.837718,1
4lbs,26,GLN,H,0.76,12.979522,-5.5003963,1
4lbs,27,VAL,H,0.76,10.893131,-6.407487,1
4lbs,28,THR,H,0.76,8.226056,-6.7835197,1
4lbs,29,GLU,H,0.76,9.827531,-6.2978864,1
4lbs,30,ALA,H,0.76,10.461117,-4.1292214,1
4lbs,31,VAL,H,0.76,8.44162,-6.265739,1
4lbs,32,LYS,H,0.76,8.851089,-7.134878,1
4lbs,33,VAL,H,0.76,8.479229,-6.8637037,1
4lbs,34,ALA,H,0.76,10.487811,-4.2488294,1
4lbs,35,ILE,H,0.76,9.364096,-6.895504,1
4lbs,36,ASP,H,0.76,10.606905,-4.8874063,1
4lbs,37,VAL,H,0.76,11.478457,-6.555109,1
4lbs,38,GLY,T,0.76,-1.0739228,13.799057,0
4lbs,39,TYR,-,0.76,20.110268,2.2008965,2
4lbs,40,ARG,-,0.76,13.999346,-5.5366564,1
4lbs,41,HIS,E,0.76,21.460716,3.0317113,2
4lbs,42,ILE,E,0.76,18.88719,3.593143,2
4lbs,43,ASP,E,0.76,17.479086,2.6880352,2
4lbs,44,CYS,-,0.76,21.21596,5.234074,2
4lbs,45,ALA,-,0.76,20.004395,4.357638,2
4lbs,46,HIS,G,0.76,10.499382,-8.062805,1
4lbs,47,VAL,G,0.76,10.6121645,-6.1772,1
4lbs,48,TYR,G,0.76,11.335786,-6.152667,1
4lbs,49,GLN,S,0.76,-0.8734123,14.647304,0
4lbs,50,ASN,-,0.76,12.895742,-5.1222663,1
4lbs,54,VAL,H,0.76,8.210717,-7.570966,1
4lbs,55,GLY,H,0.76,10.208634,-6.269725,1
4lbs,56,VAL,H,0.76,8.210714,-6.733505,1
4lbs,57,ALA,H,0.76,10.473498,-4.2401695,1
4lbs,58,ILE,H,0.76,9.250533,-7.634684,1
4lbs,59,GLN,H,0.76,9.951948,-6.811728,1
4lbs,60,GLU,H,0.76,9.928257,-6.93637,1
4lbs,61,LYS,H,0.76,9.793638,-6.429079,1
4lbs,62,LEU,H,0.76,8.9705925,-7.1070457,1
4lbs,63,ARG,H,0.76,10.959768,-4.2303514,1
4lbs,64,GLU,T,0.76,13.388048,-6.4478245,1
4lbs,65,GLN,T,0.76,-1.0107586,15.516026,0
4lbs,66,VAL,S,0.76,8.204507,-7.6707506,1
4lbs,67,VAL,S,0.76,22.035116,2.694367,2
4lbs,68,LYS,-,0.76,17.683752,4.414151,2
4lbs,69,ARG,G,0.76,10.347334,-7.975397,1
4lbs,70,GLU,G,0.76,10.819747,-6.645806,1
4lbs,71,GLU,G,0.76,12.306445,-5.737891,1
4lbs,72,LEU,-,0.76,20.192524,2.525226,2
4lbs,73,PHE,E,0.76,17.779823,2.3009639,2
4lbs,74,ILE,E,0.76,19.486408,2.9224448,2
4lbs,75,VAL,E,0.76,20.876291,5.604194,2
4lbs,76,SER,E,0.76,19.215895,5.1799207,2
4lbs,77,LYS,E,0.76,21.770554,4.6794415,2
4lbs,78,LEU,E,0.76,18.186033,2.7982275,2
4lbs,79,TRP,-,0.76,18.427979,5.543045,2
4lbs,80,CYS,G,0.76,11.85281,-8.706654,1
4lbs,81,THR,G,0.76,12.522858,-5.858233,1
4lbs,82,TYR,G,0.76,13.236001,-5.0365777,1
4lbs,83,HIS,-,0.76,10.796203,-6.749942,1
4lbs,84,GLU,S,0.76,17.99535,6.767891,2
4lbs,85,LYS,H,0.76,9.919859,-7.9236927,1
4lbs,86,GLY,H,0.76,12.256083,-5.9445724,1
4lbs,87,LEU,H,0.76,12.989944,-5.5590262,1
4lbs,88,VAL,H,0.76,10.528582,-6.499148,1
4lbs,89,LYS,H,0.76,9.977067,-7.111035,1
4lbs,90,GLY,H,0.76,9.82717,-6.797741,1
4lbs,91,ALA,H,0.76,10.5713,-4.183448,1
4lbs,95,THR,H,0.76,8.232284,-6.4981556,1
4lbs,96,LEU,H,0.76,9.309833,-7.489991,1
4lbs,97,SER,H,0.76,8.544142,-6.7594957,1
4lbs,98,ASP,H,0.76,10.662681,-4.277141,1
4lbs,99,LEU,H,0.76,12.385224,-6.336981,1
4lbs,100,LYS,T,0.76,-1.0350909,15.577084,0
4lbs,104,LEU,B,0.76,18.29321,3.990467,2
4lbs,105,ASP,S,0.76,12.356615,-8.72639,1
4lbs,106,LEU,E,0.76,21.561634,3.1272583,2
4lbs,107,TYR,E,0.76,18.342884,2.994315,2
4lbs,108,LEU,E,0.76,20.822292,5.567097,2
4lbs,109,ILE,E,0.76,16.685324,3.657661,2
4lbs,110,HIS,S,0.76,10.698975,-7.4936624,1
4lbs,111,TRP,S,0.76,21.895857,2.560698,2
4lbs,112,PRO,S,0.76,11.547337,-7.838783,1
4lbs,113,THR,-,0.76,19.736948,1.7657135,2
4lbs,114,GLY,-,0.76,18.071741,4.578785,2
4lbs,115,PHE,B,0.76,19.89371,4.1334257,2
4lbs,116,LYS,-,0.76,16.897364,4.7927003,2
4lbs,117,PRO,-,0.76,18.001282,5.504663,2
4lbs,118,GLY,S,0.76,22.859013,3.8737686,2
4lbs,119,LYS,S,0.76,11.217042,-7.6816597,1
4lbs,120,GLU,-,0.76,19.784039,1.8199712,2
4lbs,121,PHE,S,0.76,12.133103,-7.836052,1
4lbs,122,PHE,S,0.76,17.958622,1.1559232,2
4lbs,123,PRO,-,0.76,17.511278,5.6504407,2
4lbs,124,LEU,B,0.76,20.437979,5.122478,2
4lbs,125,ASP,-,0.76,17.617962,4.4740276,2
4lbs,126,GLU,T,0.76,11.6585655,-7.6888494,1
4lbs,127,SER,T,0.76,13.142697,-6.7506084,1
4lbs,128,GLY,S,0.76,-1.1604282,13.869356,0
4lbs,129,ASN,-,0.76,20.160892,1.4004455,2
4lbs,130,VAL,B,0.76,17.740225,5.475117,2
4lbs,131,VAL,-,0.76,17.095427,4.5361047,2
4lbs,132,PRO,B,0.76,19.936197,5.856904,2
4lbs,133,SER,-,0.76,18.051453,4.117811,2
4lbs,134,ASP,S,0.76,12.462257,-7.868435,1
4lbs,135,THR,-,0.76,19.74091,1.9975283,2
4lbs,136,ASN,-,0.76,19.37233,4.430715,2
4lbs,137,ILE,H,0.76,11.2883835,-7.7903166,1
4lbs,138,LEU,H,0.76,9.93668,-7.0192466,1
4lbs,139,ASP,H,0.76,10.83263,-4.5590296,1
4lbs,140,THR,H,0.76,8.295975,-6.9969654,1
4lbs,141,TRP,H,0.76,8.032615,-6.4163094,1
4lbs,142,ALA,H,0.76,10.606211,-4.2274356,1
4lbs,143,ALA,H,0.76,10.680762,-4.4111576,1
4lbs,144,MET,H,0.76,8.937021,-7.1111584,1
4lbs,145,GLU,H,0.76,9.144421,-6.9332423,1
4lbs,146,GLU,H,0.76,9.659179,-6.5488706,1
4lbs,147,LEU,H,0.76,9.597502,-6.5974255,1
4lbs,148,VAL,H,0.76,8.235687,-7.602327,1
4lbs,149,ASP,H,0.76,11.688559,-5.7007327,1
4lbs,150,GLU,T,0.76,13.75646,-6.9510694,1
4lbs,151,GLY,T,0.76,-1.1782138,14.122115,0
4lbs,152,LEU,S,0.76,12.2836075,-6.6474648,1
4lbs,153,VAL,B,0.76,21.56942,3.1574185,2
4lbs,154,LYS,S,0.76,12.13443,-7.8476157,1
4lbs,155,ALA,-,0.76,21.272337,2.5511863,2
4lbs,156,ILE,E,0.76,19.71922,4.6940722,2
4lbs,157,GLY,E,0.76,22.468786,4.200161,2
4lbs,158,ILE,E,0.76,21.363098,4.6535277,2
4lbs,159,SER,E,0.76,20.06291,3.8812895,2
4lbs,160,ASN,S,0.76,-0.6695423,15.37846,0
4lbs,161,PHE,-,0.76,20.182962,2.025642,2
4lbs,162,ASN,-,0.76,17.877577,4.5223036,2
4lbs,163,HIS,H,0.76,11.240767,-7.852985,1
4lbs,164,LEU,H,0.76,9.82304,-7.046422,1
4lbs,165,GLN,H,0.76,9.520413,-6.767502,1
4lbs,166,VAL,H,0.76,8.25554,-7.1439366,1
4lbs,170,LEU,H,0.76,10.519938,-6.9553657,1
4lbs,171,ASN,T,0.76,13.786234,-6.9347506,1
4lbs,172,LYS,-,0.76,19.471733,1.6439799,2
4lbs,173,PRO,T,0.76,17.594145,6.1842766,2
4lbs,174,GLY,T,0.76,-0.33669728,14.885173,0
4lbs,175,LEU,-,0.76,19.60204,1.6632271,2
4lbs,176,LYS,-,0.76,13.564849,-5.007362,1
4lbs,177,TYR,S,0.76,21.800344,2.39676,2
4lbs,178,LYS,-,0.76,16.95186,5.500653,2
4lbs,179,PRO,-,0.76,17.67607,5.56921,2
4lbs,180,ALA,S,0.76,12.315606,-8.74408,1
4lbs,181,VAL,E,0.76,21.521591,5.233916,2
4lbs,182,ASN,E,0.76,17.602999,3.828745,2
4lbs,183,GLN,E,0.76,17.799929,2.6772003,2
4lbs,184,ILE,E,0.76,21.171675,4.7296367,2
4lbs,185,GLU,E,0.76,17.051485,4.733366,2
4lbs,186,CYS,-,0.76,19.817503,3.764608,2
4lbs,187,HIS,B,0.76,20.777746,3.5544853,2
4lbs,188,PRO,T,0.76,11.508596,-7.4570055,1
4lbs,189,TYR,T,0.76,12.674273,-6.9737353,1
4lbs,190,LEU,B,0.76,17.807161,1.6899929,2
4lbs,191,THR,-,0.76,11.351326,-6.6041865,1
4lbs,195,LEU,H,0.76,10.059885,-7.089204,1
4lbs,196,ILE,H,0.76,9.4693,-7.1290855,1
4lbs,197,GLN,H,0.76,9.580839,-7.1738987,1
4lbs,198,TYR,H,0.76,8.459706,-6.8767595,1
4lbs,199,CYS,H,0.76,10.718209,-4.143386,1
4lbs,200,GLN,H,0.76,9.899696,-6.9351783,1
4lbs,201,SER,H,0.76,10.641394,-6.9244123,1
4lbs,202,LYS,T,0.76,13.30275,-6.59721,1
4lbs,203,GLY,T,0.76,-1.1969564,14.194729,0
4lbs,204,ILE,P,0.76,21.439985,2.2778175,2
4lbs,205,VAL,E,0.76,17.36727,4.9629574,2
4lbs,206,VAL,E,0.76,19.45263,5.7590814,2
4lbs,207,THR,E,0.76,18.238195,3.7115319,2
4lbs,208,ALA,E,0.76,19.492956,4.8478646,2
4lbs,209,TYR,E,0.76,19.048567,5.2558746,2
4lbs,210,SER,-,0.76,-1.4651254,15.12309,0
4lbs,211,PRO,T,0.76,11.917554,-7.1661935,1
4lbs,212,LEU,T,0.76,13.378983,-6.529078,1
4lbs,213,GLY,-,0.76,-1.7020509,14.870031,0
4lbs,214,SER,-,0.76,-1.6159552,15.142074,0
4lbs,215,PRO,T,0.76,11.7259245,-7.265262,1
4lbs,216,ASP,T,0.76,13.927336,-7.0255337,1
4lbs,217,ARG,-,0.76,19.481491,1.1971515,2
4lbs,218,PRO,T,0.76,11.493613,-7.457345,1
4lbs,219,TRP,T,0.76,13.221476,-6.537354,1
4lbs,220,ALA,-,0.76,20.135124,1.400897,2
4lbs,221,LYS,-,0.76,16.01197,4.6139855,2
4lbs,222,PRO,T,0.76,12.352295,-4.0151706,1
4lbs,223,GLU,T,0.76,12.35141,-4.011061,1
4lbs,224,ASP,S,0.76,15.890219,4.603856,2
4lbs,225,PRO,-,0.76,16.340973,4.619561,2
4lbs,226,SER,-,0.76,19.509537,3.5692372,2
4lbs,227,LEU,G,0.76,10.019854,-7.877765,1
4lbs,228,LEU,G,0.76,10.689153,-6.838394,1
4lbs,229,GLU,G,0.76,12.954633,-5.3249297,1
4lbs,230,ASP,-,0.76,19.419163,1.2118337,2
4lbs,231,PRO,H,0.76,11.306226,-7.6245527,1
4lbs,232,ARG,H,0.76,10.733671,-4.1588674,1
4lbs,233,ILE,H,0.76,8.918008,-7.2302856,1
4lbs,234,LYS,H,0.76,9.405656,-7.0992656,1
4lbs,235,ALA,H,0.76,11.006918,-4.2164927,1
4lbs,236,ILE,H,0.76,8.9036665,-7.2110796,1
4lbs,237,ALA,H,0.76,10.828596,-4.261974,1
4lbs,238,ALA,H,0.76,11.047563,-4.2538586,1
4lbs,239,LYS,H,0.76,9.466095,-7.6994867,1
4lbs,246,GLN,H,0.76,9.626877,-6.4863725,1
4lbs,247,VAL,H,0.76,8.458231,-7.202702,1
4lbs,248,LEU,H,0.76,10.394946,-6.190463,1
4lbs,249,ILE,H,0.76,8.929165,-7.1957245,1
4lbs,250,ARG,H,0.76,10.596104,-4.51842,1
4lbs,251,PHE,H,0.76,10.138388,-6.4649906,1
4lbs,252,PRO,H,0.76,9.976289,-6.0454865,1
4lbs,253,MET,H,0.76,9.35989,-6.9318748,1
4lbs,254,GLN,T,0.76,11.889356,-6.105699,1
4lbs,258,VAL,E,0.76,17.299667,4.0066876,2
4lbs,259,VAL,E,0.76,19.91964,4.0183287,2
4lbs,260,ILE,-,0.76,13.976237,-4.663003,1
4lbs,261,PRO,-,0.76,20.0638,2.2053273,2
4lbs,262,LYS,B,0.76,19.681284,5.5192633,2
4lbs,263,SER,-,0.76,21.0392,4.3317075,2
4lbs,264,VAL,-,0.76,13.888372,-5.1505723,1
4lbs,265,THR,-,0.76,19.163168,1.2839718,2
4lbs,266,PRO,H,0.76,11.219978,-7.5313835,1
4lbs,267,GLU,H,0.76,9.741567,-7.008611,1
4lbs,268,ARG,H,0.76,10.76608,-4.451821,1
4lbs,269,ILE,H,0.76,8.618796,-6.9606957,1
4lbs,270,ALA,H,0.76,10.804801,-4.4034147,1
4lbs,271,GLU,H,0.76,9.570941,-7.8523903,1
4lbs,272,ASN,H,0.76,10.956367,-5.312355,1
4lbs,273,PHE,H,0.76,12.567053,-5.896459,1
4lbs,274,LYS,-,0.76,17.305832,1.6807133,2
4lbs,275,VAL,-,0.76,13.379883,-4.9337764,1
4lbs,276,PHE,S,0.76,12.450377,-4.711729,1
4lbs,277,ASP,S,0.76,13.715312,-7.170141,1
4lbs,278,PHE,-,0.76,21.595604,3.3995159,2
4lbs,279,GLU,-,0.76,20.324305,5.0485344,2
4lbs,280,LEU,-,0.76,17.35554,4.245667,2
4lbs,281,SER,-,0.76,17.120909,5.530598,2
4lbs,282,SER,H,0.76,10.729483,-8.18168,1
4lbs,283,GLN,H,0.76,9.171583,-6.965475,1
4lbs,284,ASP,H,0.76,10.291797,-4.2775025,1
4lbs,285,MET,H,0.76,9.101183,-7.552898,1
4lbs,286,THR,H,0.76,8.198425,-6.672162,1
4lbs,287,THR,H,0.76,8.108997,-6.4855065,1
4lbs,288,LEU,H,0.76,9.7595625,-6.538189,1
4lbs,289,LEU,H,0.76,9.457976,-7.153364,1
4lbs,290,SER,T,0.76,12.42367,-6.8617606,1
4lbs,291,TYR,T,0.76,12.764489,-6.79517,1
4lbs,292,ASN,-,0.76,20.110582,1.6395077,2
4lbs,293,ARG,-,0.76,14.05968,-5.5834117,1
4lbs,294,ASN,-,0.76,-1.7228051,14.967902,0
4lbs,295,TRP,-,0.76,19.417547,1.6757957,2
4lbs,296,ARG,-,0.76,19.925531,5.128793,2
4lbs,297,VAL,S,0.76,8.225248,-7.6696153,1
4lbs,298,CYS,-,0.76,19.953638,2.8494914,2
4lbs,299,ALA,-,0.76,20.416777,3.3810482,2
4lbs,300,LEU,-,0.76,19.71535,3.6655443,2
4lbs,301,LEU,G,0.76,10.949911,-7.764783,1
4lbs,302,SER,G,0.76,10.86043,-6.7860937,1
4lbs,303,CYS,G,0.76,12.822058,-5.272193,1
4lbs,304,THR,T,0.76,13.392624,-7.1682463,1
4lbs,305,SER,T,0.76,13.009573,-6.8273277,1
4lbs,306,HIS,S,0.76,17.730894,6.8561788,2
4lbs,307,LYS,T,0.76,11.433147,-7.8763847,1
4lbs,308,ASP,T,0.76,13.925025,-7.087161,1
4lbs,309,TYR,-,0.76,19.08697,1.0353677,2
4lbs,310,PRO,T,0.76,11.503477,-7.3765674,1
4lbs,311,PHE,T,0.76,13.57024,-7.178115,1
4lbs,312,HIS,S,0.76,12.315097,-4.550622,1
4lbs,313,GLU,S,0.76,15.897248,4.579978,2
4lbs,314,GLU,-,0.76,12.192008,-4.3943973,1
4rek,13,ALA,E,0.74,20.758076,2.7607458,2
4rek,14,VAL,E,0.74,18.503925,3.7367978,2
4rek,15,VAL,E,0.74,18.185059,3.5583978,2
4rek,16,ILE,E,0.74,17.723783,3.3290331,2
4rek,17,GLY,-,0.74,23.155115,3.8498437,2
4rek,18,THR,-,0.74,13.791702,-5.128863,1
4rek,19,GLY,S,0.74,21.037193,3.001807,2
4rek,20,TYR,H,0.74,11.006282,-7.692252,1
4rek,21,GLY,H,0.74,9.595408,-6.982715,1
4rek,22,ALA,H,0.74,10.761063,-4.7284155,1
4rek,23,ALA,H,0.74,10.820077,-4.2119718,1
4rek,24,VAL,H,0.74,8.343198,-7.5594325,1
4rek,25,SER,H,0.74,9.306563,-6.4994397,1
4rek,26,ALA,H,0.74,10.856676,-4.899135,1
4rek,27,LEU,H,0.74,9.403498,-7.4770293,1
4rek,28,ARG,H,0.74,10.806757,-5.1932116,1
4rek,29,LEU,H,0.74,8.942382,-7.060958,1
4rek,30,GLY,H,0.74,9.672179,-7.0546007,1
4rek,31,GLU,H,0.74,9.868044,-6.9438686,1
4rek,32,ALA,T,0.74,13.808132,-6.968317,1
4rek,33,GLY,T,0.74,-1.2030238,14.077137,0
4rek,34,VAL,-,0.74,19.549313,1.8671099,2
4rek,35,GLN,-,0.74,17.422812,3.4647458,2
4rek,36,THR,E,0.74,20.921896,4.9939966,2
4rek,37,LEU,E,0.74,18.786068,3.375859,2
4rek,38,MET,E,0.74,18.12776,3.5888376,2
4rek,39,LEU,E,0.74,18.33914,3.0311842,2
4rek,40,GLU,E,0.74,18.952114,2.9697478,2
4rek,41,MET,S,0.74,11.94305,-7.7761145,1
4rek,42,GLY,S,0.74,21.185873,3.1186137,2
4rek,43,GLN,-,0.74,20.292711,5.570531,2
4rek,44,LEU,-,0.74,16.883919,3.6925886,2
4rek,45,TRP,-,0.74,17.376467,1.76693,2
4rek,46,ASN,-,0.74,13.766568,-5.428854,1
4rek,52,GLY,S,0.74,-1.1825343,14.129874,0
4rek,53,ASN,S,0.74,21.183605,2.3651984,2
4rek,54,ILE,S,0.74,10.801423,-8.05137,1
4rek,61,PRO,-,0.74,20.147398,2.1558423,2
4rek,62,ASP,-,0.74,20.50478,3.51136,2
4rek,63,LYS,G,0.74,11.313291,-7.653616,1
4rek,64,ARG,G,0.74,10.985115,-4.7698655,1
4rek,65,SER,G,0.74,12.922166,-5.792305,1
4rek,66,SER,S,0.74,21.433708,4.7190194,2
4rek,67,TRP,B,0.74,18.116182,4.4451075,2
4rek,71,ARG,B,0.74,21.099161,2.5469122,2
4rek,72,THR,-,0.74,18.187857,5.4113975,2
4rek,73,GLU,-,0.74,20.380354,4.049755,2
4rek,74,ALA,P,0.74,18.324345,6.0497165,2
4rek,75,PRO,P,0.74,17.701767,6.1118493,2
4rek,76,LEU,T,0.74,17.893167,6.2762375,2
4rek,77,GLY,T,0.74,-0.5319843,14.518773,0
4rek,78,SER,-,0.74,13.089783,-5.342434,1
4rek,79,PHE,H,0.74,9.923959,-7.0463037,1
4rek,80,LEU,H,0.74,11.043255,-6.8347397,1
4rek,81,TRP,H,0.74,13.028376,-5.924471,1
4rek,82,LEU,H,0.74,12.642651,-5.4412103,1
4rek,83,ASP,G,0.74,10.94319,-4.673885,1
4rek,84,VAL,G,0.74,10.989726,-6.7159534,1
4rek,85,VAL,G,0.74,12.912299,-5.4901953,1
4rek,86,ASN,-,0.74,20.060867,1.7721878,2
4rek,87,ARG,-,0.74,20.717136,4.665162,2
4rek,88,ASN,B,0.74,17.61767,4.1917276,2
4rek,89,ILE,-,0.74,20.570438,4.8853574,2
4rek,90,ASP,-,0.74,17.77169,4.691474,2
4rek,91,PRO,-,0.74,17.579498,5.291577,2
4rek,92,TYR,-,0.74,21.065907,4.257483,2
4rek,93,ALA,B,0.74,14.080971,-5.372678,1
4rek,94,GLY,-,0.74,21.065908,3.1651518,2
4rek,95,VAL,S,0.74,11.513495,-7.3579373,1
4rek,96,LEU,E,0.74,19.296505,2.2586522,2
4rek,97,ASP,E,0.74,19.737995,4.9068747,2
4rek,98,ARG,E,0.74,17.462664,3.642712,2
4rek,99,VAL,E,0.74,18.453165,2.805301,2
4rek,100,ASN,E,0.74,19.0064,4.9330945,2
4rek,106,VAL,E,0.74,18.900284,3.0735435,2
4rek,107,TYR,E,0.74,18.614643,3.2802267,2
4rek,108,VAL,E,0.74,20.851702,4.540964,2
4rek,109,GLY,E,0.74,18.362947,5.537283,2
4rek,110,ARG,-,0.74,18.9473,3.8577678,2
4rek,111,GLY,S,0.74,22.651268,3.9296079,2
4rek,112,VAL,T,0.74,17.902636,6.291988,2
4rek,113,GLY,T,0.74,-0.4599221,14.479337,0
4rek,114,GLY,G,0.74,23.4045,3.8659687,2
4rek,115,GLY,G,0.74,11.674251,-8.327014,1
4rek,116,SER,G,0.74,9.736562,-6.099266,1
4rek,117,LEU,G,0.74,11.539581,-6.1287227,1
4rek,118,VAL,T,0.74,12.934065,-6.101854,1
4rek,119,ASN,S,0.74,21.157999,3.142377,2
4rek,120,GLY,-,0.74,13.583446,-5.3266864,1
4rek,121,GLY,-,0.74,-1.5839083,14.738649,0
4rek,122,MET,B,0.74,19.574394,2.0694187,2
4rek,123,ALA,-,0.74,17.936403,2.6034474,2
4rek,124,VAL,-,0.74,21.093935,4.7795334,2
4rek,125,GLU,P,0.74,17.335506,5.982043,2
4rek,126,PRO,P,0.74,17.82606,6.1588497,2
4rek,127,LYS,P,0.74,17.383957,6.0010357,2
4rek,128,ARG,H,0.74,10.56378,-7.879951,1
4rek,129,SER,H,0.74,10.645361,-6.764292,1
4rek,130,TYR,H,0.74,8.45593,-6.8155613,1
4rek,131,PHE,H,0.74,8.913032,-7.324586,1
4rek,132,GLU,H,0.74,9.643839,-7.079848,1
4rek,133,GLU,H,0.74,9.806565,-7.0737863,1
4rek,134,ILE,H,0.74,11.069982,-6.7315364,1
4rek,135,LEU,-,0.74,17.843744,1.4332521,2
4rek,136,PRO,T,0.74,11.730538,-6.882264,1
4rek,137,ARG,T,0.74,13.444819,-6.7927675,1
4rek,144,TYR,I,0.74,11.317024,-6.8292446,1
4rek,145,ASP,I,0.74,11.711886,-4.9537063,1
4rek,146,ARG,I,0.74,12.867532,-5.44651,1
4rek,147,TYR,I,0.74,11.051723,-6.543045,1
4rek,148,PHE,H,0.74,9.186445,-5.983056,1
4rek,149,PRO,H,0.74,10.199863,-7.017426,1
4rek,150,ARG,H,0.74,10.982057,-4.1522303,1
4rek,156,ARG,T,0.74,-1.0738261,15.596334,0
4rek,157,VAL,-,0.74,19.761734,2.0061781,2
4rek,158,ASN,B,0.74,19.579706,4.403193,2
4rek,159,HIS,-,0.74,19.75021,3.620726,2
4rek,160,ILE,-,0.74,17.427263,5.238558,2
4rek,161,ASP,-,0.74,17.31729,4.0776715,2
4rek,162,THR,H,0.74,11.115447,-7.5998955,1
4rek,163,LYS,H,0.74,12.099092,-4.615109,1
4rek,164,TRP,H,0.74,8.499744,-6.886648,1
4rek,165,PHE,H,0.74,9.788072,-7.1523166,1
4rek,166,GLU,H,0.74,9.781573,-7.357383,1
4rek,167,ASP,H,0.74,12.756722,-5.33728,1
4rek,168,THR,-,0.74,19.914948,1.9018916,2
4rek,169,GLU,G,0.74,10.377388,-8.013599,1
4rek,170,TRP,G,0.74,11.142383,-6.6554675,1
4rek,171,TYR,G,0.74,13.279204,-5.1079054,1
4rek,172,LYS,H,0.74,9.498884,-7.208867,1
4rek,173,PHE,H,0.74,9.381389,-7.4988465,1
4rek,174,ALA,H,0.74,10.80758,-4.1219025,1
4rek,175,ARG,H,0.74,11.018258,-4.64206,1
4rek,176,VAL,H,0.74,8.434214,-6.774043,1
4rek,177,SER,H,0.74,10.439817,-6.846135,1
4rek,178,ARG,H,0.74,10.987981,-4.2327213,1
4rek,179,GLU,H,0.74,9.78028,-7.1303954,1
4rek,180,GLN,H,0.74,9.650217,-7.093973,1
4rek,181,ALA,H,0.74,10.981446,-4.1814404,1
4rek,182,GLY,H,0.74,12.1985655,-4.5105596,1
4rek,183,LYS,H,0.74,12.178856,-4.534844,1
4rek,184,ALA,T,0.74,12.385139,-4.628194,1
4rek,185,GLY,T,0.74,-1.1187245,14.13237,0
4rek,186,LEU,-,0.74,16.23524,4.509359,2
4rek,187,GLY,-,0.74,16.15916,4.570192,2
4rek,188,THR,E,0.74,20.451736,4.9215455,2
4rek,189,VAL,E,0.74,20.498587,4.9710155,2
4rek,190,PHE,E,0.74,17.666435,5.3680553,2
4rek,191,VAL,-,0.74,18.846697,2.3806493,2
4rek,192,PRO,-,0.74,17.823631,5.4892573,2
4rek,193,ASN,B,0.74,21.236805,4.687871,2
4rek,194,VAL,S,0.74,12.400034,-7.7779684,1
4rek,195,TYR,B,0.74,19.827635,1.9806126,2
4rek,196,ASP,-,0.74,17.401024,4.1490726,2
4rek,197,PHE,H,0.74,11.095524,-7.393762,1
4rek,198,GLY,H,0.74,9.080682,-7.236829,1
4rek,199,TYR,H,0.74,8.543265,-6.9719143,1
4rek,204,ALA,H,0.74,11.053375,-4.251884,1
4rek,205,ALA,T,0.74,13.79559,-6.973562,1
4rek,206,GLY,T,0.74,-1.2875894,14.20628,0
4rek,207,GLU,S,0.74,12.62001,-6.180912,1
4rek,208,VAL,S,0.74,21.989586,2.6574762,2
4rek,209,PRO,-,0.74,17.663235,5.3823833,2
4rek,210,LYS,-,0.74,19.067719,5.342794,2
4rek,211,SER,S,0.74,13.319383,-5.913854,1
4rek,212,ALA,G,0.74,10.309285,-4.9083185,1
4rek,213,LEU,G,0.74,12.294955,-6.1645064,1
4rek,214,ALA,G,0.74,13.835457,-6.1632504,1
4rek,215,THR,T,0.74,-1.0101438,15.262473,0
4rek,216,GLU,-,0.74,20.96686,4.9767847,2
4rek,217,VAL,S,0.74,13.261613,-5.9317503,1
4rek,218,ILE,T,0.74,11.58806,-7.1635766,1
4rek,219,TYR,T,0.74,13.35826,-6.595622,1
4rek,220,GLY,-,0.74,23.09668,3.7845004,2
4rek,221,ASN,-,0.74,18.929386,4.2162886,2
4rek,222,ASN,S,0.74,12.245045,-8.1719265,1
4rek,223,HIS,S,0.74,21.857977,2.884709,2
4rek,224,GLY,S,0.74,-0.4618768,14.497752,0
4rek,228,LEU,T,0.74,11.904933,-7.7727065,1
4rek,229,ASP,T,0.74,12.43205,-7.3834343,1
4rek,230,LYS,T,0.74,13.299785,-6.2683206,1
4rek,231,THR,T,0.74,13.321597,-5.9661417,1
4rek,232,TYR,H,0.74,11.078015,-7.3226438,1
4rek,233,LEU,H,0.74,9.748092,-6.2861624,1
4rek,234,ALA,H,0.74,10.938566,-4.2031245,1
4rek,235,ALA,H,0.74,11.138591,-4.770716,1
4rek,236,ALA,H,0.74,11.037863,-4.461391,1
4rek,237,LEU,H,0.74,9.360058,-7.215431,1
4rek,238,GLY,H,0.74,12.235628,-5.7984705,1
4rek,239,THR,T,0.74,12.52238,-6.707147,1
4rek,245,GLN,E,0.74,17.715548,3.1738102,2
4rek,246,THR,E,0.74,20.75847,4.295653,2
4rek,247,LEU,S,0.74,-0.74270487,15.371063,0
4rek,248,HIS,E,0.74,19.088665,2.1837893,2
4rek,249,GLN,E,0.74,19.219215,4.009248,2
4rek,253,ILE,E,0.74,18.96008,3.0619733,2
4rek,262,ALA,E,0.74,19.586637,4.0323477,2
4rek,263,LEU,E,0.74,20.612934,5.10912,2
4rek,264,THR,E,0.74,17.614246,3.3498664,2
4rek,265,VAL,E,0.74,19.54185,3.408918,2
4rek,266,GLU,E,0.74,18.64823,4.568016,2
4rek,267,GLN,E,0.74,17.817678,3.4930959,2
4rek,268,LYS,E,0.74,20.657482,4.836462,2
4rek,269,ASP,-,0.74,17.630304,4.502173,2
4rek,270,THR,T,0.74,11.747597,-7.861708,1
4rek,271,ASP,T,0.74,13.791515,-6.9783497,1
4rek,272,GLY,-,0.74,-1.6811274,14.779806,0
4rek,273,LYS,-,0.74,19.90457,1.8790578,2
4rek,274,LEU,E,0.74,16.72406,4.545716,2
4rek,275,LEU,E,0.74,12.300326,-4.50734,1
4rek,276,ALA,E,0.74,21.114456,2.605126,2
4rek,277,THR,E,0.74,17.355532,3.5857248,2
4rek,281,SER,E,0.74,19.838232,3.6246374,2
4rek,282,CYS,E,0.74,21.45312,4.5544915,2
4rek,283,ARG,E,0.74,13.44415,-5.4048705,1
4rek,284,TYR,E,0.74,19.152172,2.265849,2
4rek,285,LEU,E,0.74,19.218048,3.1445105,2
4rek,286,PHE,E,0.74,18.918531,3.0695312,2
4rek,287,LEU,E,0.74,18.550621,3.3287027,2
4rek,288,GLY,-,0.74,13.826342,-5.6532607,1
4rek,289,ALA,S,0.74,12.487868,-6.5162983,1
4rek,290,GLY,H,0.74,23.120432,3.8004332,2
4rek,294,SER,H,0.74,8.8718195,-6.6314974,1
4rek,295,THR,H,0.74,9.003456,-6.1913214,1
4rek,296,GLU,H,0.74,9.805123,-7.0103054,1
4rek,297,LEU,H,0.74,9.655164,-6.861347,1
4rek,301,ALA,H,0.74,10.953199,-4.8597164,1
4rek,302,ARG,H,0.74,10.339242,-4.22914,1
4rek,303,ASP,H,0.74,11.636675,-5.6446238,1
4rek,304,THR,T,0.74,13.154984,-6.7855825,1
4rek,305,GLY,T,0.74,-1.1016166,13.816366,0
4rek,306,THR,S,0.74,12.682365,-6.9322085,1
4rek,307,LEU,S,0.74,17.80984,1.3525407,2
4rek,311,ASN,-,0.74,19.546883,4.7455616,2
4rek,312,SER,T,0.74,11.680143,-7.880086,1
4rek,313,GLU,T,0.74,13.2791,-6.6985993,1
4rek,314,VAL,T,0.74,17.869377,6.811405,2
4rek,315,GLY,T,0.74,-0.5023005,14.508411,0
4rek,316,ALA,-,0.74,20.743706,2.8939478,2
4rek,317,GLY,-,0.74,-1.1489036,14.827043,0
4rek,318,TRP,B,0.74,20.112217,1.823927,2
4rek,319,GLY,B,0.74,19.681778,4.496375,2
4rek,320,PRO,-,0.74,13.715027,-5.132448,1
4rek,321,ASN,T,0.74,-1.0425777,15.541585,0
4rek,322,GLY,T,0.74,-1.3011357,14.289509,0
4rek,323,ASN,-,0.74,19.97462,1.5962118,2
4rek,324,ILE,E,0.74,19.048845,2.8562872,2
4rek,325,MET,E,0.74,18.66727,3.8508935,2
4rek,326,THR,E,0.74,20.776636,3.7769692,2
4rek,327,ALA,E,0.74,21.227247,4.6993523,2
4rek,328,ARG,E,0.74,19.765488,4.2428956,2
4rek,329,ALA,E,0.74,17.476862,3.8094168,2
4rek,330,ASN,P,0.74,18.649435,5.9274626,2
4rek,331,HIS,P,0.74,17.873623,6.031244,2
4rek,332,MET,T,0.74,11.655361,-7.8608913,1
4rek,333,TRP,T,0.74,13.040559,-6.8391886,1
4rek,334,ASN,-,0.74,13.912853,-5.947463,1
4rek,335,PRO,-,0.74,19.57698,2.0275223,2
4rek,336,THR,-,0.74,13.460861,-5.183334,1
4rek,337,GLY,-,0.74,23.13162,3.8171833,2
4rek,341,SER,-,0.74,17.566814,5.5085564,2
4rek,342,SER,S,0.74,12.162085,-7.752386,1
4rek,343,ILE,S,0.74,18.47888,1.4697868,2
4rek,344,PRO,-,0.74,17.105898,5.5470057,2
4rek,345,ALA,-,0.74,13.816674,-5.4559135,1
4rek,346,LEU,E,0.74,21.655893,3.6142066,2
4rek,347,GLY,E,0.74,20.476406,4.689603,2
4rek,348,ILE,E,0.74,17.09221,3.6125772,2
4rek,349,ASP,E,0.74,18.54042,4.791344,2
4rek,350,ALA,E,0.74,14.082435,-5.6767783,1
4rek,351,TRP,-,0.74,19.477045,1.8116285,2
4rek,352,ASP,-,0.74,14.070032,-5.5682387,1
4rek,353,ASN,S,0.74,-1.2346964,14.262685,0
4rek,354,SER,S,0.74,17.930878,6.6023135,2
4rek,355,ASP,T,0.74,11.7934675,-7.746289,1
4rek,356,SER,T,0.74,12.979834,-6.6870394,1
4rek,357,SER,-,0.74,19.935091,1.8699739,2
4rek,358,VAL,E,0.74,20.505356,4.937232,2
4rek,359,PHE,E,0.74,17.103031,3.6276903,2
4rek,363,ALA,E,0.74,19.329807,2.594572,2
4rek,364,PRO,-,0.74,17.33086,5.2198567,2
4rek,365,MET,-,0.74,19.585905,3.748394,2
4rek,366,PRO,-,0.74,13.409741,-5.573901,1
4rek,367,ALA,-,0.74,11.311028,-4.517111,1
4rek,368,GLY,S,0.74,-1.1937445,14.113041,0
4rek,369,LEU,S,0.74,21.974821,2.7873368,2
4rek,370,GLU,-,0.74,16.550589,4.7063622,2
4rek,371,THR,-,0.74,13.540352,-5.2529273,1
4rek,372,TRP,-,0.74,-1.6656219,14.84675,0
4rek,373,VAL,E,0.74,20.104404,2.0420225,2
4rek,374,SER,E,0.74,17.323828,3.7833216,2
4rek,375,LEU,E,0.74,19.430698,3.4894018,2
4rek,376,TYR,E,0.74,20.693853,4.713492,2
4rek,377,LEU,E,0.74,17.65108,3.3884225,2
4rek,378,ALA,E,0.74,19.55378,4.799609,2
4rek,379,ILE,E,0.74,17.462706,2.933837,2
4rek,380,THR,E,0.74,21.196304,4.3567705,2
4rek,381,LYS,-,0.74,18.02266,2.8094153,2
4rek,382,ASN,-,0.74,18.468565,1.9647292,2
4rek,383,PRO,-,0.74,11.304565,-7.6637607,1
4rek,384,GLN,-,0.74,19.967707,1.7754151,2
4rek,385,ARG,-,0.74,20.09945,4.3642235,2
4rek,386,GLY,B,0.74,19.374565,5.0624666,2
4rek,387,THR,E,0.74,20.564615,4.9728627,2
4rek,391,ASP,E,0.74,17.369291,3.5027885,2
4rek,392,ALA,T,0.74,12.257765,-8.248028,1
4rek,393,ALA,T,0.74,11.01255,-4.3003683,1
4rek,394,THR,T,0.74,12.85518,-6.631724,1
4rek,395,ASP,T,0.74,-1.0552708,15.547238,0
4rek,402,THR,-,0.74,16.845528,4.695801,2
4rek,406,ASN,G,0.74,13.009917,-5.460619,1
4rek,407,ALA,H,0.74,10.697917,-5.1603174,1
4rek,408,PRO,H,0.74,10.287292,-7.006314,1
4rek,409,ALA,H,0.74,10.905565,-4.199529,1
4rek,410,VAL,H,0.74,8.48619,-7.0261917,1
4rek,411,ASN,H,0.74,11.161526,-4.4610467,1
4rek,412,ALA,H,0.74,11.069618,-4.4901805,1
4rek,413,ALA,H,0.74,11.025139,-4.230313,1
4rek,414,LYS,H,0.74,10.010868,-6.843538,1
4rek,415,ALA,H,0.74,11.008547,-4.309788,1
4rek,416,LEU,H,0.74,9.664921,-7.2124476,1
4rek,417,PHE,H,0.74,10.655639,-6.77079,1
4rek,418,ASP,H,0.74,10.983891,-4.608228,1
4rek,419,ARG,H,0.74,10.961084,-4.1714034,1
4rek,420,ILE,H,0.74,9.549985,-7.1349635,1
4rek,421,ASN,H,0.74,10.988165,-4.5169086,1
4rek,422,LYS,H,0.74,9.824002,-7.136895,1
4rek,423,ALA,H,0.74,11.324224,-4.6268935,1
4rek,424,ASN,H,0.74,12.843722,-5.3033056,1
4rek,425,GLY,T,0.74,-1.3805077,14.395422,0
4rek,426,THR,-,0.74,21.548286,3.3899043,2
4rek,427,ILE,E,0.74,20.471289,4.910601,2
4rek,428,TYR,E,0.74,19.797606,5.90598,2
4rek,429,ARG,-,0.74,17.433512,3.8346298,2
4rek,430,TYR,-,0.74,13.485416,-5.312971,1
4rek,431,ASP,S,0.74,13.789087,-6.500399,1
4rek,432,LEU,T,0.74,12.22004,-6.473051,1
4rek,433,PHE,T,0.74,12.581971,-4.815036,1
4rek,434,GLY,-,0.74,22.710943,3.7320242,2
4rek,435,THR,S,0.74,12.229357,-4.42395,1
4rek,436,GLN,S,0.74,15.941169,4.646022,2
4rek,437,LEU,-,0.74,16.520456,4.5485506,2
4rek,438,LYS,-,0.74,19.47842,3.525704,2
4rek,439,ALA,S,0.74,12.408629,-8.059353,1
4rek,440,PHE,E,0.74,19.41257,2.3051496,2
4rek,441,ALA,E,0.74,17.397161,3.4309447,2
4rek,442,ASP,-,0.74,13.400168,-5.329234,1
4rek,443,ASP,S,0.74,13.895327,-6.883552,1
4rek,447,HIS,-,0.74,17.961964,1.3657045,2
4rek,448,PRO,-,0.74,17.5723,5.6644344,2
4rek,449,LEU,B,0.74,20.018482,4.178352,2
4rek,450,GLY,-,0.74,23.06671,3.863478,2
4rek,451,GLY,S,0.74,-0.4462055,14.460689,0
4rek,452,CYS,S,0.74,17.783834,1.5239415,2
4rek,453,VAL,-,0.74,19.951105,2.0151,2
4rek,454,LEU,T,0.74,17.803549,6.3186264,2
4rek,458,THR,B,0.74,21.505362,5.0761666,2
4rek,459,ASP,-,0.74,17.618164,4.511385,2
4rek,460,ASP,T,0.74,12.407106,-8.192352,1
4rek,461,TYR,T,0.74,13.129621,-6.186089,1
4rek,462,GLY,S,0.74,-1.1983185,14.0261545,0
4rek,463,ARG,B,0.74,19.776836,1.2318225,2
4rek,464,VAL,B,0.74,17.450533,5.3345046,2
4rek,465,ALA,T,0.74,18.325012,6.3510966,2
4rek,466,GLY,T,0.74,-0.49329063,14.532446,0
4rek,467,TYR,-,0.74,21.49177,4.910325,2
4rek,468,LYS,S,0.74,19.010939,5.504129,2
4rek,469,ASN,S,0.74,-0.6474697,15.343083,0
4rek,470,LEU,E,0.74,18.474867,2.2182417,2
4rek,471,TYR,E,0.74,21.143362,5.0557737,2
4rek,472,VAL,E,0.74,17.90655,3.1638427,2
4rek,473,THR,-,0.74,13.26153,-5.5728197,1
4rek,474,ASP,S,0.74,21.78244,3.6639779,2
4rek,475,GLY,G,0.74,11.732312,-8.210199,1
4rek,476,SER,G,0.74,10.092625,-6.578108,1
4rek,477,LEU,G,0.74,12.386468,-5.8998027,1
4rek,481,SER,-,0.74,21.462473,4.966458,2
4rek,482,VAL,-,0.74,13.874752,-5.228903,1
4rek,483,GLY,S,0.74,-1.2696325,14.098138,0
4rek,487,PHE,H,0.74,10.980085,-6.2528872,1
4rek,488,VAL,H,0.74,8.290386,-6.867987,1
4rek,489,THR,H,0.74,8.760166,-6.4259706,1
4rek,490,ILE,H,0.74,9.023989,-6.677608,1
4rek,491,THR,H,0.74,8.947463,-6.5380077,1
4rek,492,ALA,H,0.74,10.911819,-5.2071295,1
4rek,493,LEU,H,0.74,9.365246,-6.905033,1
4rek,494,ALA,H,0.74,10.866993,-4.797684,1
4rek,495,GLU,H,0.74,9.113897,-7.1833544,1
4rek,496,ARG,H,0.74,10.398159,-4.1749053,1
4rek,497,ASN,H,0.74,10.773951,-4.975267,1
4rek,498,VAL,H,0.74,8.717923,-5.9074435,1
4rek,499,GLU,H,0.74,9.705232,-7.0262437,1
4ua6,27,SER,-,0.79,18.265615,4.8480372,2
4ua6,28,ALA,H,0.79,10.521669,-7.952475,1
4ua6,29,VAL,H,0.79,11.311527,-5.278853,1
4ua6,30,GLN,H,0.79,10.121634,-6.850277,1
4ua6,31,GLN,H,0.79,10.423528,-6.873081,1
4ua6,32,LYS,H,0.79,9.182267,-6.495435,1
4ua6,33,LEU,H,0.79,8.820394,-5.8429227,1
4ua6,34,ALA,H,0.79,10.581397,-4.702296,1
4ua6,35,ALA,H,0.79,10.387776,-4.5951285,1
4ua6,36,LEU,H,0.79,8.906553,-6.0075517,1
4ua6,44,LEU,E,0.79,19.901918,3.9125032,2
4ua6,45,GLY,E,0.79,19.340801,3.8294847,2
4ua6,46,VAL,E,0.79,20.634905,5.0327725,2
4ua6,47,ALA,E,0.79,19.509201,4.3486767,2
4ua6,48,LEU,E,0.79,18.815483,3.4088664,2
4ua6,49,ILE,E,0.79,18.372852,3.8667603,2
4ua6,54,ASN,-,0.79,-1.5999252,14.780284,0
4ua6,55,THR,-,0.79,17.003807,5.2751327,2
4ua6,56,GLN,E,0.79,20.32821,5.0954437,2
4zm7,2,THR,G,0.701,18.015268,5.3279214,2
4zm7,3,GLY,G,0.701,-0.6913702,14.513031,0
4zm7,4,GLY,G,0.701,-1.6513542,14.8087845,0
4zm7,5,TYR,-,0.701,19.716814,2.1832204,2
4zm7,6,VAL,-,0.701,18.07859,2.9671602,2
4zm7,7,GLN,-,0.701,18.71465,2.7748966,2
4zm7,8,GLN,-,0.701,20.547026,2.9153092,2
4zm7,9,ALA,S,0.701,12.035298,-8.395848,1
4zm7,10,THR,E,0.701,21.648932,3.3804345,2
4zm7,11,GLY,E,0.701,22.481016,4.2212176,2
4zm7,12,GLN,E,0.701,18.951302,3.9054947,2
4zm7,16,THR,E,0.701,20.785896,4.303167,2
4zm7,17,MET,E,0.701,20.291573,4.6040034,2
4zm7,21,CYS,-,0.701,13.035387,-5.317808,1
4zm7,22,GLY,S,0.701,12.938736,-6.782639,1
4zm7,23,SER,S,0.701,17.842001,1.2975607,2
4zm7,24,PRO,-,0.701,21.038624,3.2358515,2
4zm7,25,ALA,T,0.701,12.054915,-8.409859,1
4zm7,26,CYS,T,0.701,12.0383005,-8.905396,1
4zm7,30,ALA,B,0.701,19.514458,4.487632,2
4zm7,31,SER,S,0.701,11.794019,-8.408681,1
4zm7,32,GLY,S,0.701,20.90482,2.8704052,2
4zm7,33,PHE,-,0.701,18.081314,5.0600863,2
4zm7,34,THR,E,0.701,21.184006,4.4969106,2
4zm7,35,ALA,E,0.701,20.8768,4.575699,2
4zm7,36,ALA,E,0.701,17.618786,3.9020464,2
4zm7,37,ILE,E,0.701,19.156414,4.352485,2
4zm7,38,ASN,E,0.701,18.788134,4.9928975,2
4zm7,39,GLN,H,0.701,11.834362,-8.641464,1
4zm7,40,LEU,H,0.701,11.358451,-8.614278,1
4zm7,41,ALA,H,0.701,13.176932,-5.904791,1
4zm7,42,PHE,H,0.701,10.91126,-9.23297,1
4zm7,43,GLY,T,0.701,-1.0664879,14.21383,0
4zm7,44,SER,S,0.701,21.993006,2.82368,2
4zm7,45,ALA,-,0.701,19.134558,4.360438,2
4zm7,46,PRO,T,0.701,17.650785,6.2309866,2
4zm7,47,GLY,T,0.701,-0.5566134,14.448394,0
4zm7,48,LEU,S,0.701,13.305719,-6.6777725,1
4zm7,49,GLY,-,0.701,23.176355,3.8579211,2
4zm7,50,ALA,-,0.701,19.024408,5.1639957,2
4zm7,51,GLY,-,0.701,18.88262,4.66109,2
4zm7,52,ASP,T,0.701,12.071202,-8.4017725,1
4zm7,53,ALA,T,0.701,11.989627,-9.013169,1
4zm7,54,CYS,T,0.701,18.232445,6.517586,2
4zm7,55,GLY,T,0.701,-0.54587144,14.555647,0
4zm7,56,ARG,-,0.701,19.948973,2.4480553,2
4zm7,57,CYS,E,0.701,19.010397,3.9191256,2
4zm7,58,PHE,E,0.701,20.93474,4.8496633,2
4zm7,59,ALA,E,0.701,17.573006,3.7638776,2
4zm7,60,LEU,E,0.701,19.187061,3.6517365,2
4zm7,61,THR,E,0.701,19.016392,3.5898788,2
4zm7,62,GLY,E,0.701,18.157225,4.4341884,2
4zm7,63,ASN,E,0.701,13.826459,-5.493677,1
4zm7,64,HIS,E,0.701,21.589346,3.2666872,2
4zm7,65,ASP,-,0.701,17.534464,3.4134488,2
4zm7,66,PRO,T,0.701,11.7569,-7.8452396,1
4zm7,70,ASN,T,0.701,13.595011,-6.882465,1
4zm7,71,TYR,-,0.701,19.540266,1.9130042,2
4zm7,72,THR,-,0.701,12.250424,-4.3871727,1
4zm7,73,GLY,-,0.701,0.83148843,20.306458,0
4zm7,74,PRO,-,0.701,-9.752207,-2.974798,-1
4zm7,75,PHE,-,0.701,18.686981,4.685108,2
4zm7,76,GLY,-,0.701,19.83492,5.057128,2
4zm7,77,GLN,-,0.701,19.320887,5.3334517,2
4zm7,78,THR,-,0.701,17.856976,4.327684,2
4zm7,79,ILE,E,0.701,20.741592,4.732386,2
4zm7,80,VAL,E,0.701,18.332645,4.1826706,2
4zm7,81,VAL,E,0.701,20.521852,4.8448873,2
4zm7,82,LYS,E,0.701,17.930712,4.079771,2
4zm7,83,VAL,E,0.701,18.253412,5.0706744,2
4zm7,84,THR,E,0.701,13.2829685,-5.435315,1
4zm7,85,ASP,E,0.701,21.753992,4.4332714,2
4zm7,86,LEU,E,0.701,19.407328,3.8912401,2
4zm7,90,GLN,-,0.701,16.098999,4.606751,2
4zm7,91,GLY,T,0.701,15.915821,4.6051297,2
4zm7,92,ASN,T,0.701,-0.7136757,14.089806,0
4zm7,93,GLN,-,0.701,15.986387,4.604625,2
4zm7,94,GLU,-,0.701,12.200386,-4.416212,1
4zm7,95,PHE,T,0.701,17.930046,6.7169657,2
4zm7,96,CYS,T,0.701,-0.58171684,14.802092,0
4zm7,97,GLY,-,0.701,12.776432,-5.4734125,1
4zm7,105,ASP,-,0.701,18.584784,4.5694013,2
4zm7,106,GLN,T,0.701,11.71017,-7.9090223,1
4zm7,107,HIS,T,0.701,13.34087,-6.6640177,1
4zm7,108,GLY,S,0.701,-1.1658725,14.160889,0
4zm7,109,MET,-,0.701,19.504128,2.0828655,2
4zm7,110,PRO,S,0.701,11.899733,-8.247352,1
4zm7,111,PHE,E,0.701,21.656748,3.51633,2
4zm7,112,HIS,E,0.701,20.550585,4.5546575,2
4zm7,113,PHE,E,0.701,18.25537,3.8537512,2
4zm7,114,ASP,E,0.701,17.760984,2.8185196,2
4zm7,115,ILE,E,0.701,18.968533,2.7791564,2
4zm7,116,CYS,E,0.701,18.687176,5.2326937,2
4zm7,117,GLU,T,0.701,12.051561,-8.754675,1
4zm7,118,ASP,T,0.701,11.91206,-8.762914,1
4zm7,119,THR,T,0.701,11.960852,-6.7509394,1
4zm7,120,GLY,T,0.701,-1.0282279,13.800972,0
4zm7,124,LYS,H,0.701,12.662771,-6.0222473,1
4zm7,125,PHE,H,0.701,12.949525,-6.0004215,1
4zm7,126,PHE,P,0.701,19.486006,2.2029467,2
4zm7,127,PRO,P,0.701,17.61812,6.075262,2
4zm7,128,SER,T,0.701,17.597841,6.173865,2
4zm7,129,GLY,T,0.701,-0.62374365,14.382395,0
4zm7,130,HIS,-,0.701,17.413355,1.6602738,2
4zm7,131,GLY,-,0.701,12.720337,-5.5159955,1
4zm7,132,ALA,-,0.701,20.633976,2.5526288,2
4zm7,133,LEU,E,0.701,20.991333,5.20097,2
4zm7,134,THR,E,0.701,18.845293,4.5326524,2
4zm7,135,GLY,E,0.701,22.45132,4.173571,2
4zm7,136,THR,E,0.701,21.21616,4.80463,2
4zm7,140,VAL,E,0.701,20.616758,4.678301,2
4zm7,141,SER,-,0.701,17.985088,5.531763,2
4zm7,142,CYS,G,0.701,11.994718,-8.250619,1
4zm7,143,SER,G,0.701,9.080549,-7.323127,1
4zm7,144,GLN,G,0.701,12.498791,-6.285227,1
4zm7,145,TRP,-,0.701,19.47608,2.225078,2
4zm7,146,SER,-,0.701,18.00567,4.5974283,2
4zm7,150,GLY,P,0.701,18.456324,5.8272367,2
4zm7,157,ALA,-,0.701,19.620937,1.1950169,2
4zm7,158,CYS,-,0.701,21.029337,4.896491,2
4zm7,162,GLU,G,0.701,11.513037,-8.628066,1
4zm7,163,THR,G,0.701,13.10508,-5.3024025,1
4zm7,164,ALA,S,0.701,20.477299,2.276439,2
4zm7,165,PRO,P,0.701,17.757587,5.8760853,2
4zm7,166,ASN,S,0.701,18.48982,6.094232,2
4zm7,167,TRP,S,0.701,0.8314638,20.306389,0
4zm7,168,PRO,S,0.701,-9.751683,-2.974437,-1
4zm7,169,SER,-,0.701,20.999485,3.9824889,2
4zm7,170,THR,-,0.701,20.112467,4.5091457,2
4zm7,171,ALA,S,0.701,13.356614,-5.913555,1
4zm7,172,CYS,S,0.701,12.071485,-8.849786,1
4zm7,173,GLY,-,0.701,23.160309,3.8310122,2
4zm7,177,THR,-,0.701,20.099483,4.340149,2
4zm7,178,ALA,-,0.701,18.680191,4.9506555,2
4zm7,179,PRO,-,0.701,17.688631,5.393093,2
5al6,196,ASP,H,0.8,11.824269,-6.438938,1
5al6,197,LEU,H,0.8,12.396844,-5.5540657,1
5al6,198,ALA,H,0.8,11.108492,-4.636472,1
5al6,199,ALA,H,0.8,10.783367,-4.312666,1
5al6,200,LEU,H,0.8,9.401667,-6.639287,1
5al6,204,VAL,H,0.8,9.391924,-6.0624356,1
5al6,205,GLU,H,0.8,9.788395,-6.1623936,1
5al6,206,SER,H,0.8,8.72008,-7.085068,1
5al6,207,VAL,H,0.8,8.629213,-6.8531485,1
5al6,211,GLN,H,0.8,9.410688,-6.076267,1
5al6,212,GLN,H,0.8,10.626061,-5.941153,1
5al6,213,GLN,H,0.8,8.715022,-6.8106647,1
5al6,214,LEU,H,0.8,9.418163,-6.4938426,1
5al6,215,ARG,H,0.8,10.412201,-4.478212,1
5al6,216,ASN,H,0.8,10.400351,-4.8157916,1
5al6,217,LEU,H,0.8,9.0689535,-6.881142,1
5al6,222,LEU,H,0.8,9.093896,-6.6024,1
5al6,228,ALA,H,0.8,10.382569,-4.34916,1
5d8v,13,THR,H,0.48,11.203266,-9.56489,1
5d8v,14,ALA,H,0.48,11.304187,-9.593601,1
5d8v,15,ILE,H,0.48,11.2045145,-9.606458,1
5d8v,16,ALA,H,0.48,11.378376,-9.558117,1
5d8v,17,LEU,H,0.48,11.383026,-9.498965,1
5d8v,18,LYS,T,0.48,-0.9994186,15.056493,0
5d8v,19,TYR,-,0.48,18.860098,5.1194363,2
5d8v,23,ALA,G,0.48,11.412392,-9.566236,1
5d8v,27,GLU,-,0.48,11.428082,-9.479198,1
5d8v,28,ARG,H,0.48,11.36719,-9.601813,1
5d8v,29,VAL,H,0.48,11.212941,-9.575792,1
5d8v,30,ALA,H,0.48,11.299102,-9.587918,1
5d8v,31,ALA,H,0.48,11.388574,-9.582185,1
5d8v,35,GLY,T,0.48,-0.7886398,14.394153,0
5d8v,42,HIS,-,0.48,19.081133,4.568734,2
5d8v,43,CYS,G,0.48,11.368198,-9.577754,1
5d8v,44,ALA,G,0.48,11.384321,-9.604186,1
5d8v,45,ASN,G,0.48,11.437448,-9.476513,1
5d8v,46,CYS,B,0.48,19.069326,4.522922,2
5d8v,47,GLN,T,0.48,11.560609,-9.278097,1
5d8v,57,ASP,T,0.48,11.596897,-9.26284,1
5d8v,69,ILE,E,0.48,19.045824,4.5576787,2
5d8v,70,ASN,E,0.48,18.90916,4.536671,2
5d8v,71,VAL,T,0.48,11.644085,-9.050661,1
5d8v,72,ASN,T,0.48,11.503299,-9.390385,1
5d8v,73,GLY,-,0.48,19.096306,4.5500903,2
5d8v,74,TRP,B,0.48,20.799255,4.9058676,2
5d8v,75,CYS,-,0.48,19.073362,4.597067,2
5d8v,76,ALA,T,0.48,11.560545,-9.285957,1
5d8v,77,SER,T,0.48,11.566801,-9.132106,1
5d8v,78,TRP,-,0.48,19.626894,2.6730425,2
5d8v,79,THR,-,0.48,19.229712,4.338598,2
5d8v,80,LEU,B,0.48,18.725956,5.1445675,2
5gv7,1002,THR,-,0.8,16.24546,4.6084933,2
5gv7,1003,PRO,P,0.8,17.373255,6.027565,2
5gv7,1004,ALA,P,0.8,18.54889,4.1797347,2
5gv7,1005,ILE,B,0.8,17.109951,5.2126765,2
5gv7,1006,THR,S,0.8,11.25782,-7.299821,1
5gv7,1007,LEU,-,0.8,17.925209,1.4108711,2
5gv7,1008,GLU,-,0.8,10.79408,-6.5838366,1
5gv7,1009,ASN,-,0.8,18.551523,1.7612034,2
5gv7,1010,PRO,T,0.8,11.457851,-6.8803964,1
5gv7,1011,ASP,T,0.8,11.986142,-6.5069838,1
5gv7,1012,ILE,-,0.8,16.84943,5.266963,2
5gv7,1013,LYS,-,0.8,17.395344,5.0625033,2
5gv7,1014,TYR,E,0.8,18.75279,2.3367538,2
5gv7,1015,PRO,E,0.8,17.830244,4.097616,2
5gv7,1016,LEU,E,0.8,20.16602,3.372251,2
5gv7,1017,ARG,E,0.8,20.172672,4.1982565,2
5gv7,1018,LEU,E,0.8,17.953203,3.7280905,2
5gv7,1019,ILE,E,0.8,13.684702,-5.546608,1
5gv7,1023,VAL,E,0.8,17.042173,3.5455043,2
5gv7,1024,VAL,E,0.8,8.899891,-6.733432,1
5gv7,1025,ASN,E,0.8,21.721514,2.700331,2
5gv7,1026,HIS,T,0.8,11.668867,-6.700475,1
5gv7,1027,ASP,T,0.8,11.955232,-6.4736257,1
5gv7,1028,THR,E,0.8,19.718788,2.9200442,2
5gv7,1032,ARG,E,0.8,19.02532,4.239063,2
5gv7,1033,PHE,E,0.8,20.158798,3.34228,2
5gv7,1034,ALA,E,0.8,18.927462,4.955182,2
5gv7,1035,LEU,-,0.8,17.548225,4.3853917,2
5gv7,1036,PRO,S,0.8,11.698052,-7.4676023,1
5gv7,1037,SER,S,0.8,21.93969,2.681836,2
5gv7,1038,PRO,T,0.8,12.023209,-5.2429447,1
5gv7,1039,GLU,T,0.8,13.634855,-7.003677,1
5gv7,1040,HIS,-,0.8,20.189068,2.6994455,2
5gv7,1041,ILE,B,0.8,17.402771,4.6618376,2
5gv7,1042,LEU,-,0.8,11.270643,-7.691401,1
5gv7,1043,GLY,-,0.8,-1.7162514,14.980422,0
5gv7,1044,LEU,-,0.8,18.658428,2.2769792,2
5gv7,1045,PRO,-,0.8,18.262823,5.5270066,2
5gv7,1046,VAL,T,0.8,17.88716,6.0557213,2
5gv7,1047,GLY,T,0.8,-0.53414285,14.662253,0
5gv7,1048,GLN,-,0.8,21.059303,3.5274282,2
5gv7,1049,HIS,E,0.8,20.507723,4.319933,2
5gv7,1050,ILE,E,0.8,18.964575,4.2202334,2
5gv7,1051,TYR,E,0.8,20.638777,4.496285,2
5gv7,1052,LEU,E,0.8,17.77752,3.826553,2
5gv7,1053,SER,E,0.8,20.699055,4.186749,2
5gv7,1054,ALA,E,0.8,20.469084,4.6840677,2
5gv7,1055,ARG,E,0.8,17.246426,3.407288,2
5gv7,1059,ASN,E,0.8,20.281752,2.811959,2
5gv7,1060,LEU,E,0.8,18.63436,5.327961,2
5gv7,1061,VAL,E,0.8,19.010826,3.3689768,2
5gv7,1062,ILE,E,0.8,19.144075,3.2432077,2
5gv7,1063,ARG,E,0.8,20.159485,4.215373,2
5gv7,1064,PRO,E,0.8,19.381853,5.3826046,2
5gv7,1065,TYR,E,0.8,20.76102,4.388664,2
5gv7,1066,THR,-,0.8,17.746902,3.7987247,2
5gv7,1067,PRO,-,0.8,19.43693,5.751174,2
5gv7,1068,VAL,S,0.8,12.556045,-7.7382116,1
5gv7,1069,SER,S,0.8,20.917318,2.7254183,2
5gv7,1070,SER,-,0.8,21.02171,3.9717996,2
5gv7,1071,ASP,T,0.8,12.219488,-8.031424,1
5gv7,1072,ASP,T,0.8,11.63975,-6.0693192,1
5gv7,1076,PHE,E,0.8,21.845589,3.9582667,2
5gv7,1077,VAL,E,0.8,20.074007,3.3878255,2
5gv7,1078,ASP,E,0.8,19.063808,3.9866998,2
5gv7,1079,LEU,E,0.8,18.788694,3.8086655,2
5gv7,1080,VAL,E,0.8,17.289968,2.816245,2
5gv7,1081,ILE,E,0.8,20.87589,5.163016,2
5gv7,1082,LYS,E,0.8,17.861902,3.7651176,2
5gv7,1086,LYS,T,0.8,17.42134,6.0065002,2
5gv7,1087,ASP,T,0.8,-0.5827513,15.013195,0
5gv7,1088,THR,S,0.8,12.52889,-4.684468,1
5gv7,1089,HIS,S,0.8,19.33607,3.2694669,2
5gv7,1090,PRO,T,0.8,11.762525,-6.579501,1
5gv7,1091,LYS,T,0.8,12.045769,-6.1205807,1
5gv7,1092,PHE,-,0.8,12.730052,-5.3344417,1
5gv7,1093,PRO,T,0.8,11.799152,-4.932303,1
5gv7,1094,ALA,T,0.8,11.820299,-6.2535644,1
5gv7,1097,LYS,H,0.8,11.24663,-7.8745904,1
5gv7,1098,MET,H,0.8,8.796358,-5.766198,1
5gv7,1099,SER,H,0.8,10.228961,-6.127296,1
5gv7,1100,GLN,H,0.8,9.466229,-5.6416125,1
5gv7,1101,TYR,H,0.8,9.235988,-5.8832703,1
5gv7,1102,LEU,H,0.8,10.838885,-6.0366907,1
5gv7,1103,GLU,H,0.8,11.171953,-5.8976264,1
5gv7,1104,SER,H,0.8,12.579326,-6.040352,1
5gv7,1105,MET,P,0.8,18.10372,6.7011538,2
5gv7,1106,LYS,P,0.8,17.043245,5.391157,2
5gv7,1107,ILE,T,0.8,17.79119,6.214281,2
5gv7,1108,GLY,T,0.8,-0.5294078,14.542948,0
5gv7,1109,ASP,-,0.8,20.138592,1.6533353,2
5gv7,1110,THR,E,0.8,20.379436,4.9382424,2
5gv7,1111,ILE,E,0.8,20.613426,4.2595725,2
5gv7,1112,GLU,E,0.8,19.45029,4.007983,2
5gv7,1113,PHE,E,0.8,18.533627,3.4953363,2
5gv7,1114,ARG,E,0.8,20.770144,2.7417135,2
5gv7,1115,GLY,E,0.8,0.8314748,20.307917,0
5gv7,1116,PRO,E,0.8,-9.751702,-2.9744444,-1
5gv7,1117,ASN,E,0.8,20.659552,4.438721,2
5gv7,1118,GLY,-,0.8,21.325253,4.0732274,2
5gv7,1119,LEU,S,0.8,12.055855,-7.298146,1
5gv7,1120,LEU,E,0.8,20.722746,3.3989325,2
5gv7,1121,VAL,E,0.8,18.445742,3.336747,2
5gv7,1122,TYR,E,0.8,18.014559,3.4468453,2
5gv7,1123,GLN,E,0.8,12.181585,-5.08032,1
5gv7,1129,ALA,E,0.8,18.26852,2.5051665,2
5gv7,1130,ILE,E,0.8,20.358198,3.6138673,2
5gv7,1131,ARG,-,0.8,18.172995,4.5960946,2
5gv7,1132,PRO,S,0.8,11.984183,-4.928536,1
5gv7,1133,ASP,S,0.8,12.025433,-4.883916,1
5gv7,1142,THR,E,0.8,19.093176,3.1756217,2
5gv7,1143,VAL,-,0.8,20.52108,3.783571,2
5gv7,1144,LYS,S,0.8,9.3992405,-5.654724,1
5gv7,1145,SER,E,0.8,20.591125,3.5486453,2
5gv7,1146,VAL,E,0.8,18.570177,3.3363943,2
5gv7,1149,ILE,E,0.8,20.09584,3.3939931,2
5gv7,1150,ALA,E,0.8,19.330477,4.160778,2
5gv7,1151,GLY,E,0.8,18.305386,3.9768288,2
5gv7,1155,ILE,H,0.8,9.755397,-5.5080295,1
5gv7,1156,THR,H,0.8,11.123872,-6.0110607,1
5gv7,1157,PRO,H,0.8,9.125702,-6.134408,1
5gv7,1158,MET,H,0.8,9.159377,-5.9726253,1
5gv7,1159,LEU,H,0.8,9.256972,-6.57787,1
5gv7,1160,GLN,H,0.8,9.121962,-5.6156926,1
5gv7,1161,VAL,H,0.8,9.327353,-5.759237,1
5gv7,1165,ILE,H,0.8,9.143253,-5.5681305,1
5gv7,1166,MET,H,0.8,10.998805,-6.023695,1
5gv7,1167,LYS,T,0.8,11.875266,-6.430391,1
5gv7,1168,ASP,-,0.8,18.54329,1.4768232,2
5gv7,1169,PRO,T,0.8,11.685736,-7.6133184,1
5gv7,1170,ASP,T,0.8,12.439655,-6.7881355,1
5gv7,1171,ASP,-,0.8,17.572592,3.0656314,2
5gv7,1172,HIS,-,0.8,13.458909,-5.3822,1
5gv7,1173,THR,-,0.8,19.946815,1.8254594,2
5gv7,1174,VAL,E,0.8,18.415846,2.8130596,2
5gv7,1175,CYS,E,0.8,19.13363,3.879328,2
5gv7,1176,HIS,E,0.8,17.880047,3.0391498,2
5gv7,1177,LEU,E,0.8,20.027514,3.0962067,2
5gv7,1178,LEU,E,0.8,17.408504,2.8625064,2
5gv7,1179,PHE,E,0.8,19.305737,2.9636948,2
5gv7,1180,ALA,E,0.8,20.025585,3.475381,2
5gv7,1181,ASN,E,0.8,20.224934,4.3082194,2
5gv7,1182,GLN,S,0.8,11.310248,-5.9234242,1
5gv7,1183,THR,S,0.8,21.97161,2.6916444,2
5gv7,1184,GLU,G,0.8,10.01432,-7.93355,1
5gv7,1188,LEU,-,0.8,19.493357,5.733861,2
5gv7,1189,LEU,S,0.8,-0.64625406,15.292552,0
5gv7,1190,ARG,H,0.8,10.189365,-5.337075,1
5gv7,1191,PRO,H,0.8,9.448206,-6.4699025,1
5gv7,1192,GLU,H,0.8,8.824321,-5.8064566,1
5gv7,1193,LEU,H,0.8,9.184931,-5.984218,1
5gv7,1194,GLU,H,0.8,10.786531,-6.001833,1
5gv7,1195,GLU,H,0.8,9.015628,-7.0866356,1
5gv7,1196,LEU,H,0.8,10.606673,-6.291608,1
5gv7,1197,ARG,H,0.8,11.596198,-5.908328,1
5gv7,1198,ASN,H,0.8,11.07993,-4.9901476,1
5gv7,1199,GLU,H,0.8,11.849242,-5.4401445,1
5gv7,1200,HIS,H,0.8,12.50182,-5.1534376,1
5gv7,1201,SER,T,0.8,11.260834,-6.5806518,1
5gv7,1205,LYS,E,0.8,19.845144,3.3997917,2
5gv7,1206,LEU,E,0.8,19.133837,2.5088744,2
5gv7,1207,TRP,E,0.8,21.3551,3.7749383,2
5gv7,1208,TYR,E,0.8,20.02242,5.5573263,2
5gv7,1209,THR,E,0.8,18.147888,4.0557237,2
5gv7,1210,VAL,E,0.8,19.9401,3.9251075,2
5gv7,1211,ASP,S,0.8,12.3498,-8.336999,1
5gv7,1212,ARG,S,0.8,21.02398,2.4508018,2
5gv7,1213,ALA,-,0.8,19.771606,5.077481,2
5gv7,1219,TYR,S,0.8,22.069841,3.0447044,2
5gv7,1220,SER,E,0.8,20.561417,5.144104,2
5gv7,1221,GLN,E,0.8,19.886751,3.5184388,2
5gv7,1222,GLY,S,0.8,22.871534,3.9529855,2
5gv7,1223,PHE,S,0.8,17.545916,6.100895,2
5gv7,1224,VAL,-,0.8,17.860806,4.1582704,2
5gv7,1225,ASN,-,0.8,20.338808,4.2638893,2
5gv7,1226,GLU,H,0.8,10.24723,-7.768414,1
5gv7,1227,GLU,H,0.8,12.084651,-7.053058,1
5gv7,1228,MET,H,0.8,10.6729965,-6.0730953,1
5gv7,1229,ILE,H,0.8,9.361236,-5.71197,1
5gv7,1230,ARG,H,0.8,10.057628,-5.406456,1
5gv7,1231,ASP,H,0.8,12.7413,-5.3431497,1
5gv7,1232,HIS,H,0.8,13.531033,-6.7318926,1
5gv7,1233,LEU,S,0.8,20.924866,2.3745093,2
5gv7,1234,PRO,-,0.8,16.831827,5.046524,2
5gv7,1235,PRO,-,0.8,17.873487,3.9086852,2
5gv7,1236,PRO,G,0.8,9.407621,-5.647524,1
5gv7,1237,GLU,G,0.8,10.211863,-6.3375254,1
5gv7,1238,GLU,G,0.8,12.36398,-5.7110624,1
5gv7,1239,GLU,-,0.8,-1.637146,14.897707,0
5gv7,1240,PRO,-,0.8,20.145094,2.0840273,2
5gv7,1241,LEU,E,0.8,17.278086,4.0507607,2
5gv7,1242,VAL,E,0.8,18.600513,2.5229418,2
5gv7,1243,LEU,E,0.8,19.320702,3.8063748,2
5gv7,1244,MET,E,0.8,20.549347,4.909075,2
5gv7,1245,CYS,E,0.8,19.412434,3.9882784,2
5gv7,1246,GLY,S,0.8,22.660458,3.8087492,2
5gv7,1247,PRO,-,0.8,16.88092,5.3952355,2
5gv7,1248,PRO,H,0.8,11.468582,-6.8880835,1
5gv7,1249,PRO,H,0.8,11.463338,-6.7522335,1
5gv7,1250,MET,I,0.8,8.725136,-6.1295943,1
5gv7,1251,ILE,I,0.8,9.832786,-7.233095,1
5gv7,1252,GLN,I,0.8,11.242298,-6.158524,1
5gv7,1253,TYR,I,0.8,13.141121,-5.9369273,1
5gv7,1254,ALA,I,0.8,11.808521,-5.4090204,1
5gv7,1255,CYS,I,0.8,11.169912,-5.5951304,1
5gv7,1256,LEU,H,0.8,10.911965,-6.222644,1
5gv7,1257,PRO,H,0.8,10.65495,-6.857684,1
5gv7,1258,ASN,H,0.8,10.93375,-5.1073637,1
5gv7,1259,LEU,H,0.8,10.5614,-5.562474,1
5gv7,1260,GLU,H,0.8,9.80206,-6.211243,1
5gv7,1261,ARG,H,0.8,11.329202,-4.549991,1
5gv7,1262,VAL,H,0.8,8.75715,-5.909734,1
5gv7,1263,GLY,T,0.8,-1.2290078,13.969893,0
5gv7,1271,ALA,E,0.8,19.148693,4.5040846,2
5gv8,1003,PRO,P,0.78,17.303108,5.9655933,2
5gv8,1004,ALA,P,0.78,18.374197,4.283237,2
5gv8,1005,ILE,B,0.78,17.000242,5.2494173,2
5gv8,1006,THR,S,0.78,11.179076,-7.231289,1
5gv8,1007,LEU,-,0.78,17.929077,1.4864935,2
5gv8,1008,GLU,-,0.78,10.673417,-6.636608,1
5gv8,1009,ASN,-,0.78,18.65313,1.6588522,2
5gv8,1013,LYS,-,0.78,17.34811,5.000374,2
5gv8,1014,TYR,E,0.78,18.673882,2.3631275,2
5gv8,1015,PRO,E,0.78,17.70252,4.9426184,2
5gv8,1016,LEU,E,0.78,20.108198,3.2370584,2
5gv8,1017,ARG,E,0.78,18.765297,4.897988,2
5gv8,1018,LEU,E,0.78,17.888367,3.8528078,2
5gv8,1019,ILE,E,0.78,13.50873,-5.521393,1
5gv8,1023,VAL,E,0.78,17.013218,3.5997293,2
5gv8,1024,VAL,E,0.78,8.876717,-6.59789,1
5gv8,1025,ASN,E,0.78,20.855963,3.31031,2
5gv8,1026,HIS,T,0.78,11.374251,-6.572973,1
5gv8,1027,ASP,T,0.78,11.851454,-6.4491954,1
5gv8,1028,THR,E,0.78,21.262873,3.132566,2
5gv8,1029,ARG,E,0.78,20.250788,4.77063,2
5gv8,1030,ARG,E,0.78,17.685514,3.7866406,2
5gv8,1031,PHE,E,0.78,18.771511,3.0690367,2
5gv8,1032,ARG,E,0.78,18.967577,4.2272964,2
5gv8,1033,PHE,E,0.78,20.132494,3.3749506,2
5gv8,1034,ALA,E,0.78,18.898088,5.1280904,2
5gv8,1035,LEU,-,0.78,17.55616,4.4713836,2
5gv8,1036,PRO,S,0.78,11.544721,-7.2147326,1
5gv8,1037,SER,S,0.78,21.99256,2.7081966,2
5gv8,1038,PRO,T,0.78,11.591576,-7.846174,1
5gv8,1039,GLU,T,0.78,13.605323,-6.96018,1
5gv8,1040,HIS,-,0.78,20.146141,2.8861327,2
5gv8,1041,ILE,B,0.78,18.338346,3.789663,2
5gv8,1042,LEU,-,0.78,10.263118,-7.7772617,1
5gv8,1043,GLY,-,0.78,-1.6514654,14.883128,0
5gv8,1044,LEU,-,0.78,18.564854,2.3759954,2
5gv8,1045,PRO,-,0.78,18.756132,5.403016,2
5gv8,1046,VAL,T,0.78,18.017235,6.330988,2
5gv8,1047,GLY,T,0.78,-0.51255375,14.56238,0
5gv8,1048,GLN,-,0.78,21.01818,3.6173425,2
5gv8,1049,HIS,E,0.78,20.821909,4.1460695,2
5gv8,1053,SER,E,0.78,20.813114,4.319903,2
5gv8,1054,ALA,E,0.78,20.704441,4.550911,2
5gv8,1055,ARG,E,0.78,17.387434,3.7750604,2
5gv8,1056,ILE,E,0.78,18.45429,2.4401507,2
5gv8,1057,ASP,T,0.78,-0.6617251,15.353075,0
5gv8,1058,GLY,T,0.78,-0.72003657,14.221298,0
5gv8,1059,ASN,E,0.78,21.1005,2.4760697,2
5gv8,1060,LEU,E,0.78,18.964552,5.7152905,2
5gv8,1061,VAL,E,0.78,18.49396,3.2148995,2
5gv8,1062,ILE,E,0.78,18.69083,2.6911745,2
5gv8,1063,ARG,E,0.78,20.073357,4.2695394,2
5gv8,1064,PRO,E,0.78,19.47466,5.4407578,2
5gv8,1065,TYR,E,0.78,20.846252,4.3283215,2
5gv8,1066,THR,-,0.78,18.459991,3.3958488,2
5gv8,1069,SER,S,0.78,20.897434,2.7786272,2
5gv8,1070,SER,-,0.78,20.79151,3.7625458,2
5gv8,1071,ASP,T,0.78,12.483237,-7.8321023,1
5gv8,1072,ASP,T,0.78,11.626438,-5.0227356,1
5gv8,1076,PHE,E,0.78,21.793518,3.954705,2
5gv8,1077,VAL,E,0.78,19.931963,3.3563411,2
5gv8,1078,ASP,E,0.78,19.417519,4.4058743,2
5gv8,1079,LEU,E,0.78,18.731096,3.713095,2
5gv8,1080,VAL,E,0.78,17.996305,3.4200313,2
5gv8,1081,ILE,E,0.78,20.816673,5.196573,2
5gv8,1082,LYS,E,0.78,17.746311,3.7989419,2
5gv8,1086,LYS,T,0.78,17.075401,5.5683455,2
5gv8,1090,PRO,T,0.78,11.748569,-6.701812,1
5gv8,1091,LYS,T,0.78,11.919015,-6.434237,1
5gv8,1092,PHE,-,0.78,13.351394,-4.8208566,1
5gv8,1093,PRO,T,0.78,11.539262,-6.7914443,1
5gv8,1094,ALA,T,0.78,11.903324,-6.4894896,1
5gv8,1097,LYS,H,0.78,11.182335,-6.169165,1
5gv8,1098,MET,H,0.78,11.055742,-6.2099123,1
5gv8,1099,SER,H,0.78,9.580808,-5.977629,1
5gv8,1100,GLN,H,0.78,9.238755,-5.6817017,1
5gv8,1101,TYR,H,0.78,9.028537,-6.172314,1
5gv8,1102,LEU,H,0.78,10.834002,-5.8829546,1
5gv8,1106,LYS,P,0.78,17.375193,6.025442,2
5gv8,1107,ILE,T,0.78,17.858301,6.129729,2
5gv8,1108,GLY,T,0.78,-0.45027554,14.444448,0
5gv8,1109,ASP,-,0.78,20.151024,1.5205377,2
5gv8,1110,THR,E,0.78,20.169254,5.180634,2
5gv8,1111,ILE,E,0.78,21.140717,3.9528952,2
5gv8,1112,GLU,E,0.78,20.053354,3.2042918,2
5gv8,1116,PRO,E,0.78,-9.751709,-2.9744492,-1
5gv8,1117,ASN,E,0.78,20.665424,4.197287,2
5gv8,1118,GLY,-,0.78,21.37835,4.0973954,2
5gv8,1119,LEU,S,0.78,12.002772,-6.807819,1
5gv8,1120,LEU,E,0.78,20.823893,2.8380818,2
5gv8,1121,VAL,E,0.78,18.608753,3.3633664,2
5gv8,1122,TYR,E,0.78,18.002007,3.440521,2
5gv8,1123,GLN,E,0.78,12.073432,-5.1115365,1
5gv8,1124,GLY,E,0.78,22.810848,3.7256446,2
5gv8,1125,LYS,T,0.78,-0.6497589,15.327063,0
5gv8,1126,GLY,T,0.78,-1.2366973,13.983239,0
5gv8,1127,LYS,E,0.78,19.867725,2.0182993,2
5gv8,1128,PHE,E,0.78,19.047436,3.207997,2
5gv8,1129,ALA,E,0.78,17.64371,3.0232575,2
5gv8,1130,ILE,E,0.78,19.245193,3.0559742,2
5gv8,1131,ARG,-,0.78,18.102436,4.8610773,2
5gv8,1132,PRO,S,0.78,11.464759,-5.2145586,1
5gv8,1133,ASP,S,0.78,21.986763,3.134329,2
5gv8,1134,LYS,T,0.78,12.289217,-4.220015,1
5gv8,1135,LYS,T,0.78,12.316648,-4.0560694,1
5gv8,1142,THR,E,0.78,19.241753,3.3402805,2
5gv8,1143,VAL,-,0.78,20.36974,3.8737252,2
5gv8,1149,ILE,E,0.78,18.265297,3.2619545,2
5gv8,1150,ALA,E,0.78,19.63746,4.3275423,2
5gv8,1151,GLY,E,0.78,18.417147,3.8818421,2
5gv8,1152,GLY,G,0.78,23.50191,3.8777976,2
5gv8,1155,ILE,H,0.78,12.802219,-5.6527915,1
5gv8,1156,THR,H,0.78,11.1182375,-6.1240473,1
5gv8,1157,PRO,H,0.78,9.0422,-6.2216587,1
5gv8,1158,MET,H,0.78,9.117937,-7.532836,1
5gv8,1159,LEU,H,0.78,9.246631,-7.358387,1
5gv8,1160,GLN,H,0.78,9.0811405,-5.636239,1
5gv8,1161,VAL,H,0.78,9.216883,-6.0170226,1
5gv8,1162,ILE,H,0.78,9.146918,-7.46494,1
5gv8,1163,ARG,H,0.78,10.208876,-4.229867,1
5gv8,1164,ALA,H,0.78,10.4845,-4.4856343,1
5gv8,1165,ILE,H,0.78,9.245665,-6.075153,1
5gv8,1166,MET,H,0.78,11.1059475,-6.130737,1
5gv8,1167,LYS,T,0.78,11.744271,-6.358338,1
5gv8,1168,ASP,-,0.78,18.640749,1.4451411,2
5gv8,1169,PRO,T,0.78,11.842165,-7.5439463,1
5gv8,1170,ASP,T,0.78,13.517697,-7.326806,1
5gv8,1171,ASP,-,0.78,18.87953,1.6700327,2
5gv8,1172,HIS,-,0.78,13.42369,-5.378385,1
5gv8,1173,THR,P,0.78,18.314453,6.5559506,2
5gv8,1174,VAL,E,0.78,18.323803,3.4226146,2
5gv8,1175,CYS,E,0.78,19.21944,3.9909313,2
5gv8,1176,HIS,E,0.78,17.828817,3.0485141,2
5gv8,1177,LEU,E,0.78,19.982193,3.0990005,2
5gv8,1178,LEU,E,0.78,17.465422,2.8292596,2
5gv8,1179,PHE,E,0.78,19.226406,2.9979234,2
5gv8,1180,ALA,E,0.78,19.93103,3.2265613,2
5gv8,1181,ASN,E,0.78,20.31125,4.3993273,2
5gv8,1182,GLN,S,0.78,8.994121,-5.6765842,1
5gv8,1183,THR,S,0.78,22.038492,2.7038236,2
5gv8,1184,GLU,G,0.78,10.844328,-8.016172,1
5gv8,1188,LEU,S,0.78,19.339144,5.720151,2
5gv8,1189,LEU,S,0.78,-0.6508291,15.243703,0
5gv8,1190,ARG,H,0.78,9.99406,-5.374781,1
5gv8,1191,PRO,H,0.78,8.788407,-7.4770813,1
5gv8,1192,GLU,H,0.78,8.910237,-5.769703,1
5gv8,1193,LEU,H,0.78,9.080973,-6.5660515,1
5gv8,1194,GLU,H,0.78,10.6791725,-5.9815946,1
5gv8,1195,GLU,H,0.78,9.054369,-7.1061816,1
5gv8,1196,LEU,H,0.78,9.165228,-5.625501,1
5gv8,1197,ARG,H,0.78,10.392003,-4.78736,1
5gv8,1198,ASN,H,0.78,11.301898,-5.0809875,1
5gv8,1199,GLU,H,0.78,11.910566,-5.462669,1
5gv8,1200,HIS,H,0.78,13.14355,-5.011299,1
5gv8,1201,SER,T,0.78,11.767483,-6.9053626,1
5gv8,1207,TRP,E,0.78,21.286148,3.765007,2
5gv8,1208,TYR,E,0.78,20.154358,5.579043,2
5gv8,1209,THR,E,0.78,18.155382,3.9705195,2
5gv8,1210,VAL,E,0.78,19.759846,3.7744832,2
5gv8,1211,ASP,S,0.78,12.368684,-8.345866,1
5gv8,1212,ARG,S,0.78,20.967148,2.452974,2
5gv8,1213,ALA,-,0.78,20.04929,4.8077626,2
5gv8,1214,PRO,-,0.78,17.007746,5.221807,2
5gv8,1219,TYR,S,0.78,22.05957,2.819276,2
5gv8,1220,SER,E,0.78,20.404152,5.1574183,2
5gv8,1221,GLN,E,0.78,20.13456,3.4069262,2
5gv8,1222,GLY,S,0.78,23.038363,3.9085882,2
5gv8,1223,PHE,S,0.78,18.094278,6.0341296,2
5gv8,1224,VAL,-,0.78,18.134834,5.420418,2
5gv8,1225,ASN,-,0.78,20.35362,4.3152704,2
5gv8,1226,GLU,H,0.78,10.873254,-7.8655906,1
5gv8,1227,GLU,H,0.78,9.390085,-5.6940045,1
5gv8,1231,ASP,H,0.78,11.56296,-5.310438,1
5gv8,1232,HIS,H,0.78,11.742704,-6.583457,1
5gv8,1233,LEU,S,0.78,21.826384,2.5320997,2
5gv8,1234,PRO,-,0.78,16.874908,5.224402,2
5gv8,1235,PRO,-,0.78,17.031279,5.4210505,2
5gv8,1236,PRO,G,0.78,10.92532,-7.5205054,1
5gv8,1237,GLU,G,0.78,10.871186,-6.351621,1
5gv8,1238,GLU,G,0.78,12.304453,-5.711981,1
5gv8,1239,GLU,-,0.78,-1.6820368,15.041414,0
5gv8,1240,PRO,-,0.78,20.20287,2.1063302,2
5gv8,1241,LEU,E,0.78,17.275866,4.0011077,2
5gv8,1242,VAL,E,0.78,18.4768,3.112911,2
5gv8,1243,LEU,E,0.78,18.762781,3.2506654,2
5gv8,1244,MET,E,0.78,20.588398,4.841086,2
5gv8,1245,CYS,E,0.78,19.342894,3.9699454,2
5gv8,1246,GLY,S,0.78,22.677137,3.8020644,2
5gv8,1247,PRO,-,0.78,16.855803,5.265144,2
5gv8,1248,PRO,H,0.78,11.613597,-6.821682,1
5gv8,1249,PRO,H,0.78,11.039181,-6.724318,1
5gv8,1250,MET,I,0.78,8.829274,-6.075322,1
5gv8,1251,ILE,I,0.78,9.39436,-7.5765886,1
5gv8,1252,GLN,I,0.78,11.323284,-6.203337,1
5gv8,1253,TYR,I,0.78,12.752897,-6.053871,1
5gv8,1254,ALA,I,0.78,11.280907,-6.049922,1
5gv8,1255,CYS,I,0.78,9.96903,-4.9980183,1
5gv8,1256,LEU,H,0.78,10.991274,-6.1009607,1
5gv8,1257,PRO,H,0.78,10.102238,-7.1252427,1
5gv8,1258,ASN,H,0.78,10.178558,-5.3058543,1
5gv8,1259,LEU,H,0.78,8.838142,-6.415475,1
5gv8,1260,GLU,H,0.78,9.959475,-6.2660303,1
5gv8,1261,ARG,H,0.78,10.92156,-4.1972055,1
5gv8,1262,VAL,H,0.78,8.783505,-5.8126426,1
5gv8,1263,GLY,T,0.78,-1.1960359,13.9930725,0
5gv8,1271,ALA,E,0.78,19.014324,4.2340355,2
5kwm,2,VAL,B,0.777,18.685904,3.1921785,2
5kwm,3,GLY,S,0.777,-0.30358025,14.889647,0
5kwm,7,ALA,-,0.777,19.680769,4.2355123,2
5kwm,8,ASN,-,0.777,17.730398,4.6485734,2
5kwm,9,VAL,G,0.777,10.691336,-8.156539,1
5kwm,10,GLN,G,0.777,10.836162,-6.5267706,1
5kwm,11,ASP,G,0.777,12.416015,-5.9677205,1
5kwm,15,THR,E,0.777,19.600044,2.0007434,2
5kwm,16,VAL,E,0.777,20.709196,4.5574546,2
5kwm,27,CYS,E,0.777,21.199474,2.5550468,2
5kwm,28,GLY,E,0.777,19.54684,4.92392,2
5kwm,29,GLY,E,0.777,21.76423,4.1596723,2
5kwm,33,ALA,E,0.777,20.908232,3.227263,2
5kwm,34,PRO,T,0.777,11.538207,-7.4705534,1
5kwm,35,ASN,T,0.777,13.851223,-6.777408,1
5kwm,36,LYS,E,0.777,21.423977,3.1120355,2
5kwm,37,VAL,E,0.777,18.713219,3.1853936,2
5kwm,38,VAL,E,0.777,17.992302,3.3317032,2
5kwm,39,THR,E,0.777,20.851095,3.8425767,2
5kwm,40,ALA,-,0.777,19.20066,5.050586,2
5kwm,41,ALA,H,0.777,10.46766,-7.9778666,1
5kwm,42,HIS,H,0.777,10.4766245,-6.429459,1
5kwm,43,CYS,H,0.777,12.687821,-5.5948677,1
5kwm,50,ALA,G,0.777,11.319741,-5.093944,1
5kwm,55,VAL,E,0.777,18.888845,3.2171917,2
5kwm,56,SER,E,0.777,19.911818,4.01878,2
5kwm,57,GLY,S,0.777,-0.3226177,14.924827,0
5kwm,58,ARG,-,0.777,20.507607,2.5005722,2
5kwm,59,THR,S,0.777,10.932828,-7.468313,1
5kwm,63,SER,S,0.777,20.832527,2.8791986,2
5kwm,64,ASN,-,0.777,14.044976,-5.6030083,1
5kwm,65,GLU,-,0.777,17.985958,4.443326,2
5kwm,66,GLY,S,0.777,23.415686,3.8799136,2
5kwm,67,THR,E,0.777,20.968422,5.16708,2
5kwm,68,VAL,E,0.777,17.453547,3.508296,2
5kwm,72,THR,E,0.777,13.695584,-5.52511,1
5kwm,73,ASN,E,0.777,21.200457,2.5693057,2
5kwm,74,VAL,E,0.777,18.41987,3.321654,2
5kwm,75,TRP,E,0.777,18.269314,3.3908808,2
5kwm,76,VAL,E,0.777,18.965637,3.1163144,2
5kwm,77,HIS,-,0.777,16.662525,4.703497,2
5kwm,83,ALA,G,0.777,12.1398115,-4.451982,1
5kwm,87,PHE,-,0.777,-1.426755,15.07969,0
5kwm,88,ASP,-,0.777,17.338274,1.7040422,2
5kwm,89,VAL,-,0.777,21.107443,3.9339454,2
5kwm,90,SER,E,0.777,21.01206,4.416586,2
5kwm,91,VAL,E,0.777,18.91854,3.2900212,2
5kwm,92,LEU,E,0.777,18.603033,3.4179838,2
5kwm,93,THR,E,0.777,18.008835,3.2891448,2
5kwm,94,LEU,E,0.777,19.247004,5.144891,2
5kwm,95,GLU,S,0.777,11.982193,-7.668283,1
5kwm,104,GLU,E,0.777,19.167032,5.368796,2
5kwm,105,LEU,E,0.777,19.412872,5.45922,2
5kwm,106,ALA,P,0.777,18.506157,6.075964,2
5kwm,107,LYS,P,0.777,18.896664,5.6559644,2
5kwm,108,ALA,T,0.777,12.193544,-8.07978,1
5kwm,109,ASP,T,0.777,13.797088,-6.848057,1
5kwm,110,ASP,-,0.777,20.036531,1.3634944,2
5kwm,111,ALA,G,0.777,10.699215,-7.8483553,1
5kwm,112,GLY,G,0.777,11.8405,-6.0301456,1
5kwm,113,TYR,G,0.777,12.438566,-5.8423343,1
5kwm,114,ALA,S,0.777,17.53949,6.682551,2
5kwm,118,ALA,E,0.777,17.634993,3.933911,2
5kwm,119,ALA,E,0.777,20.12836,3.6946018,2
5kwm,120,THR,E,0.777,19.109371,3.3726974,2
5kwm,121,ILE,E,0.777,19.269642,3.6968372,2
5kwm,122,LEU,E,0.777,20.729662,4.9357843,2
5kwm,123,GLY,E,0.777,22.435051,4.205604,2
5kwm,124,TRP,S,0.777,13.0014305,-7.0961876,1
5kwm,125,GLY,S,0.777,21.17197,3.1248472,2
5kwm,126,ASN,B,0.777,18.77844,5.116965,2
5kwm,127,THR,S,0.777,12.482427,-7.866292,1
5kwm,128,SER,S,0.777,22.076817,2.6904857,2
5kwm,129,GLU,T,0.777,17.72392,6.233207,2
5kwm,130,GLY,T,0.777,-0.38908303,14.625007,0
5kwm,131,GLY,-,0.777,21.106998,3.1004481,2
5kwm,132,GLN,-,0.777,20.33242,4.8225727,2
5kwm,133,GLN,B,0.777,17.197767,5.0634003,2
5kwm,134,ALA,-,0.777,17.880095,4.743387,2
5kwm,135,ASP,S,0.777,10.930023,-4.2682824,1
5kwm,136,HIS,B,0.777,19.629677,1.813957,2
5kwm,137,LEU,-,0.777,18.168818,5.3844914,2
5kwm,141,THR,E,0.777,18.964127,3.2493033,2
5kwm,145,ASN,P,0.777,18.437506,6.195412,2
5kwm,146,SER,P,0.777,17.791395,6.181615,2
5kwm,154,TYR,-,0.777,19.440039,3.4838078,2
5kwm,158,THR,-,0.777,18.4409,3.3927295,2
5kwm,159,PRO,T,0.777,11.91723,-7.5133996,1
5kwm,160,ASP,T,0.777,12.252476,-6.708404,1
5kwm,161,ALA,T,0.777,13.692252,-6.4786954,1
5kwm,162,MET,E,0.777,21.640429,4.530889,2
5kwm,166,GLY,-,0.777,22.612932,3.8704402,2
5kwm,167,VAL,-,0.777,20.075296,3.8848312,2
5kwm,168,PRO,T,0.777,11.52155,-7.271768,1
5kwm,169,GLU,T,0.777,13.231439,-6.559173,1
5kwm,170,GLY,-,0.777,23.333157,3.8481202,2
5kwm,174,THR,-,0.777,18.050613,4.168121,2
5kwm,175,CYS,-,0.777,20.41538,4.2807107,2
5kwm,176,GLN,T,0.777,17.790827,6.2785945,2
5kwm,177,GLY,T,0.777,-0.47683796,14.578589,0
5kwm,181,GLY,-,0.777,21.070639,3.1757133,2
5kwm,182,PRO,E,0.777,20.401844,5.636776,2
5kwm,186,ASN,T,0.777,-0.6298858,15.347767,0
5kwm,190,ILE,E,0.777,13.4394045,-5.470934,1
5kwm,191,GLY,E,0.777,21.808058,3.9444418,2
5kwm,192,VAL,E,0.777,18.203093,3.1105332,2
5kwm,193,THR,E,0.777,17.812542,5.436454,2
5kwm,194,SER,E,0.777,13.465316,-5.7536874,1
5kwm,195,TRP,E,0.777,21.549238,4.1213913,2
5kwm,199,CYS,S,0.777,19.247673,4.237785,2
5kwm,200,ALA,S,0.777,-0.5496236,15.186311,0
5kwm,201,ARG,-,0.777,20.263115,1.4473944,2
5kwm,202,PRO,T,0.777,17.500723,6.155369,2
5kwm,203,GLY,T,0.777,-0.4201969,14.651834,0
5kwm,204,LYS,-,0.777,17.975813,1.4558802,2
5kwm,205,PRO,-,0.777,17.30324,5.351084,2
5kwm,206,GLY,E,0.777,17.755072,5.521004,2
5kwm,207,VAL,E,0.777,18.800951,3.385699,2
5kwm,208,TYR,E,0.777,20.909708,5.132461,2
5kwm,212,GLY,G,0.777,10.809342,-6.796332,1
5kwm,213,ALA,G,0.777,11.231442,-4.6662273,1
5kwm,214,TYR,G,0.777,13.234577,-5.0135427,1
5mn1,17,VAL,B,0.79,18.677746,3.1933918,2
5mn1,18,GLY,S,0.79,-0.3565075,14.960938,0
5mn1,22,CYS,-,0.79,10.035427,-7.813186,1
5mn1,23,GLY,-,0.79,23.135302,3.7304668,2
5mn1,24,ALA,T,0.79,18.28296,6.3765035,2
5mn1,25,ASN,T,0.79,-0.5962757,15.240942,0
5mn1,26,THR,S,0.79,12.74023,-6.7462068,1
5mn1,27,VAL,S,0.79,17.860243,1.1407152,2
5mn1,28,PRO,T,0.79,11.607312,-7.2459035,1
5mn1,29,TYR,T,0.79,12.981428,-6.6879945,1
5mn1,33,LEU,E,0.79,17.38644,2.8939219,2
5mnk,17,VAL,B,0.799,18.659378,3.1874294,2
5mnk,18,GLY,S,0.799,-0.3446977,14.962864,0
5mnk,19,GLY,-,0.799,21.03561,3.026569,2
5mnk,20,TYR,E,0.799,20.49351,3.8997066,2
5mnk,21,THR,E,0.799,17.036558,4.676806,2
5mnk,22,CYS,-,0.799,10.05941,-7.82571,1
5mnk,23,GLY,-,0.799,23.139017,3.7471666,2
5mnk,24,ALA,T,0.799,18.285053,6.4015994,2
5mnk,25,ASN,T,0.799,-0.50744504,15.107258,0
5mnk,26,THR,S,0.799,12.787778,-6.727443,1
5mnk,27,VAL,S,0.799,17.85339,1.1766596,2
5mnk,28,PRO,T,0.799,11.633338,-7.2380524,1
5mnk,29,TYR,T,0.799,12.954923,-6.6387033,1
5mnk,33,LEU,E,0.799,17.453102,2.911737,2
5nfm,4,ALA,-,0.8,17.538958,4.7021613,2
5nfm,5,PRO,T,0.8,17.792692,6.344892,2
5nfm,6,GLY,T,0.8,-0.54101473,14.613098,0
5nfm,7,ASP,H,0.8,10.382382,-5.144618,1
5nfm,8,ILE,H,0.8,8.84541,-6.5976925,1
5nfm,9,GLU,H,0.8,9.08954,-6.5371003,1
5nfm,10,ASP,H,0.8,10.151729,-4.472169,1
5nfm,11,MET,H,0.8,9.445747,-6.710322,1
5nfm,12,ILE,H,0.8,9.241904,-6.7018642,1
5nfm,13,LYS,H,0.8,10.518115,-6.14844,1
5nfm,14,ALA,H,0.8,10.279288,-4.327111,1
5nfm,15,GLY,H,0.8,11.913408,-6.2107654,1
5nfm,16,ILE,S,0.8,17.906622,1.1326487,2
5nfm,17,PRO,T,0.8,17.959282,6.6564436,2
5nfm,18,GLY,T,0.8,-0.4421667,14.589737,0
5nfm,19,ALA,-,0.8,20.222263,1.8699243,2
5nfm,20,ARG,E,0.8,17.442938,3.628335,2
5nfm,21,VAL,E,0.8,20.918266,5.0963244,2
5nfm,22,THR,E,0.8,18.121159,3.1473935,2
5nfm,23,ILE,E,0.8,19.131783,3.6527765,2
5nfm,24,ARG,E,0.8,19.5172,4.345081,2
5nfm,25,ASP,E,0.8,17.51646,3.6747966,2
5nfm,26,LEU,G,0.8,17.97995,5.617592,2
5nfm,27,ALA,G,0.8,-0.76926684,14.895455,0
5nfm,28,GLY,G,0.8,-1.5059019,14.631733,0
5nfm,29,ASP,-,0.8,12.760236,-5.3391843,1
5nfm,30,GLY,S,0.8,-1.3936832,14.469035,0
5nfm,31,ASP,S,0.8,13.127927,-5.8234158,1
5nfm,32,HIS,-,0.8,19.5376,2.9252446,2
5nfm,33,TYR,E,0.8,21.426348,4.928953,2
5nfm,34,ALA,E,0.8,19.414808,4.1185255,2
5nfm,35,ALA,E,0.8,20.026737,4.936695,2
5nfm,36,GLU,E,0.8,17.56314,3.749758,2
5nfm,37,VAL,E,0.8,18.928082,2.9507723,2
5nfm,38,VAL,E,0.8,18.498585,2.6348627,2
5nfm,39,ALA,-,0.8,20.011478,4.0279016,2
5nfm,40,GLU,G,0.8,10.702898,-8.000278,1
5nfm,41,ALA,G,0.8,10.391436,-5.1153316,1
5nfm,42,PHE,G,0.8,12.743674,-5.7409897,1
5nfm,43,ARG,T,0.8,17.846176,6.8263335,2
5nfm,47,ARG,H,0.8,10.483187,-8.038099,1
5nfm,48,VAL,H,0.8,8.415134,-6.424905,1
5nfm,49,GLN,H,0.8,9.197456,-6.3740616,1
5nfm,50,GLN,H,0.8,9.047916,-6.617384,1
5nfm,51,HIS,H,0.8,9.41251,-6.09782,1
5nfm,52,GLN,H,0.8,9.192166,-6.3472433,1
5nfm,53,MET,H,0.8,9.309998,-6.2243986,1
5nfm,54,VAL,H,0.8,8.57832,-6.2459226,1
5nfm,55,TYR,H,0.8,8.331064,-6.5228515,1
5nfm,56,ASN,H,0.8,10.135927,-4.615519,1
5nfm,57,ALA,H,0.8,10.389833,-5.183893,1
5nfm,58,LEU,H,0.8,11.087278,-6.0702,1
5nfm,59,LYS,T,0.8,-0.89418244,14.828908,0
5nfm,60,GLY,T,0.8,-1.2520218,14.109746,0
5nfm,61,ASN,-,0.8,12.783757,-5.2815595,1
5nfm,62,MET,S,0.8,21.434526,2.2324328,2
5nfm,63,GLY,T,0.8,17.962358,6.5135136,2
5nfm,64,GLY,T,0.8,-0.5973853,15.029529,0
5nfm,65,ILE,H,0.8,10.081813,-6.2604775,1
5nfm,66,LEU,H,0.8,9.376309,-6.1506886,1
5nfm,67,HIS,H,0.8,12.937707,-5.71208,1
5nfm,68,ALA,H,0.8,11.30798,-5.4820814,1
5nfm,69,LEU,E,0.8,18.236828,1.7907455,2
5nfm,70,ALA,E,0.8,17.57911,3.0103679,2
5nfm,74,SER,E,0.8,21.53754,4.2612305,2
5nfm,75,ALA,-,0.8,17.549583,4.5110784,2
5nfm,76,PRO,-,0.8,19.769083,5.9098415,2
5nw3,1,ALA,-,0.59,19.006485,5.193599,2
5nw3,2,LYS,E,0.59,19.033125,4.498902,2
5nw3,3,TRP,E,0.59,19.31757,4.25988,2
5nw3,4,VAL,E,0.59,19.028477,5.1986637,2
5nw3,5,CYS,E,0.59,17.741087,3.9802487,2
5nw3,6,LYS,T,0.59,11.722503,-8.875828,1
5nw3,7,ILE,T,0.59,11.490913,-9.13375,1
5nw3,8,CYS,T,0.59,13.096492,-7.582998,1
5nw3,9,GLY,-,0.59,-1.4508977,14.568968,0
5nw3,10,TYR,-,0.59,19.661013,2.4695868,2
5nw3,11,ILE,E,0.59,18.932274,4.769591,2
5nw3,12,TYR,E,0.59,18.261705,4.442076,2
5nw3,13,ASP,E,0.59,18.253544,3.4072335,2
5nw3,14,GLU,T,0.59,11.691157,-8.844524,1
5nw3,15,ASP,T,0.59,11.861834,-9.037098,1
5nw3,16,ALA,T,0.59,11.586578,-9.148768,1
5nw3,17,GLY,-,0.59,23.352446,3.8520331,2
5nw3,21,ASN,G,0.59,13.317785,-7.0645847,1
5nw3,22,GLY,T,0.59,-1.0516189,13.987459,0
5nw3,23,ILE,B,0.59,19.442865,2.5693278,2
5nw3,24,SER,-,0.59,18.70514,5.2753215,2
5nw3,25,PRO,T,0.59,18.183643,5.9172826,2
5nw3,26,GLY,T,0.59,-0.78574806,14.39969,0
5nw3,27,THR,-,0.59,19.636862,2.44269,2
5nw3,28,LYS,-,0.59,18.705126,4.937778,2
5nw3,29,PHE,G,0.59,11.372297,-8.931676,1
5nw3,30,GLU,G,0.59,11.2989235,-9.131702,1
5nw3,31,GLU,G,0.59,11.706804,-8.58853,1
5nw3,32,LEU,S,0.59,17.763103,5.322166,2
5nw3,33,PRO,-,0.59,18.408173,5.185521,2
5nw3,34,ASP,T,0.59,11.791917,-8.894468,1
5nw3,35,ASP,T,0.59,13.23577,-7.4849014,1
5nw3,36,TRP,-,0.59,19.619732,2.4426854,2
5nw3,37,VAL,-,0.59,20.615044,4.8345256,2
5nw3,38,CYS,-,0.59,17.908825,4.550926,2
5nw3,39,PRO,T,0.59,11.725364,-8.818192,1
5nw3,40,ILE,T,0.59,11.39655,-9.166505,1
5nw3,41,CYS,T,0.59,13.042552,-7.618739,1
5nw3,42,GLY,-,0.59,-1.4447657,14.5960455,0
5nw3,46,SER,G,0.59,11.506606,-8.930197,1
5nw3,47,GLU,G,0.59,11.688677,-8.640037,1
5nw3,48,PHE,E,0.59,20.036528,2.7090268,2
5nw3,49,GLU,E,0.59,19.07408,4.4391756,2
5nw3,50,LYS,E,0.59,18.58447,4.817762,2
5nw3,51,LEU,-,0.59,18.277489,4.146911,2
5ome,1,ALA,-,0.747,19.655443,4.7865305,2
5ome,2,LYS,E,0.747,18.753405,3.6485195,2
5ome,3,TRP,E,0.747,18.922941,2.8165274,2
5ome,4,VAL,E,0.747,19.486658,5.784395,2
5ome,8,CYS,T,0.747,13.768113,-6.4971805,1
5ome,9,GLY,-,0.747,-1.6158925,14.753465,0
5ome,10,TYR,-,0.747,19.93083,2.050381,2
5ome,11,ILE,E,0.747,19.615824,5.478311,2
5ome,12,TYR,E,0.747,17.647623,3.4010816,2
5ome,13,ASP,E,0.747,17.841562,2.790871,2
5ome,14,GLU,T,0.747,11.903305,-7.990673,1
5ome,15,ASP,T,0.747,12.329325,-7.273356,1
5ome,16,ALA,T,0.747,13.10317,-5.9779596,1
5ome,17,GLY,-,0.747,23.41485,3.8277495,2
5ome,21,ASN,G,0.747,13.785743,-6.187398,1
5ome,22,GLY,T,0.747,-1.0974065,13.861485,0
5ome,23,ILE,B,0.747,19.145275,2.3638852,2
5ome,24,SER,-,0.747,18.201021,5.5698705,2
5ome,25,PRO,T,0.747,17.873196,6.24702,2
5ome,26,GLY,T,0.747,-0.4553203,14.576384,0
5ome,27,THR,-,0.747,19.552229,1.9060963,2
5ome,28,LYS,-,0.747,18.168875,5.505013,2
5ome,32,LEU,S,0.747,17.619534,6.738906,2
5ome,33,PRO,-,0.747,17.968643,5.571389,2
5ome,34,ASP,T,0.747,12.30728,-8.225556,1
5ome,35,ASP,T,0.747,13.931919,-6.9606047,1
5ome,36,TRP,-,0.747,19.82153,2.0275626,2
5ome,37,VAL,B,0.747,20.669956,4.5237784,2
5ome,38,CYS,-,0.747,17.032686,4.6431937,2
5ome,39,PRO,T,0.747,11.991803,-7.756094,1
5ome,40,ILE,T,0.747,13.296571,-6.0023074,1
5ome,41,CYS,T,0.747,13.712273,-6.56675,1
5ome,42,GLY,-,0.747,-1.5634238,14.758809,0
5ome,46,SER,G,0.747,12.241008,-6.0457563,1
5ome,47,GLU,G,0.747,12.280059,-6.1815104,1
5ome,51,LEU,S,0.747,17.398256,1.9873978,2
5tda,98,LEU,-,0.79,21.209402,3.0202208,2
5tda,99,CYS,-,0.79,10.466647,-7.985274,1
5tda,103,PHE,P,0.79,18.046661,6.417795,2
5tda,104,LYS,P,0.79,19.121862,5.6238604,2
5tda,105,VAL,T,0.79,17.766836,6.338869,2
5tda,106,GLY,T,0.79,-0.42660564,14.4915,0
5tda,107,GLU,-,0.79,18.75515,1.6683091,2
5tda,111,SER,E,0.79,17.425426,4.6922,2
5tda,115,CYS,T,0.79,13.762902,-6.459744,1
5tda,116,ALA,B,0.79,20.063042,1.4227834,2
5tda,117,VAL,S,0.79,11.793348,-7.824529,1
5tda,118,ASP,S,0.79,21.757303,2.8491297,2
5tda,119,PRO,T,0.79,11.990328,-7.468676,1
5tda,120,THR,T,0.79,12.759378,-6.763091,1
5tda,127,CYS,H,0.79,10.333096,-5.063655,1
5tda,128,PHE,H,0.79,9.005053,-6.4987707,1
5tda,129,LEU,H,0.79,11.005541,-6.129096,1
5tda,130,GLY,T,0.79,12.712841,-6.6389112,1
5tda,134,ARG,G,0.79,10.794022,-4.657601,1
5tda,135,ASP,G,0.79,12.473969,-5.871527,1
5tda,136,HIS,S,0.79,21.846403,2.8105237,2
5tda,137,ARG,-,0.79,17.346666,4.0790887,2
5tda,141,THR,E,0.79,20.46207,4.94321,2
5tda,142,THR,E,0.79,16.90311,4.149831,2
5tda,143,SER,-,0.79,19.776632,5.901006,2
5tda,144,GLY,-,0.79,13.847588,-5.155595,1
5tda,145,GLY,S,0.79,23.098291,3.7873344,2
5tda,146,GLY,-,0.79,23.236387,3.8058345,2
5tda,147,GLY,-,0.79,23.347586,3.8205924,2
5tda,148,PHE,B,0.79,21.578018,4.4035444,2
5tda,149,CYS,-,0.79,18.519741,4.952814,2
5tda,150,ASP,-,0.79,13.77676,-5.2713895,1
5tda,151,CYS,T,0.79,17.778757,6.859392,2
5tda,152,GLY,T,0.79,-0.48945385,14.703967,0
5tda,153,ASP,-,0.79,17.586405,2.8528273,2
5tda,154,THR,T,0.79,12.226617,-7.2919374,1
5tda,155,GLU,T,0.79,13.336792,-6.627917,1
5tda,156,ALA,T,0.79,13.081555,-6.336651,1
5tda,157,TRP,B,0.79,21.527199,3.164128,2
5tda,164,GLN,T,0.79,11.7132845,-7.857901,1
5tda,165,LYS,T,0.79,12.965019,-6.2151737,1
5wqq,2,ALA,-,0.8,18.18309,4.9732485,2
5wqq,3,PRO,-,0.8,18.165564,5.5441155,2
5wqq,4,ALA,T,0.8,12.328507,-8.060371,1
5wqq,5,ASN,T,0.8,13.791669,-7.0417233,1
5wqq,6,ALA,B,0.8,20.232826,1.6854056,2
5wqq,7,VAL,-,0.8,17.85151,3.8489714,2
5wqq,12,PRO,H,0.8,10.630857,-7.4690485,1
5wqq,13,THR,H,0.8,8.587861,-6.194769,1
5wqq,14,ALA,H,0.8,10.4804125,-4.182395,1
5wqq,15,ILE,H,0.8,9.146719,-6.7391877,1
5wqq,16,ALA,H,0.8,10.875114,-5.1259103,1
5wqq,23,ALA,G,0.8,10.19914,-5.084291,1
5wqq,24,THR,G,0.8,10.738939,-5.967715,1
5wqq,25,LYS,G,0.8,13.677494,-5.920006,1
5wqq,26,SER,S,0.8,21.769564,3.3754356,2
5wqq,27,GLU,-,0.8,13.820513,-4.8732743,1
5wqq,28,ARG,H,0.8,10.410286,-5.3248425,1
5wqq,29,VAL,H,0.8,8.402363,-6.4630127,1
5wqq,30,ALA,H,0.8,10.000082,-4.76855,1
5wqq,31,ALA,H,0.8,10.426013,-5.308053,1
5wqq,32,ALA,-,0.8,-1.6826832,15.083183,0
5wqq,33,ARG,-,0.8,19.70578,1.1654611,2
5wqq,34,PRO,T,0.8,18.189417,6.4006233,2
5wqq,35,GLY,T,0.8,-0.5575073,14.614321,0
5wqq,36,LEU,S,0.8,21.860523,2.609275,2
5wqq,40,GLU,G,0.8,12.690048,-5.7447553,1
5wqq,44,ALA,G,0.8,10.594651,-5.3513293,1
5wqq,45,ASN,G,0.8,12.432172,-6.2647047,1
5wqq,46,CYS,B,0.8,20.775393,2.5848494,2
5wqq,47,GLN,T,0.8,12.151108,-7.730832,1
5wqq,55,GLU,E,0.8,20.887423,4.6106157,2
5wqq,56,GLY,T,0.8,23.476805,3.8826,2
5wqq,57,ASP,T,0.8,12.164433,-7.6861453,1
5wqq,64,PHE,S,0.8,17.885916,1.1323676,2
5wqq,65,PRO,T,0.8,17.903,6.5326223,2
5wqq,69,ILE,E,0.8,18.79455,4.347047,2
5wqq,70,ASN,E,0.8,18.528488,4.184003,2
5wqq,71,VAL,T,0.8,12.116177,-7.761658,1
5wqq,72,ASN,T,0.8,12.552016,-6.585514,1
5wqq,73,GLY,-,0.8,20.999636,2.892785,2
5wqq,74,TRP,B,0.8,20.734173,4.973942,2
5wqq,75,CYS,-,0.8,19.587387,4.5318766,2
5wqq,76,ALA,T,0.8,12.578722,-8.061668,1
5wqq,77,SER,T,0.8,12.736525,-6.787278,1
5wqq,78,TRP,-,0.8,20.066587,2.1971784,2
5wqq,79,THR,-,0.8,18.665415,2.811198,2
5wqq,80,LEU,B,0.8,18.868011,5.662441,2
5wqq,81,LYS,-,0.8,17.05415,3.494187,2
5wqr,2,ALA,-,0.8,18.374414,5.019267,2
5wqr,3,PRO,-,0.8,18.229853,5.5630746,2
5wqr,4,ALA,T,0.8,12.30763,-8.025876,1
5wqr,5,ASN,T,0.8,13.972849,-7.05303,1
5wqr,6,ALA,B,0.8,20.302505,1.629633,2
5wqr,7,VAL,-,0.8,17.864943,3.8929956,2
5wqr,12,PRO,H,0.8,10.375287,-7.3059196,1
5wqr,13,THR,H,0.8,8.5981455,-6.224279,1
5wqr,14,ALA,H,0.8,11.084633,-4.9747114,1
5wqr,15,ILE,H,0.8,9.009512,-6.4195805,1
5wqr,16,ALA,H,0.8,10.67845,-4.8504868,1
5wqr,23,ALA,G,0.8,10.189227,-5.12497,1
5wqr,24,THR,G,0.8,10.637906,-6.0161123,1
5wqr,25,LYS,G,0.8,17.826231,1.0902305,2
5wqr,26,SER,S,0.8,21.951391,2.889282,2
5wqr,27,GLU,-,0.8,13.823682,-4.965982,1
5wqr,28,ARG,H,0.8,10.410889,-5.280983,1
5wqr,29,VAL,H,0.8,8.43636,-6.429546,1
5wqr,30,ALA,H,0.8,10.008899,-4.742991,1
5wqr,31,ALA,H,0.8,10.391062,-5.1340957,1
5wqr,32,ALA,-,0.8,-1.6960782,15.086584,0
5wqr,33,ARG,-,0.8,19.7719,1.1652155,2
5wqr,34,PRO,T,0.8,18.417168,6.4187884,2
5wqr,35,GLY,T,0.8,-0.58409125,14.596042,0
5wqr,36,LEU,S,0.8,21.928862,2.6131296,2
5wqr,44,ALA,G,0.8,10.522806,-5.2462435,1
5wqr,45,ASN,G,0.8,12.390497,-6.2559524,1
5wqr,46,CYS,B,0.8,20.778154,2.5862048,2
5wqr,47,GLN,T,0.8,12.142277,-7.694909,1
5wqr,51,ALA,E,0.8,11.216664,-5.386352,1
5wqr,52,ASN,E,0.8,12.773831,-5.7766037,1
5wqr,53,VAL,E,0.8,19.285652,2.6997542,2
5wqr,54,GLY,E,0.8,23.240849,3.8297365,2
5wqr,55,GLU,E,0.8,20.785816,4.5131745,2
5wqr,56,GLY,T,0.8,23.516169,3.8695066,2
5wqr,57,ASP,T,0.8,12.319144,-8.144662,1
5wqr,61,CYS,E,0.8,18.383818,3.7862306,2
5wqr,62,GLN,T,0.8,11.955408,-7.7405734,1
5wqr,63,LEU,T,0.8,12.904833,-6.64705,1
5wqr,64,PHE,S,0.8,17.885601,1.1318085,2
5wqr,65,PRO,T,0.8,18.033121,6.6269655,2
5wqr,69,ILE,E,0.8,18.760178,4.2764874,2
5wqr,70,ASN,E,0.8,18.472414,4.331965,2
5wqr,71,VAL,T,0.8,12.140424,-7.698268,1
5wqr,72,ASN,T,0.8,12.591329,-6.577252,1
5wqr,73,GLY,-,0.8,20.963911,2.8435178,2
5wqr,74,TRP,B,0.8,20.833141,4.896488,2
5wqr,75,CYS,-,0.8,19.656406,4.475471,2
5wqr,76,ALA,T,0.8,12.598275,-8.029894,1
5wqr,77,SER,T,0.8,12.69935,-6.6420946,1
5wqr,78,TRP,-,0.8,20.062735,2.1599183,2
5wqr,79,THR,-,0.8,18.670008,2.7042315,2
5wqr,80,LEU,B,0.8,18.853355,5.6409407,2
5wqr,81,LYS,-,0.8,17.14325,3.4469874,2
5yce,6,GLU,H,0.77,9.284921,-6.278943,1
5yce,29,LEU,H,0.77,9.950335,-6.3194437,1
5yce,39,THR,H,0.77,8.900126,-6.680827,1
5yce,43,PHE,-,0.77,19.52214,1.7082791,2
5yce,44,ASP,T,0.77,12.410564,-7.4469347,1
5yce,45,ARG,T,0.77,13.179396,-6.2638,1
5yce,46,PHE,T,0.77,12.7778,-6.0400014,1
5yce,47,LYS,T,0.77,12.236387,-6.9738264,1
5yce,48,HIS,T,0.77,12.621513,-6.7331247,1
5yce,49,LEU,-,0.77,19.68455,1.7994789,2
5yce,50,LYS,-,0.77,13.315645,-5.2503552,1
5yce,51,THR,S,0.77,21.886292,2.4963684,2
5yce,52,GLU,H,0.77,10.65563,-7.9414616,1
5yce,53,ALA,H,0.77,10.8391075,-4.626275,1
5yce,54,GLU,H,0.77,9.291428,-7.313342,1
5yce,58,SER,-,0.77,19.684181,1.8187733,2
5yce,65,GLY,H,0.77,9.30703,-5.9388313,1
5yce,66,VAL,H,0.77,9.004326,-6.174431,1
5yce,67,THR,H,0.77,8.534792,-6.699902,1
5yce,68,VAL,H,0.77,9.5579405,-6.4515767,1
5yce,69,LEU,H,0.77,10.545094,-6.193637,1
5yce,70,THR,H,0.77,8.38196,-6.9054093,1
5yce,71,ALA,H,0.77,10.230835,-4.4876337,1
5yce,72,LEU,H,0.77,9.346212,-6.361716,1
5yce,73,GLY,H,0.77,9.7487135,-6.7935243,1
5yce,74,ALA,H,0.77,10.330551,-4.7333302,1
5yce,75,ILE,H,0.77,9.452077,-6.914331,1
5yce,76,LEU,H,0.77,9.919353,-6.6891274,1
5yce,77,LYS,T,0.77,12.3827915,-6.9188123,1
5yce,78,LYS,T,0.77,13.176983,-6.6587133,1
5yce,79,LYS,T,0.77,-1.0215471,15.514922,0
5yce,80,GLY,T,0.77,-0.8637667,14.499207,0
5yce,81,HIS,-,0.77,17.336376,1.696149,2
5yce,94,ALA,H,0.77,11.182354,-4.803204,1
5yce,95,THR,H,0.77,11.123048,-6.7734537,1
5yce,96,LYS,T,0.77,13.092261,-5.841079,1
5yce,97,HIS,S,0.77,11.261197,-6.894264,1
5yce,98,LYS,-,0.77,-1.0670763,15.499771,0
5yce,105,GLU,H,0.77,9.2023735,-6.0912123,1
5yce,106,PHE,H,0.77,10.045111,-6.3886733,1
5yce,107,ILE,H,0.77,9.932332,-6.3347416,1
5yce,111,ILE,H,0.77,9.377438,-7.641364,1
5yce,112,ILE,H,0.77,9.811214,-7.1532116,1
5yce,113,HIS,H,0.77,10.340377,-7.003334,1
5yce,148,GLU,H,0.77,9.40873,-7.718654,1
5yce,149,LEU,T,0.77,13.089349,-6.4658027,1
5yce,150,GLY,T,0.77,-1.3087456,14.285865,0
6anm,1002,DPN,-,0.64,-1.3610882,14.641512,0
6anm,1003,BE2,-,0.64,18.526764,1.7342886,2
6ann,1003,BE2,-,0.76,18.541046,1.7282262,2
6e6o,2,ALA,H,0.7,12.211225,-8.049453,1
6e6o,3,CYS,H,0.7,11.006571,-4.2945886,1
6e6o,4,GLU,H,0.7,8.890567,-6.0857186,1
6e6o,5,GLN,H,0.7,11.917119,-5.065495,1
6e6o,6,ALA,H,0.7,9.910376,-5.6491,1
6e6o,7,ALA,H,0.7,10.050354,-4.4249945,1
6e6o,11,VAL,-,0.7,17.88133,1.6043408,2
6e6o,12,GLU,T,0.7,11.675552,-8.252431,1
6e6o,13,SER,H,0.7,9.261087,-7.61419,1
6e6o,17,SER,H,0.7,11.048562,-6.2090197,1
6e6o,18,LEU,H,0.7,12.072124,-5.322834,1
6e6o,19,CYS,S,0.7,20.920969,2.3205335,2
6e6o,26,THR,H,0.7,10.782797,-9.168959,1
6e6o,32,ILE,H,0.7,10.926967,-9.35617,1
6e6o,36,CYS,S,0.7,20.150696,3.3811429,2
6e6o,37,PRO,T,0.7,0.83147573,20.30641,0
6e6o,38,PRO,T,0.7,-9.751906,-2.9746103,-1
6jgj,8,PHE,G,0.78,12.661757,-5.922647,1
6jgj,9,THR,S,0.78,11.884398,-6.7551637,1
6jgj,10,GLY,S,0.78,21.653318,3.3062181,2
6jgj,11,VAL,-,0.78,17.002949,4.072059,2
6jgj,15,LEU,E,0.78,18.942484,3.6441321,2
6jgj,19,ASP,E,0.78,17.803478,3.7969258,2
6jgj,20,GLY,E,0.78,20.992535,4.582053,2
6jgj,21,ASP,E,0.78,18.89721,3.738462,2
6jgj,22,VAL,E,0.78,18.321804,3.2096963,2
6jgj,23,ASN,T,0.78,-0.7918915,15.42709,0
6jgj,24,GLY,T,0.78,-1.2429514,14.098935,0
6jgj,25,HIS,E,0.78,21.320618,2.2044468,2
6jgj,26,LYS,E,0.78,18.56116,2.4122796,2
6jgj,30,SER,E,0.78,18.352325,3.4767597,2
6jgj,31,GLY,E,0.78,21.325163,4.212722,2
6jgj,32,GLU,E,0.78,20.503468,4.8022585,2
6jgj,33,GLY,E,0.78,19.847591,4.55776,2
6jgj,34,GLU,E,0.78,21.281673,4.238119,2
6jgj,45,LYS,E,0.78,18.269897,3.185073,2
6jgj,49,THR,T,0.78,12.120583,-5.2813845,1
6jgj,50,THR,T,0.78,12.229637,-6.138745,1
6jgj,51,GLY,S,0.78,22.951632,3.7594972,2
6jgj,52,LYS,S,0.78,18.4807,4.6606846,2
6jgj,53,LEU,-,0.78,16.774858,4.667566,2
6jgj,54,PRO,S,0.78,12.017392,-7.3175616,1
6jgj,55,VAL,S,0.78,21.923258,2.5633442,2
6jgj,56,PRO,-,0.78,18.09605,5.5396304,2
6jgj,57,TRP,G,0.78,10.472789,-7.1491346,1
6jgj,58,PRO,G,0.78,9.425499,-6.2773795,1
6jgj,59,THR,G,0.78,11.748696,-6.129573,1
6jgj,60,LEU,G,0.78,12.605712,-5.690352,1
6jgj,61,VAL,T,0.78,9.782606,-6.1069803,1
6jgj,62,THR,T,0.78,11.717407,-7.169339,1
6jgj,63,THR,T,0.78,8.832144,-6.468358,1
6kl0,15,LEU,E,0.798,19.408144,3.6057546,2
6kl0,21,ASP,E,0.798,18.732113,3.684303,2
6kl0,22,VAL,E,0.798,18.389132,2.9372885,2
6kl0,23,ASN,T,0.798,-0.72931224,15.387123,0
6kl0,30,SER,E,0.798,18.38338,3.504912,2
6kl0,34,GLU,E,0.798,21.591984,4.4095054,2
6kl0,38,THR,G,0.798,8.633835,-6.9496017,1
6kl0,39,TYR,G,0.798,13.215222,-5.1541176,1
6kl0,40,GLY,T,0.798,-1.3546536,14.337554,0
6kl0,50,THR,T,0.798,13.131697,-6.6749067,1
6kl0,54,PRO,S,0.798,11.997461,-7.3764014,1
6kl0,55,VAL,S,0.798,21.912754,2.5784826,2
6kl0,56,PRO,-,0.798,18.141478,5.517247,2
6kl0,57,TRP,G,0.798,10.358562,-7.0109,1
6kl0,58,PRO,G,0.798,9.672373,-6.020721,1
6kl0,59,THR,G,0.798,11.815319,-6.118355,1
6kl0,60,LEU,G,0.798,12.635411,-5.679224,1
6kl0,61,VAL,T,0.798,10.035261,-6.32592,1
6kl0,62,THR,T,0.798,11.695899,-7.1476374,1
6kl0,63,THR,T,0.798,8.842589,-6.5402,1
6l27,5,GLU,G,0.77,10.551331,-6.758953,1
6l27,6,GLU,G,0.77,10.749079,-6.6849465,1
6l27,7,LEU,G,0.77,12.482403,-6.061414,1
6l27,8,PHE,G,0.77,13.110337,-5.254917,1
6l27,9,THR,S,0.77,12.221414,-6.8591633,1
6l27,10,GLY,S,0.77,21.419693,3.0618267,2
6l27,11,VAL,-,0.77,17.018442,4.1896076,2
6l27,12,VAL,E,0.77,18.92959,2.4100244,2
6l27,13,PRO,E,0.77,17.840155,5.3861675,2
6l27,14,ILE,E,0.77,20.422878,4.518579,2
6l27,15,LEU,E,0.77,18.862082,3.5638168,2
6l27,16,VAL,E,0.77,19.214676,3.309377,2
6l27,17,GLU,E,0.77,19.091585,3.4588568,2
6l27,18,LEU,E,0.77,20.911009,4.839857,2
6l27,19,ASP,E,0.77,17.44875,3.687469,2
6l27,20,GLY,E,0.77,21.248795,4.5942483,2
6l27,21,ASP,E,0.77,18.842026,3.642117,2
6l27,22,VAL,E,0.77,18.397387,2.8639877,2
6l27,23,ASN,T,0.77,-0.75289184,15.379749,0
6l27,24,GLY,T,0.77,-1.1436528,14.165018,0
6l27,25,HIS,E,0.77,18.129965,2.4272625,2
6l27,26,LYS,E,0.77,19.4843,3.7330208,2
6l27,27,PHE,E,0.77,21.425413,4.196079,2
6l27,28,SER,E,0.77,20.877363,4.044831,2
6l27,29,VAL,E,0.77,20.482246,5.008336,2
6l27,30,SER,E,0.77,18.259281,4.0958223,2
6l27,31,GLY,E,0.77,21.143976,4.0118546,2
6l27,32,GLU,E,0.77,20.762453,4.7562604,2
6l27,36,ASP,E,0.77,17.704111,2.3267095,2
6l27,37,ALA,G,0.77,11.065826,-5.374868,1
6l27,38,THR,G,0.77,8.585179,-7.109929,1
6l27,39,TYR,G,0.77,13.263716,-5.216757,1
6l27,40,GLY,T,0.77,-1.3905777,14.347911,0
6l27,46,PHE,E,0.77,19.397696,3.4660685,2
6l27,47,ILE,E,0.77,19.02449,2.7927682,2
6l27,48,SER,E,0.77,16.986204,4.0099044,2
6l27,49,THR,-,0.77,13.497137,-5.5853896,1
6l27,50,THR,S,0.77,13.332488,-5.9639916,1
6l27,51,GLY,S,0.77,17.994627,6.68114,2
6l27,52,LYS,P,0.77,17.254433,5.7738175,2
6l27,53,LEU,P,0.77,17.574287,6.0248733,2
6l27,54,PRO,-,0.77,11.342902,-7.049124,1
6l27,55,VAL,S,0.77,21.872822,2.5017338,2
6l27,56,PRO,-,0.77,17.47764,5.4670677,2
6l27,57,TRP,G,0.77,10.408964,-7.1167407,1
6l27,58,PRO,G,0.77,9.966912,-6.0206804,1
6l27,59,THR,G,0.77,11.750794,-6.1206074,1
6l27,60,LEU,G,0.77,12.62322,-5.698309,1
6l27,61,VAL,T,0.77,10.319501,-6.4550424,1
6l27,62,THR,T,0.77,11.553512,-7.083924,1
6l27,63,THR,T,0.77,12.180461,-6.690284,1
6mw1,1002,PHE,-,0.77,0.8314509,20.306429,0
6mw1,1003,MLE,-,0.77,-9.751721,-2.9744565,-1
6mw2,1002,PHE,T,0.77,0.8314467,20.306425,0
6mw2,1003,MLE,T,0.77,-9.75163,-2.9743772,-1
6s2m,0,MET,-,0.72,17.209127,5.0062304,2
6s2m,1,SER,-,0.72,17.25574,5.7277284,2
6s2m,2,ASN,G,0.72,10.224259,-5.185047,1
6s2m,3,LYS,G,0.72,9.629074,-5.918947,1
6s2m,4,PHE,G,0.72,9.344335,-6.4048076,1
6s2m,5,LEU,-,0.72,19.912422,1.9040056,2
6s2m,9,LYS,E,0.72,19.199165,2.7290378,2
6s2m,10,LEU,E,0.72,17.962801,5.01195,2
6s2m,11,VAL,E,0.72,13.787437,-5.5515943,1
6s2m,15,ASN,S,0.72,-0.5665247,15.128861,0
6s2m,16,PHE,H,0.72,10.262362,-6.5867343,1
6s2m,23,LEU,T,0.72,12.464111,-6.485075,1
6s2m,24,GLY,T,0.72,-1.106911,14.187738,0
6s2m,25,VAL,-,0.72,19.578695,1.8689908,2
6s2m,26,GLY,-,0.72,17.015245,5.2063227,2
6s2m,27,LEU,H,0.72,11.138504,-7.658001,1
6s2m,28,ALA,H,0.72,11.093648,-4.425706,1
6s2m,43,SER,E,0.72,20.98203,3.980308,2
6s2m,49,ILE,E,0.72,18.783308,3.4945295,2
6s2m,50,THR,E,0.72,19.15235,3.3364944,2
6s2m,62,ILE,E,0.72,20.518963,4.9213185,2
6s2m,63,SER,E,0.72,18.378016,4.015764,2
6s2m,64,PHE,E,0.72,21.692057,4.148932,2
6s2m,65,LYS,-,0.72,17.959723,3.7122703,2
6s2m,79,LYS,E,0.72,17.589401,2.8314729,2
6s2m,80,THR,E,0.72,21.09758,5.0819597,2
6tov,2,3MY,-,0.767,-1.3321265,14.744169,0
6tov,3,3FG,S,0.767,13.776505,-6.4527836,1
6tov,4,GHP,-,0.767,22.702133,4.013122,2
6tov,5,GHP,-,0.767,0.8290965,20.300816,0
6tov,6,OMY,-,0.767,-9.7516,-2.9743433,-1
6uf7,2,DSN,-,0.8,-1.21597,14.746549,0
6uf7,3,DGL,S,0.8,-1.2749801,14.4165535,0
6uf7,4,ILE,-,0.8,9.189002,-6.902343,1
6ufa,2,LEU,-,0.77,12.453617,-5.693167,1
6ufa,6,HIS,G,0.77,-1.5826507,15.023655,0
6ufa,7,DLY,G,0.77,-1.5461279,14.717082,0
6ufa,8,DLE,G,0.77,-1.4774674,14.647114,0
6ufa,9,GLN,-,0.77,19.52741,1.6052444,2
6ufa,10,GLU,G,0.77,10.395324,-7.6416507,1
6ufa,11,AIB,G,0.77,9.894893,-4.4855437,1
6ufa,12,DHI,G,0.77,10.012035,-5.8311687,1
6ufa,13,LYS,G,0.77,10.124461,-6.2547317,1
6ufa,14,LEU,G,0.77,12.677163,-5.576788,1
6ufa,15,DGN,-,0.77,23.450298,3.8663635,2
6ufa,16,DGL,G,0.77,-1.6062274,14.992651,0
6ufa,17,AIB,G,0.77,-1.6368328,15.054239,0
6ufa,18,HIS,G,0.77,-1.5963537,14.926635,0
6ufa,19,DLY,G,0.77,-1.6422795,14.840564,0
6ufa,20,DLE,G,0.77,-1.4056786,14.62955,0
6zm8,2,ILE,E,0.78,18.74381,2.6842878,2
6zm8,3,PRO,E,0.78,19.750141,5.865189,2
6zm8,4,GLY,E,0.78,19.610443,4.60982,2
6zm8,5,PHE,E,0.78,21.582531,4.305165,2
6zm8,6,ASP,E,0.78,20.673025,4.0995846,2
6zm8,7,ILE,E,0.78,21.333239,4.643102,2
6zm8,8,SER,-,0.78,20.650738,3.891649,2
6zm8,9,GLY,T,0.78,11.648041,-6.7126584,1
6zm8,10,TRP,T,0.78,12.732226,-6.7360754,1
6zm8,11,GLN,-,0.78,18.54478,1.5380608,2
6zm8,12,PRO,S,0.78,11.692793,-6.872445,1
6zm8,13,THR,-,0.78,21.47811,5.2336836,2
6zm8,14,THR,-,0.78,18.183117,3.4597578,2
6zm8,15,ASP,-,0.78,17.42732,3.1940727,2
6zm8,16,PHE,H,0.78,11.005328,-7.4317503,1
6zm8,17,ALA,H,0.78,10.468756,-4.346951,1
6zm8,18,ARG,H,0.78,10.185669,-4.487647,1
6zm8,19,ALA,H,0.78,10.459823,-4.593052,1
6zm8,20,TYR,H,0.78,9.078478,-5.9532657,1
6zm8,21,ALA,H,0.78,11.012886,-4.203911,1
6zm8,22,ASN,H,0.78,11.217132,-4.652161,1
6zm8,23,GLY,T,0.78,-1.2458246,13.998733,0
6zm8,24,ASP,-,0.78,19.994194,2.084752,2
6zm8,25,ARG,-,0.78,13.895928,-5.5252194,1
6zm8,26,PHE,E,0.78,21.67338,3.6649709,2
6zm8,27,VAL,E,0.78,20.657383,4.6216416,2
6zm8,28,TYR,E,0.78,17.51015,2.9849205,2
6zm8,29,ILE,E,0.78,19.03602,2.4625576,2
6zm8,30,LYS,E,0.78,18.191526,5.4728174,2
6zm8,31,ALA,E,0.78,11.390845,-6.066955,1
6zm8,32,THR,E,0.78,21.534843,4.711841,2
6zm8,33,GLU,E,0.78,18.564432,3.6950216,2
6zm8,34,GLY,T,0.78,23.539835,3.87573,2
6zm8,35,THR,T,0.78,12.356617,-7.2726793,1
6zm8,36,THR,T,0.78,12.70786,-6.1405215,1
6zm8,40,SER,T,0.78,11.805652,-7.7694707,1
6zm8,41,ALA,T,0.78,13.389071,-6.4760914,1
6zm8,45,GLN,H,0.78,9.997587,-7.2976093,1
6zm8,46,TYR,H,0.78,8.846758,-6.106027,1
6zm8,47,THR,H,0.78,8.702465,-6.9599175,1
6zm8,48,GLY,H,0.78,8.895995,-6.372466,1
6zm8,49,ALA,H,0.78,10.323774,-4.1838245,1
6zm8,50,THR,H,0.78,9.309075,-7.6146803,1
6zm8,51,GLN,H,0.78,12.435654,-5.208376,1
6zm8,52,ASN,T,0.78,13.863173,-7.1747694,1
6zm8,53,GLY,T,0.78,-1.1030488,13.8647785,0
6zm8,54,PHE,-,0.78,20.175177,2.8322701,2
6zm8,55,ILE,E,0.78,17.029396,3.8828366,2
6zm8,56,ARG,E,0.78,21.259233,4.694965,2
6zm8,57,GLY,E,0.78,21.229567,4.05618,2
6zm8,58,ALA,E,0.78,19.84598,4.7464705,2
6zm8,59,TYR,E,0.78,21.008917,4.2352796,2
6zm8,60,HIS,E,0.78,18.69885,2.7149339,2
6zm8,61,PHE,E,0.78,17.746405,3.2370827,2
6zm8,62,ALA,-,0.78,19.982748,3.0156114,2
6zm8,63,GLN,-,0.78,17.733364,2.2539065,2
6zm8,64,PRO,T,0.78,11.894447,-6.9238944,1
6zm8,65,ALA,T,0.78,12.856068,-6.4617667,1
6zm8,69,GLY,H,0.78,10.517567,-8.073542,1
6zm8,70,ALA,H,0.78,10.099996,-4.782428,1
6zm8,71,ALA,H,0.78,10.514662,-4.6096315,1
6zm8,72,GLN,H,0.78,10.485372,-6.0493536,1
6zm8,73,ALA,H,0.78,10.39325,-4.736666,1
6zm8,74,ARG,H,0.78,11.068001,-4.8485427,1
6zm8,75,TYR,H,0.78,8.371669,-6.7790947,1
6zm8,76,PHE,H,0.78,9.193419,-6.2160544,1
6zm8,77,ALA,H,0.78,10.795468,-4.9150333,1
6zm8,78,SER,H,0.78,12.621672,-6.164222,1
6zm8,79,ASN,T,0.78,13.839134,-7.114717,1
6zm8,80,GLY,T,0.78,-1.264162,14.113616,0
6zm8,81,GLY,-,0.78,12.534917,-5.6507936,1
6zm8,82,GLY,-,0.78,17.007277,5.24926,2
6zm8,86,ASP,S,0.78,13.598701,-7.034919,1
6zm8,87,GLY,S,0.78,-1.148679,14.212007,0
6zm8,88,ILE,S,0.78,12.917592,-5.8014717,1
6zm8,89,THR,B,0.78,19.648209,1.9692132,2
6zm8,90,LEU,P,0.78,17.400337,6.1161914,2
6zm8,91,PRO,P,0.78,17.56421,6.1814346,2
6zm8,92,GLY,P,0.78,17.991692,6.0472007,2
6zm8,93,ALA,E,0.78,19.809235,4.594953,2
6zm8,94,LEU,E,0.78,18.09446,3.0842528,2
6zm8,95,ASP,E,0.78,17.712534,2.754626,2
6zm8,99,ASN,-,0.78,17.18029,4.258926,2
6zm8,100,PRO,T,0.78,12.340051,-4.121423,1
6zm8,101,ASN,T,0.78,12.356295,-3.993195,1
6zm8,102,GLY,S,0.78,22.637135,3.8474364,2
6zm8,103,ALA,-,0.78,18.396769,4.4516015,2
6zm8,104,THR,T,0.78,11.651187,-7.80617,1
6zm8,105,CYS,T,0.78,12.593043,-6.767275,1
6zm8,106,TYR,T,0.78,-0.85839653,14.598751,0
6zm8,107,GLY,T,0.78,-1.1708505,14.057759,0
6zm8,108,LEU,-,0.78,20.239172,1.7396208,2
6zm8,109,SER,-,0.78,17.180527,5.3485107,2
6zm8,110,GLN,H,0.78,10.572175,-8.022365,1
6zm8,111,SER,H,0.78,8.86157,-5.8340507,1
6zm8,112,ALA,H,0.78,11.081413,-4.7797246,1
6zm8,113,MET,H,0.78,8.996128,-6.4707417,1
6zm8,114,VAL,H,0.78,8.631651,-6.2903275,1
6zm8,115,ASN,H,0.78,11.007904,-5.265073,1
6zm8,116,TRP,H,0.78,8.703806,-6.977715,1
6zm8,117,ILE,H,0.78,9.226352,-6.4052153,1
6zm8,118,GLU,H,0.78,9.030846,-6.3855176,1
6zm8,119,ASP,H,0.78,10.919166,-4.596325,1
6zm8,123,THR,H,0.78,8.762108,-6.606831,1
6zm8,124,TYR,H,0.78,8.789272,-7.376848,1
6zm8,125,HIS,H,0.78,9.977008,-6.7497015,1
6zm8,126,GLY,H,0.78,9.474228,-6.3888984,1
6zm8,127,ILE,H,0.78,9.361459,-7.5642962,1
6zm8,128,THR,H,0.78,12.483158,-6.273351,1
6zm8,129,SER,S,0.78,-0.71482563,14.489153,0
6zm8,130,ARG,S,0.78,20.653309,2.5443494,2
6zm8,131,TRP,P,0.78,17.361307,5.9814353,2
6zm8,132,PRO,P,0.78,19.135899,6.070329,2
6zm8,133,VAL,E,0.78,18.031277,3.9956875,2
6zm8,134,ILE,E,0.78,18.635353,3.723944,2
6zm8,135,TYR,E,0.78,18.260027,3.5610394,2
6zm8,136,THR,E,0.78,21.468866,4.197491,2
6zm8,137,THR,-,0.78,19.084513,3.9746113,2
6zm8,138,THR,H,0.78,11.158689,-7.71387,1
6zm8,139,ASP,H,0.78,10.78346,-5.2675858,1
6zm8,140,TRP,H,0.78,8.585261,-6.819842,1
6zm8,141,TRP,H,0.78,8.443664,-6.5099435,1
6zm8,145,THR,H,0.78,12.991539,-5.7165256,1
6zm8,146,GLY,S,0.78,-1.4664167,14.622946,0
6zm8,147,ASN,S,0.78,-0.99222404,15.471423,0
6zm8,148,SER,-,0.78,19.843937,1.8425106,2
6zm8,149,ASN,-,0.78,14.054014,-5.5610237,1
6zm8,150,ARG,T,0.78,13.65709,-6.439256,1
6zm8,151,PHE,T,0.78,12.821861,-6.1652417,1
6zm8,155,CYS,S,0.78,19.268536,2.3209145,2
6zm8,156,PRO,-,0.78,17.776382,5.2446055,2
6zm8,157,LEU,E,0.78,20.020447,3.1223595,2
6zm8,158,TRP,E,0.78,17.483871,2.6913662,2
6zm8,159,ILE,E,0.78,19.261053,3.0824947,2
6zm8,160,ALA,E,0.78,19.479155,4.616207,2
6zm8,161,ARG,-,0.78,19.283026,3.9198625,2
6zm8,162,TYR,-,0.78,17.34867,1.7633601,2
6zm8,166,VAL,-,0.78,11.275477,-7.809186,1
6zm8,167,GLY,-,0.78,23.30613,3.8698366,2
6zm8,168,THR,P,0.78,17.88866,6.3036666,2
6zm8,169,LEU,P,0.78,17.573357,6.100043,2
6zm8,170,PRO,P,0.78,17.804283,6.2062087,2
6zm8,171,ASN,T,0.78,18.321045,6.395156,2
6zm8,172,GLY,T,0.78,-0.4779021,14.52057,0
6zm8,173,TRP,-,0.78,19.711617,1.8935055,2
6zm8,174,GLY,S,0.78,11.769008,-7.8374977,1
6zm8,178,PHE,E,0.78,20.532578,2.9853406,2
6zm8,179,TRP,E,0.78,18.822283,3.2966323,2
6zm8,180,GLN,E,0.78,17.36546,2.8225813,2
6zm8,181,TYR,E,0.78,11.462948,-6.5807166,1
6zm8,182,ASN,E,0.78,21.556797,3.6434286,2
6zm8,183,ASP,S,0.78,14.001026,-6.0168314,1
6zm8,184,LYS,-,0.78,13.3878,-4.8386273,1
6zm8,185,TYR,-,0.78,19.091692,1.0346624,2
6zm8,186,PRO,T,0.78,11.512563,-7.3797464,1
6zm8,187,GLN,T,0.78,12.520961,-6.585463,1
6zm8,188,GLY,S,0.78,23.091461,3.7365186,2
6zm8,189,GLY,S,0.78,22.982327,3.858437,2
6zm8,190,ASP,E,0.78,19.773043,4.079638,2
6zm8,191,SER,E,0.78,19.083773,3.3525112,2
6zm8,192,ASN,E,0.78,20.919247,4.6383834,2
6zm8,193,TRP,E,0.78,18.192501,3.821358,2
6zm8,194,PHE,E,0.78,17.406187,2.9309125,2
6zm8,195,ASN,S,0.78,12.409207,-5.1459565,1
6zm8,196,GLY,S,0.78,22.664236,3.751724,2
6zm8,197,ASP,-,0.78,20.05311,3.8960378,2
6zm8,204,LEU,H,0.78,8.979258,-6.1372113,1
6zm8,205,ALA,H,0.78,10.708036,-4.236961,1
6zm8,206,ASN,H,0.78,9.650458,-5.6107845,1
6zm8,207,GLY,T,0.78,-0.66561353,13.96888,0
7a5m,1,MET,T,0.78,9.166215,-6.1824822,1
7a5m,2,SER,T,0.78,12.639067,-6.783276,1
7a5m,3,GLU,E,0.78,18.184418,2.4026768,2
7a5m,4,GLN,E,0.78,20.593222,4.799624,2
7a5m,12,ALA,E,0.78,17.313332,3.674673,2
7a5m,16,TYR,E,0.78,17.15214,4.968519,2
7a5m,17,ASP,E,0.78,17.528149,3.1636353,2
7a5m,18,ASP,T,0.78,11.5130825,-4.760051,1
7a5m,19,ALA,T,0.78,11.462622,-4.773494,1
7a5m,20,ASN,T,0.78,13.79746,-7.080348,1
7a5m,24,VAL,E,0.78,20.165575,3.842044,2
7a5m,25,PRO,E,0.78,17.34079,5.658426,2
7a5m,26,ALA,G,0.78,17.424,4.0689335,2
7a5m,32,PHE,E,0.78,20.108728,5.461155,2
7a5m,43,ASN,T,0.78,13.673519,-7.0000443,1
7a5m,44,ASN,T,0.78,-1.0374787,15.537759,0
7a5m,45,THR,E,0.78,21.570883,3.4266872,2
7a5m,46,PHE,E,0.78,20.653725,4.5967684,2
7a5m,47,ARG,E,0.78,20.390911,4.4722695,2
7a5m,48,VAL,E,0.78,18.259966,3.3235068,2
7a5m,49,VAL,E,0.78,18.633696,3.1135,2
7a5m,50,GLY,E,0.78,19.486927,3.4803748,2
7a5m,58,VAL,E,0.78,16.54834,4.3362947,2
7a5m,59,VAL,E,0.78,13.234888,-5.2222466,1
7a5m,67,GLY,T,0.78,-0.51431674,14.645255,0
7a5m,68,LEU,-,0.78,19.977655,1.8065075,2
7a5m,69,LYS,-,0.78,17.066416,4.0813165,2
7a5m,73,ALA,-,0.78,11.675073,-4.3477073,1
7a5m,74,THR,S,0.78,22.043177,2.7734737,2
7a5m,75,GLN,S,0.78,11.686908,-7.224372,1
7a5m,76,THR,S,0.78,12.948854,-6.5831456,1
7a5m,77,PHE,E,0.78,21.095364,2.9209697,2
7a5m,89,LEU,E,0.78,18.471699,3.3069143,2
7a5m,90,ASN,E,0.78,17.358656,2.951947,2
7a5m,91,PHE,E,0.78,20.073591,2.9701355,2
7a5m,92,GLY,S,0.78,11.980513,-7.557033,1
7a5m,93,SER,S,0.78,22.06367,2.893732,2
7a5m,94,LYS,H,0.78,12.151259,-4.582161,1
7a5m,95,GLU,H,0.78,10.643465,-6.835591,1
7a5m,96,ASP,H,0.78,10.483987,-4.0902104,1
7a5m,107,ALA,H,0.78,11.176611,-4.388628,1
7a5m,108,LEU,H,0.78,10.844814,-6.81544,1
7a5m,109,GLU,H,0.78,12.141804,-5.8828306,1
7a5m,110,VAL,H,0.78,12.260421,-6.043452,1
7fez,4,PHE,G,0.76,12.109833,-5.9063234,1
7fez,5,LEU,-,0.76,19.931097,1.8799716,2
7fez,6,GLY,E,0.76,22.50246,4.1578536,2
7fez,7,THR,E,0.76,18.708118,3.0394053,2
7fez,11,VAL,E,0.76,13.802645,-5.6391506,1
7fez,12,ASP,E,0.76,21.192173,2.5530856,2
7fez,13,SER,E,0.76,20.23307,3.8898702,2
7fez,14,LYS,E,0.76,19.073486,3.3963928,2
7fez,15,ASN,S,0.76,-0.5886208,15.098505,0
7fez,16,PHE,H,0.76,9.88506,-6.070346,1
7fez,24,GLY,T,0.76,-1.2153211,14.133427,0
7fez,25,VAL,-,0.76,19.523767,1.8819344,2
7fez,26,GLY,-,0.76,19.323385,4.7672586,2
7fez,27,PHE,H,0.76,11.438049,-7.664874,1
7fez,28,ALA,H,0.76,11.151521,-4.4750423,1
7fez,33,ALA,H,0.76,11.0966215,-5.5523047,1
7fez,37,LYS,-,0.76,17.94415,2.1271768,2
7fez,38,PRO,-,0.76,20.153582,2.9348545,2
7fez,39,THR,E,0.76,18.065626,3.6437957,2
7fez,51,LEU,E,0.76,19.007666,2.9911058,2
7fez,52,LYS,E,0.76,18.972763,3.458575,2
7fez,53,THR,E,0.76,17.940428,2.9824097,2
7fez,54,HIS,E,0.76,20.54304,4.885055,2
7fez,55,SER,-,0.76,21.457026,4.125463,2
7fez,56,THR,S,0.76,12.162187,-7.579923,1
7fez,61,GLU,E,0.76,20.755302,4.0931735,2
7fez,62,ILE,E,0.76,20.544905,4.66307,2
7fez,63,SER,E,0.76,18.335514,3.7619343,2
7fez,67,GLY,T,0.76,-0.6280704,14.725717,0
7fez,68,VAL,S,0.76,21.747698,2.408142,2
7fez,69,GLU,-,0.76,18.561323,5.374309,2
7fez,70,PHE,E,0.76,20.66132,4.6405044,2
7fez,71,ASP,E,0.76,17.831434,4.291863,2
7fez,72,GLU,E,0.76,20.796768,4.616217,2
7fez,73,THR,E,0.76,17.592102,2.865824,2
7fez,74,THR,-,0.76,20.189575,4.835861,2
7fez,75,ALA,T,0.76,12.414446,-8.26818,1
7fez,76,ASP,T,0.76,13.889451,-6.916226,1
7fez,77,ASP,-,0.76,-1.6576817,14.837205,0
7fez,78,ARG,-,0.76,20.17742,1.4477594,2
7fez,79,LYS,E,0.76,17.880905,2.766555,2
7fez,80,VAL,E,0.76,21.351135,4.8190327,2
7fez,81,LYS,E,0.76,17.948961,2.9081569,2
7fez,82,SER,E,0.76,20.983656,4.9919114,2
7fez,83,ILE,E,0.76,20.986963,3.9065242,2
7fez,88,GLY,T,0.76,12.3545685,-3.9910374,1
7fez,89,GLY,T,0.76,-0.93585944,14.4148035,0
7fez,93,HIS,E,0.76,18.405203,2.8988202,2
7fez,94,LEU,E,0.76,18.921986,3.3087118,2
7fez,98,ASP,T,0.76,-0.5567303,15.287266,0
7fez,103,THR,E,0.76,20.779057,4.2994943,2
7fez,104,LEU,E,0.76,17.985104,2.6642132,2
7fez,105,VAL,E,0.76,19.255865,3.0818884,2
7fez,109,ILE,E,0.76,12.402428,-3.9046602,1
7fez,110,ASP,T,0.76,12.35036,-3.9849987,1
7fez,111,GLY,T,0.76,12.361839,-3.9807866,1
7fez,115,LEU,E,0.76,18.46386,3.012972,2
7fez,119,HIS,E,0.76,19.146215,3.7390997,2
7fez,120,GLY,T,0.76,23.520891,3.8951728,2
7fez,121,THR,T,0.76,11.979106,-7.477755,1
7fez,122,ALA,E,0.76,19.920338,2.8860404,2
7fez,123,VAL,E,0.76,18.648302,2.9696977,2
7fez,131,GLU,-,0.76,17.472185,4.7247753,2
7kr0,9,TYR,-,0.77,20.137638,2.3607113,2
7kr0,17,TYR,E,0.77,20.478743,3.351978,2
7kr0,18,ILE,E,0.77,20.305225,4.1221013,2
7kr0,34,VAL,E,0.77,21.42119,5.1857233,2
7kr0,35,VAL,E,0.77,18.09427,3.7831137,2
7kr0,36,VAL,E,0.77,19.507687,5.469537,2
7kr0,37,ASN,E,0.77,19.4012,4.559922,2
7kr0,38,ALA,E,0.77,17.181986,3.217531,2
7kr0,46,GLY,S,0.77,12.590575,-6.4361033,1
7kr0,47,GLY,S,0.77,21.795647,3.8115036,2
7kr0,48,GLY,H,0.77,23.428173,3.8765972,2
7kr0,49,VAL,H,0.77,10.604439,-8.005774,1
7kr0,50,ALA,H,0.77,10.2414875,-4.616453,1
7kr0,51,GLY,H,0.77,9.456305,-6.468042,1
7kr0,52,ALA,H,0.77,10.314349,-4.6139855,1
7kr0,53,LEU,H,0.77,9.151189,-6.6161876,1
7kr0,61,MET,H,0.77,9.23961,-6.5296063,1
7kr0,62,GLN,H,0.77,9.766469,-6.3383093,1
7kr0,69,ILE,H,0.77,9.960775,-6.5944715,1
7kr0,70,ALA,H,0.77,10.748447,-5.157039,1
7kr0,79,GLY,-,0.77,21.093529,2.990002,2
7kr0,80,SER,E,0.77,21.542795,4.31971,2
7kr0,90,LYS,S,0.77,10.748411,-8.122818,1
7kr0,91,HIS,E,0.77,21.452053,5.0915565,2
7kr0,92,CYS,E,0.77,19.149286,4.344058,2
7kr0,93,LEU,E,0.77,17.820934,3.2315793,2
7kr0,94,HIS,E,0.77,17.726246,2.7160034,2
7kr0,95,VAL,E,0.77,19.265644,3.0833018,2
7kr0,96,VAL,-,0.77,19.600695,5.5342464,2
7kr0,116,PHE,G,0.77,12.269052,-5.988914,1
7kr0,117,ASN,G,0.77,11.348906,-5.5752716,1
7kr0,128,SER,T,0.77,-0.56270623,14.699105,0
7kr0,129,ALA,-,0.77,20.281336,1.5277084,2
7kr0,130,GLY,G,0.77,23.486992,3.8923357,2
7kr0,131,ILE,G,0.77,11.230278,-7.9772563,1
7kr0,139,SER,H,0.77,9.497803,-6.1413054,1
7kr0,143,CYS,H,0.77,10.17119,-4.238495,1
7kr0,144,VAL,H,0.77,9.386359,-6.462547,1
7kr0,145,ASP,H,0.77,12.582547,-5.4009013,1
7kr0,146,THR,H,0.77,13.080337,-5.9442086,1
7kr0,150,ASN,E,0.77,18.32843,4.663038,2
7kr0,151,VAL,E,0.77,19.207682,3.1401954,2
7kr0,152,TYR,E,0.77,17.935234,2.5212429,2
7r2h,3,ASN,-,0.79,17.352648,4.674856,2
7r2h,4,PRO,-,0.79,19.754303,5.899952,2
7r2h,5,LEU,E,0.79,17.770098,3.711898,2
7r2h,6,VAL,E,0.79,20.256657,4.131284,2
7r2h,7,TYR,E,0.79,21.34987,4.4668517,2
7r2h,8,LEU,E,0.79,18.528997,3.6118531,2
7r2h,9,ASP,E,0.79,17.47911,3.2862744,2
7r2h,10,VAL,E,0.79,21.011465,5.2265835,2
7r2h,11,ASP,E,0.79,19.832628,4.8114324,2
7r2h,12,ALA,E,0.79,17.511124,3.671419,2
7r2h,13,ASN,T,0.79,-0.73420924,15.457738,0
7r2h,14,GLY,T,0.79,-1.137188,13.880051,0
7r2h,15,LYS,E,0.79,18.918245,2.189627,2
7r2h,16,PRO,E,0.79,19.723627,5.8431535,2
7r2h,17,LEU,E,0.79,13.721307,-5.160714,1
7r2h,18,GLY,E,0.79,22.985619,3.8316007,2
7r2h,19,ARG,E,0.79,20.12918,4.943126,2
7r2h,20,VAL,E,0.79,17.955847,3.598767,2
7r2h,21,VAL,E,0.79,18.194468,2.9679663,2
7r2h,22,LEU,E,0.79,21.030704,5.216668,2
7r2h,23,GLU,E,0.79,17.67913,3.5994704,2
7r2h,24,LEU,E,0.79,17.956402,2.5715194,2
7r2h,25,LYS,-,0.79,17.35997,1.6953938,2
7r2h,26,ALA,T,0.79,12.46823,-7.4351063,1
7r2h,27,ASP,T,0.79,12.451833,-7.241615,1
7r2h,28,VAL,T,0.79,13.199387,-6.097326,1
7r2h,29,VAL,-,0.79,17.912645,1.2621737,2
7r2h,30,PRO,H,0.79,10.755838,-6.4219513,1
7r2h,31,LYS,H,0.79,9.170705,-6.783432,1
7r2h,32,THR,H,0.79,8.569641,-6.402569,1
7r2h,33,ALA,H,0.79,10.17291,-4.743498,1
7r2h,34,GLU,H,0.79,9.613714,-6.419465,1
7r2h,35,ASN,H,0.79,10.183465,-4.308359,1
7r2h,36,PHE,H,0.79,9.13641,-6.68242,1
7r2h,37,ARG,H,0.79,10.104719,-4.431593,1
7r2h,38,ALA,H,0.79,10.341601,-5.2050805,1
7r2h,39,LEU,H,0.79,9.632329,-6.036699,1
7r2h,40,CYS,H,0.79,10.2443285,-4.9469633,1
7r2h,41,THR,H,0.79,10.095596,-6.1231136,1
7r2h,42,GLY,T,0.79,-1.4180629,14.350035,0
7r2h,43,GLU,T,0.79,12.969144,-7.1125603,1
7r2h,44,LYS,T,0.79,13.059088,-6.625506,1
7r2h,45,GLY,S,0.79,-1.2285472,14.0449295,0
7r2h,46,PHE,-,0.79,21.431606,3.39188,2
7r2h,47,GLY,S,0.79,22.60472,4.096233,2
7r2h,48,TYR,S,0.79,11.511002,-7.510631,1
7r2h,49,LYS,T,0.79,17.936121,6.775585,2
7r2h,50,GLY,T,0.79,-0.56315774,14.561904,0
7r2h,51,SER,-,0.79,21.078505,3.030448,2
7r2h,52,THR,B,0.79,20.949242,5.2214503,2
7r2h,53,PHE,E,0.79,16.82878,3.6339521,2
7r2h,54,HIS,E,0.79,13.467504,-5.505886,1
7r2h,55,ARG,E,0.79,20.666065,2.454383,2
7r2h,56,VAL,E,0.79,19.22782,3.0014942,2
7r2h,57,ILE,E,0.79,18.665915,2.4525123,2
7r2h,58,PRO,T,0.79,17.925657,6.4902887,2
7r2h,59,SER,T,0.79,-0.7867962,15.096145,0
7r2h,60,PHE,T,0.79,13.281134,-5.9435687,1
7r2h,61,MET,E,0.79,21.852188,4.132338,2
7r2h,62,CYS,E,0.79,17.938791,2.76073,2
7r2h,63,GLN,E,0.79,19.62161,3.1579268,2
7r2h,64,ALA,E,0.79,21.120949,5.0728636,2
7r2h,65,GLY,-,0.79,-1.1438333,14.812413,0
7r2h,66,ASP,-,0.79,17.455597,1.9214294,2
7r2h,67,PHE,T,0.79,12.524181,-7.07016,1
7r2h,68,THR,T,0.79,13.231141,-6.2458634,1
7r2h,69,ASN,T,0.79,13.784806,-6.973619,1
7r2h,70,HIS,S,0.79,-0.88938874,14.987049,0
7r2h,71,ASN,S,0.79,13.7456255,-6.4333334,1
7r2h,72,GLY,S,0.79,-1.2092801,14.007392,0
7r2h,73,THR,S,0.79,12.787852,-6.211456,1
7r2h,74,GLY,-,0.79,21.158007,3.160456,2
7r2h,75,GLY,-,0.79,23.16321,3.7532089,2
7r2h,76,LYS,-,0.79,21.316736,3.8690941,2
7r2h,77,SER,B,0.79,18.998371,5.4524846,2
7r2h,78,ILE,T,0.79,12.094563,-7.88767,1
7r2h,79,TYR,T,0.79,12.812528,-6.3192153,1
7r2h,80,GLY,B,0.79,23.09752,3.716638,2
7r2h,81,SER,S,0.79,11.27139,-7.5211153,1
7r2h,82,ARG,-,0.79,21.172495,2.6198626,2
7r2h,83,PHE,B,0.79,20.080269,3.9906242,2
7r2h,84,PRO,-,0.79,19.861341,5.8701243,2
7r2h,85,ASP,-,0.79,17.195107,3.6984367,2
7r2h,86,GLU,-,0.79,13.521041,-5.025848,1
7r2h,87,ASN,-,0.79,21.29189,2.5679512,2
7r2h,88,PHE,-,0.79,13.845602,-5.0329695,1
7r2h,89,THR,-,0.79,10.740812,-6.4942846,1
7r2h,90,LEU,S,0.79,17.923056,6.72501,2
7r2h,91,LYS,-,0.79,20.158905,4.707158,2
7r2h,92,HIS,-,0.79,17.368547,1.7982755,2
7r2h,93,VAL,-,0.79,13.393593,-5.7008133,1
7r2h,94,GLY,S,0.79,22.531944,3.8010435,2
7r2h,95,PRO,T,0.79,17.825537,6.300262,2
7r2h,96,GLY,T,0.79,-0.5759405,14.682575,0
7r2h,97,VAL,E,0.79,19.892998,2.007849,2
7r2h,98,LEU,E,0.79,17.99717,2.6103456,2
7r2h,99,SER,E,0.79,21.292778,4.6535687,2
7r2h,100,MET,E,0.79,19.675833,5.689229,2
7r2h,101,ALA,-,0.79,17.612928,4.498365,2
7r2h,102,ASN,-,0.79,20.600115,4.26029,2
7r2h,103,ALA,S,0.79,13.980446,-6.0452433,1
7r2h,104,GLY,S,0.79,23.018375,3.8068802,2
7r2h,105,PRO,T,0.79,18.159094,6.4031343,2
7r2h,106,ASN,T,0.79,-0.58998436,15.325945,0
7r2h,107,THR,-,0.79,13.321323,-4.8953834,1
7r2h,108,ASN,B,0.79,20.152216,1.4461343,2
7r2h,109,GLY,S,0.79,13.3424,-5.896954,1
7r2h,110,SER,S,0.79,12.979802,-5.706347,1
7r2h,111,GLN,-,0.79,20.080019,2.2634218,2
7r2h,112,PHE,E,0.79,21.285015,4.65467,2
7r2h,113,PHE,E,0.79,21.220873,4.235961,2
7r2h,114,ILE,E,0.79,18.047985,3.0612154,2
7r2h,115,CYS,E,0.79,18.771793,5.274254,2
7r2h,119,THR,-,0.79,17.450918,1.6971934,2
7r2h,120,ASP,G,0.79,10.861524,-5.347211,1
7r2h,121,TRP,G,0.79,11.549612,-6.0669007,1
7r2h,122,LEU,G,0.79,12.389411,-5.953255,1
7r2h,123,ASP,T,0.79,17.764381,6.809286,2
7r2h,124,GLY,T,0.79,-0.43045273,14.732703,0
7r2h,125,LYS,T,0.79,13.283239,-6.160166,1
7r2h,126,HIS,S,0.79,21.440096,2.5589526,2
7r2h,127,VAL,-,0.79,19.505684,5.4579067,2
7r2h,128,VAL,E,0.79,17.882788,3.2173405,2
7r2h,129,PHE,E,0.79,13.746636,-5.7510004,1
7r2h,133,ILE,E,0.79,13.617823,-5.1314874,1
7r2h,134,GLU,E,0.79,21.117971,3.0955698,2
7r2h,135,GLY,-,0.79,-1.2077425,14.819669,0
7r2h,136,MET,H,0.79,9.694182,-6.1587477,1
7r2h,137,ASP,H,0.79,10.454404,-4.4043427,1
7r2h,138,VAL,H,0.79,8.501133,-6.4157643,1
7r2h,139,VAL,H,0.79,8.623701,-6.344009,1
7r2h,140,LYS,H,0.79,9.593122,-6.048143,1
7r2h,141,LYS,H,0.79,9.19743,-6.213258,1
7r2h,142,ILE,H,0.79,9.001614,-6.5394053,1
7r2h,143,GLU,H,0.79,9.100104,-6.556367,1
7r2h,144,SER,H,0.79,11.957619,-6.091471,1
7r2h,145,PHE,T,0.79,13.242819,-6.6089187,1
7r2h,146,GLY,-,0.79,21.069128,2.9613466,2
7r2h,147,SER,-,0.79,21.069096,3.8698552,2
7r2h,148,LYS,T,0.79,11.72342,-7.721328,1
7r2h,149,SER,T,0.79,12.717686,-6.501673,1
7r2h,150,GLY,S,0.79,-1.2252947,14.139601,0
7r2h,151,ARG,-,0.79,20.026968,1.3930554,2
7r2h,152,THR,-,0.79,18.31733,5.417311,2
7r2h,153,SER,S,0.79,12.447726,-7.8120813,1
7r2h,154,LYS,S,0.79,21.981255,2.6301444,2
7r2h,155,LYS,-,0.79,16.994778,4.387037,2
7r2h,156,ILE,E,0.79,18.101809,2.541892,2
7r2h,157,VAL,E,0.79,21.097593,5.2238727,2
7r2h,158,ILE,E,0.79,16.985743,3.5160177,2
7r2h,159,THR,E,0.79,10.91705,-7.1173,1
7r2h,160,ASP,E,0.79,21.0845,2.6319041,2
7r2h,161,CYS,E,0.79,20.101864,4.3441815,2
7r2h,162,GLY,E,0.79,22.484903,4.1754866,2
7r2h,163,GLN,E,0.79,19.49736,3.493375,2
7r2h,164,LEU,-,0.79,13.661312,-5.1061273,1
7tls,3,AIB,H,0.73,10.085478,-4.297525,1
7tls,4,ALA,H,0.73,10.404094,-4.3216352,1
7tls,5,AIB,H,0.73,9.891526,-4.456849,1
7tls,6,LEU,H,0.73,12.175213,-6.50716,1
7tls,7,AIB,H,0.73,9.873677,-4.4905496,1
7tls,8,GLN,T,0.73,12.249579,-7.1059055,1
7tlu,6,LEU,H,0.79,12.139296,-6.5482883,1
7tlu,7,AIB,H,0.79,9.849093,-4.483061,1
7tlu,8,GLN,T,0.79,12.225998,-7.0366535,1
7tme,7,AIB,H,0.8,9.86708,-4.498919,1
7tme,8,GLN,T,0.8,12.244163,-7.0056,1
7tmh,3,AIB,H,0.8,10.041274,-4.3491273,1
7tmi,3,AIB,H,0.8,10.043312,-4.3227186,1
7tmi,4,ALA,H,0.8,10.266108,-4.3562584,1
7tmi,5,HIS,H,0.8,10.7314825,-5.9748096,1
7tmi,6,LEU,H,0.8,12.172344,-6.416297,1
7tmi,7,AIB,H,0.8,9.872713,-4.453695,1
7tmi,8,GLN,T,0.8,12.208858,-7.0614734,1
7tmi,9,AIB,T,0.8,10.194855,-4.315785,1
8c5n,27,GLY,-,0.75,21.710781,4.181011,2
8c5n,28,SER,E,0.75,20.76618,3.8914661,2
8c5n,29,MET,E,0.75,18.885492,5.6758785,2
8c5n,30,GLU,E,0.75,13.743328,-5.163109,1
8c5n,31,THR,E,0.75,0.83120114,20.306097,0
8c5n,36,VAL,H,0.75,8.964172,-5.732984,1
8c5n,37,TYR,H,0.75,8.730185,-5.8189654,1
8c5n,38,GLY,H,0.75,9.023136,-6.045475,1
8c5n,39,CYS,H,0.75,10.906516,-5.2383614,1
8c5n,40,PHE,H,0.75,10.770335,-5.869539,1
8c5n,41,LEU,H,0.75,11.597556,-6.097149,1
8c5n,42,GLU,H,0.75,11.817939,-5.8712573,1
8c5n,43,GLY,-,0.75,23.111261,3.7137935,2
8c5n,44,PRO,T,0.75,11.861483,-6.6688614,1
8c5n,48,LYS,-,0.75,13.493113,-5.321417,1
8c5n,49,SER,S,0.75,17.749058,6.4641347,2
8c5n,50,ALA,H,0.75,11.243582,-5.2009583,1
8c5n,51,ALA,H,0.75,10.942438,-5.2419705,1
8c5n,55,ALA,H,0.75,11.426052,-4.8894677,1
8c5n,56,VAL,H,0.75,11.021676,-6.263868,1
8c5n,57,ALA,H,0.75,10.281458,-4.641785,1
8c5n,58,ALA,H,0.75,11.759844,-5.515163,1
8c5n,59,GLY,H,0.75,13.696382,-6.2334456,1
8c5n,60,GLY,-,0.75,23.250689,3.8646889,2
8c5n,61,THR,H,0.75,12.042022,-7.6618314,1
8c5n,62,GLN,H,0.75,10.373397,-6.2930026,1
8c5n,63,ALA,H,0.75,10.431272,-4.2305984,1
8c5n,64,LEU,H,0.75,10.350402,-6.284598,1
8c5n,65,TYR,H,0.75,8.990598,-6.1842604,1
8c5n,66,ASP,T,0.75,13.754638,-6.7912507,1
8c5n,73,GLY,T,0.75,11.936241,-6.8752303,1
8c5n,74,ASN,T,0.75,13.965369,-6.926614,1
8c5n,75,ALA,-,0.75,9.968725,-4.8611865,1
8c5n,76,ASN,T,0.75,-0.93084866,15.44835,0
8c5n,77,GLY,T,0.75,-1.0664183,14.066365,0
8c5n,78,ASN,-,0.75,18.09613,2.4475648,2
8c5n,79,HIS,-,0.75,10.289713,-6.127538,1
8c5n,80,GLN,T,0.75,9.628668,-5.781007,1
8c5n,81,ALA,T,0.75,10.457878,-4.978595,1
8c5n,82,VAL,T,0.75,12.803849,-6.104811,1
8c5n,89,CYS,T,0.75,10.248378,-5.6767077,1
8c5n,90,GLY,T,0.75,12.713194,-6.6773095,1
8c5n,91,ALA,T,0.75,-0.90494716,15.372566,0
8c5n,95,LEU,G,0.75,11.266508,-6.23996,1
8c5n,99,LEU,G,0.75,12.509219,-5.9281874,1
8c5n,100,ASN,G,0.75,12.885779,-5.2663765,1
8c5n,101,LEU,-,0.75,19.888689,2.0084498,2
8c5n,102,ALA,-,0.75,17.531706,2.7038887,2
8c5n,103,ARG,-,0.75,20.120178,3.497538,2
8c5n,104,SER,T,0.75,11.950848,-7.7740154,1
8c5n,105,ASP,T,0.75,13.777762,-6.395282,1
8c5n,106,TRP,S,0.75,17.549282,6.642988,2
8c5n,107,PRO,-,0.75,17.620203,5.375752,2
8c5n,108,SER,-,0.75,20.533361,4.758584,2
8c5n,109,THR,E,0.75,18.620405,3.1895652,2
8c5n,110,ALA,E,0.75,17.687492,3.3128834,2
8c5n,111,ILE,E,0.75,21.21238,4.526817,2
8c5n,115,ALA,T,0.75,12.326301,-8.058444,1
8c5n,116,SER,T,0.75,12.246708,-6.889483,1
8c5n,117,GLY,S,0.75,-1.2444209,14.181068,0
8c5n,118,ASN,E,0.75,20.83753,2.6219707,2
8c5n,119,PHE,E,0.75,18.386488,3.2202299,2
8c5n,120,GLN,E,0.75,19.614435,5.365664,2
8c5n,121,PHE,E,0.75,18.385326,3.541796,2
8c5n,122,VAL,E,0.75,18.57885,3.2781847,2
8c5n,130,ALA,-,0.75,17.294134,3.7131631,2
8c5n,134,PHE,E,0.75,17.74282,3.819929,2
8c5n,135,ASP,E,0.75,19.888186,3.4789848,2
8c5n,136,PHE,E,0.75,18.865149,3.3895385,2
8c5n,137,TYR,E,0.75,18.710976,3.3563945,2
8c5n,138,ILE,E,0.75,20.569218,4.792509,2
8c5n,139,THR,B,0.75,17.820635,5.332629,2
8c5n,140,LYS,P,0.75,19.33,5.514998,2
8c5n,141,ASP,T,0.75,17.982904,6.201487,2
8c5n,142,GLY,T,0.75,-0.42323825,14.532025,0
8c5n,146,GLU,T,0.75,12.720006,-6.6668277,1
8c5n,147,LYS,S,0.75,18.544426,1.6653396,2
8c5n,148,PRO,P,0.75,17.542837,5.984951,2
8c5n,149,LEU,P,0.75,18.481226,4.593516,2
8c5n,150,ALA,-,0.75,20.10286,3.98727,2
8c5n,154,LEU,B,0.75,20.161272,2.1927037,2
8c5n,158,PRO,-,0.75,17.76435,4.843476,2
8c5n,159,PHE,S,0.75,12.595453,-7.379717,1
8c5n,163,THR,-,0.75,12.3546715,-5.3289156,1
8c5n,164,SER,-,0.75,19.445547,3.233333,2
8c5n,165,VAL,-,0.75,20.78976,4.449509,2
8c5n,166,LYS,-,0.75,18.945173,2.9417648,2
8c5n,167,LEU,E,0.75,17.727459,4.8522773,2
8c5n,168,GLU,E,0.75,18.592644,2.378116,2
8c5n,169,ASN,T,0.75,-0.6737937,15.364651,0
8c5n,170,GLY,T,0.75,-0.26140866,14.901898,0
8c5n,171,THR,E,0.75,21.390392,4.9023333,2
8c5n,172,TYR,E,0.75,18.143106,3.7244704,2
8c5n,176,CYS,E,0.75,20.31159,4.152723,2
8c5n,177,PRO,E,0.75,16.975122,5.425618,2
8c5n,178,LEU,P,0.75,18.040064,4.8855114,2
8c5n,179,PRO,P,0.75,16.972,5.605813,2
8c5n,180,GLN,T,0.75,18.24069,6.3720284,2
8c5n,187,VAL,E,0.75,19.059008,3.7286694,2
8c5n,188,ILE,E,0.75,17.694422,3.8032143,2
8c5n,189,TYR,E,0.75,18.095,2.8335652,2
8c5n,190,ASN,E,0.75,19.81292,3.097676,2
8c5n,191,VAL,E,0.75,18.85153,3.2660055,2
8c5n,192,TRP,E,0.75,18.497845,3.1224964,2
8c5n,193,GLN,E,0.75,18.830217,3.3881629,2
8c5n,194,ARG,E,0.75,19.849554,3.373685,2
8c5n,195,SER,S,0.75,12.156736,-7.487417,1
8c5n,196,ASP,S,0.75,11.998237,-5.676454,1
8c5n,197,SER,S,0.75,22.021997,2.6271431,2
8c5n,198,PRO,S,0.75,11.941092,-7.1136885,1
8c5n,199,GLU,-,0.75,20.105267,2.965362,2
8c5n,200,ALA,E,0.75,19.760227,4.610314,2
8c5n,201,PHE,E,0.75,19.724842,3.67532,2
8c5n,202,TYR,E,0.75,19.217579,3.0097117,2
8c5n,203,ALA,E,0.75,19.839937,4.915078,2
8c5n,204,CYS,E,0.75,17.505526,3.7484555,2
8c5n,205,ILE,E,0.75,18.252491,2.8912213,2
8c5n,206,ASP,E,0.75,17.73225,2.9070847,2
8c5n,210,SER,-,0.75,18.630255,2.675684,2
8gl4,3,AIB,H,0.76,9.992216,-4.3445625,1
9ewk,4,CYS,-,0.7,19.209154,4.5171795,2
9ewk,5,PRO,S,0.7,11.832372,-8.441738,1
9ewk,15,VAL,H,0.7,10.666174,-9.116902,1
9ewk,16,CYS,H,0.7,11.842136,-9.228998,1
9ewk,17,ARG,H,0.7,10.482911,-5.374399,1
