pdb_code,rid,aa,pca_1,pca_2
1ejg,4,CYS,-2.8903649621262297,-2.0819729964989317
1ejg,5,PRO,2.8591039582121067,-2.4720148766218935
1ejg,10,ARG,2.1218339417283203,-2.7491328017558825
1ejg,14,ASN,2.4042850401649276,-2.6731728667371026
1ejg,15,VAL,1.7852762833306999,-2.9530143174787473
1ejg,16,CYS,2.187148831494578,-2.6494703755816866
1ejg,17,ARG,2.724720417538963,-2.5880485846287473
1ejg,18,LEU,3.1674179809169565,-2.604145643517423
1ejg,19,PRO,3.2525461799842894,-2.1480442755038354
1ejg,20,GLY,2.6422134538977358,-1.7602598367106403
1iua,2,ALA,-2.4226058053506385,1.0193464881009289
1iua,3,PRO,-2.575541034789282,0.5639970384618436
1iua,4,ALA,3.1161279849849195,0.6271692906117123
1iua,5,ASN,1.6085566850016964,-0.08340592066000663
1iua,6,ALA,-2.1393235934418073,0.32408342115408123
1iua,7,VAL,-1.3294310196840213,0.15027513204252438
1iua,8,THR,-1.8241926372780644,1.6198383274880286
1iua,9,ALA,3.2372246291814886,4.197225375105818
1iua,10,ASP,2.8264537092213615,2.523881964943857
1iua,14,ALA,2.646740097506989,-0.5900836699011863
1iua,15,ILE,1.6394003805933808,-0.409643270225777
1iua,16,ALA,2.35715480323868,-0.0447453195328928
1iua,17,LEU,2.9306996877576594,-0.9315729100850098
1iua,18,LYS,1.5675071872276625,-0.28126785412139665
1iua,19,TYR,-2.214622994300507,-0.4181064844314325
1iua,20,ASN,-3.216324762999253,-0.522445183895656
1iua,21,GLN,3.1701441651035633,-0.8582776745253038
1iua,22,ASP,-1.8004314597998088,-0.5527166376453735
1iua,23,ALA,2.597657261000927,-1.4945127433245318
1iua,24,THR,2.568162052471484,-0.9822669894372924
1iua,25,LYS,1.2125968943155496,-0.22973299549083864
1iua,26,SER,-3.0588596868217777,-0.26483967621934995
1iua,27,GLU,1.637627224090616,-1.0206628614241735
1iua,28,ARG,2.899125061751963,-1.0963483446750808
1iua,29,VAL,2.060111773564482,-0.9537353173714487
1iua,30,ALA,2.1115529042209404,-0.8965055413773345
1iua,31,ALA,2.558200883391816,-1.170363719979046
1iua,32,ALA,1.2077028810435004,-0.1458451711415401
1iua,33,ARG,-1.6709009724485613,0.40007979054039233
1iua,34,PRO,-2.234311586894078,0.2987002945335431
1iua,35,GLY,3.1985097166216,0.5261498575722351
1iua,36,LEU,-2.5228419399950766,1.0748625048732778
1iua,40,GLU,2.531418390201801,-0.6164076347335186
1iua,41,GLN,-2.0046841814029173,-0.14105774062901444
1iua,42,HIS,-3.857229747711083,-0.8173645156514705
1iua,43,CYS,2.3056174462153485,-1.6528651873508604
1iua,44,ALA,2.850318750649735,-1.2174585507182272
1iua,45,ASN,1.1249168542492909,-1.2403533351644689
1iua,46,CYS,-2.6677610083002135,-0.8388642648890104
1iua,47,GLN,3.024239520289967,-0.49350219928851397
1iua,48,PHE,2.7669090729640673,-1.0993898402846616
1iua,49,MET,-1.7490941829648394,0.18985326902708996
1iua,50,GLN,-1.735538761964546,0.29753127247550865
1iua,51,ALA,2.519138555952181,0.8779190483680223
1iua,52,ASN,1.2668152927410579,0.45446465925294743
1iua,53,VAL,-2.7074548977816884,-0.1374218012341248
1iua,54,GLY,-0.49120419619595235,-0.052933359039775085
1iua,55,GLU,-3.500836970745883,-0.1640825396492185
1iua,56,GLY,0.6395228798633397,-0.13903733169829202
1iua,57,ASP,3.159771346113419,-0.3606189627218144
1iua,58,TRP,-2.0731425250514217,-0.5827040784811219
1iua,59,LYS,-3.6057502319448655,-0.5181775913904325
1iua,60,GLY,-2.425971606624622,-0.006482197003186741
1iua,61,CYS,-2.5183126443702233,-0.18915055212896748
1iua,62,GLN,3.106529943087727,-0.7104033518237777
1iua,63,LEU,2.776284045394576,-1.2246277219087323
1iua,64,PHE,0.13435376285022377,-0.37165454036629664
1iua,65,PRO,-1.4152719147664519,0.7120674054749382
1iua,66,GLY,4.061210064369287,1.2268792705836922
1iua,67,LYS,-3.242076457493429,0.9310300122358961
1iua,68,LEU,-3.478539469515524,-0.31004441926765003
1iua,69,ILE,-3.346014491683011,-0.5267356792054328
1iua,70,ASN,-2.246570851233774,-0.5095502771669295
1iua,71,VAL,2.767400738806799,-1.20455925432083
1iua,72,ASN,2.0611155861281754,-0.8389392938128668
1iua,73,GLY,-2.085479669023867,-1.0933197132494896
1iua,74,TRP,-3.868188432847014,-0.6378384686272494
1iua,75,CYS,-3.887237654468756,-0.8030878476925735
1iua,76,ALA,2.8934773606836828,-1.0027861319847728
1iua,77,SER,2.0081839847703518,-0.9969880709444335
1iua,78,TRP,-2.2062559746501877,-0.47439277501662336
1iua,79,THR,-3.0307931560314274,-0.18378777878807195
1iua,80,LEU,-1.3810834881883183,0.19298549857211603
1iua,81,LYS,-2.353397876437809,0.07278877530850084
1iua,82,ALA,1.7701239394666857,-0.3758712039833304
1pq7,17,VAL,-3.052251277974108,-0.5143708810302262
1pq7,18,GLY,2.4911363113944267,0.4790597525832116
1pq7,19,GLY,-2.98861538184227,0.6453200081059497
1pq7,20,THR,-3.288949521281416,0.2500949410990033
1pq7,21,SER,-1.78284012187314,0.47300122221291424
1pq7,22,ALA,-1.5621822398505127,0.6551752523207209
1pq7,23,SER,-2.5133739229113448,0.09666663400802904
1pq7,24,ALA,-1.491472703986147,0.15581172083303715
1pq7,25,GLY,2.9915452286575777,-0.5731961805668143
1pq7,26,ASP,2.6461703879735583,-1.1303909606272606
1pq7,27,PHE,-0.9081925072012637,-0.5494431453465101
1pq7,28,PRO,2.952212436606167,-0.5362822556651626
1pq7,29,PHE,3.003879273637744,-1.079638881889434
1pq7,30,ILE,-2.1999199070032103,-0.5042221439429606
1pq7,31,VAL,-3.490390687539049,-0.9059487996008572
1pq7,32,SER,-2.8708623873279335,-0.7293288220088736
1pq7,33,ILE,-2.273357804130098,-0.7637128294451313
1pq7,34,SER,-2.8567936131249945,-0.2700257304166044
1pq7,35,ARG,-2.730301823218515,-0.17708330015948473
1pq7,36,ASN,2.6294025760541584,0.6961950980005756
1pq7,37,GLY,4.128166152982209,1.4203575020107728
1pq7,38,GLY,-3.272187652659234,0.32863841827649987
1pq7,39,PRO,-2.275749907605058,-0.3282267438929018
1pq7,43,GLY,-2.54755469189991,-0.9805640205970976
1pq7,44,SER,-2.6351709317352836,-0.9838018075260133
1pq7,45,LEU,-2.0619965356907306,-0.7739933452316653
1pq7,46,LEU,1.99996854503283,-1.1681994989556
1pq7,47,ASN,-2.887831802078037,-0.6180501213385479
1pq7,51,VAL,-3.280794406863122,-0.7448377627510834
1pq7,52,LEU,-2.4667397135731575,-0.9006831266201517
1pq7,53,THR,-2.567603788855416,-1.1042391742510522
1pq7,54,ALA,-2.547621058126235,-1.0144627250918246
1pq7,55,ALA,2.5635919296400655,-0.9341691374810377
1pq7,56,HIS,2.677407813821784,-1.110494608433534
1pq7,57,CYS,2.5959682006043123,-0.792715597729694
1pq7,58,VAL,2.33346172972716,-1.0828710746115968
1pq7,59,SER,-0.965954560198074,-0.1937724061625868
1pq7,60,GLY,3.8493637384541164,-0.6534450842656072
1pq7,61,TYR,-2.6577404525093447,-0.0925464713512505
1pq7,65,GLY,3.1650646519540078,0.28734977436373665
1pq7,66,PHE,-2.8055074112771674,-0.025273408255145496
1pq7,67,GLN,-2.326631194345969,0.20369363052564823
1pq7,68,ILE,-2.792911333011373,-0.0023848596300107537
1pq7,69,ARG,-3.1101604062888586,-0.8669109553497175
1pq7,70,ALA,-3.1664393654866037,-0.6498161646632468
1pq7,71,GLY,2.8749626499613092,0.3407925645506155
1pq7,72,SER,-3.3205208526473546,0.2883386379121916
1pq7,73,LEU,2.9750243101268943,-0.12986284551392316
1pq7,74,SER,-3.232861261179167,-0.24417427096179173
1pq7,75,ARG,2.7921938696601867,-0.9731380109538293
1pq7,76,THR,2.7266918683437726,-0.030306461747803673
1pq7,77,SER,-3.3948670136547796,0.653934160402191
1pq7,78,GLY,-1.8915584492337345,1.136618067833845
1pq7,79,GLY,0.3046678178781245,1.3715321249074406
1pq7,80,ILE,-2.8455289311924044,0.48420465118367567
1pq7,81,THR,-3.0311172991176636,-0.1351335862882126
1pq7,82,SER,-3.5847017368772613,-0.11456048854717944
1pq7,83,SER,-3.191906028286434,0.000591944941910348
1pq7,84,LEU,-2.249340651453669,0.6915278927882375
1pq7,85,SER,1.9329761881421461,0.16637076371686577
1pq7,86,SER,-3.5267037267843717,0.35696186597339513
1pq7,87,VAL,-3.154359589625874,-0.1338642530902214
1pq7,88,ARG,-2.2484323450427595,-0.16333480060125463
1pq7,89,VAL,-2.7825107372958406,0.17413763901820167
1pq7,90,HIS,-1.4477428602638727,-0.019891747237623013
1pq7,91,PRO,3.1667656976531084,-0.371076505769258
1pq7,92,SER,1.8944936825189915,-0.7142643667414879
1pq7,93,TYR,-1.7460722138740972,-0.2615129504715476
1pq7,94,SER,-2.719120465933396,-0.14014496288406925
1pq7,95,GLY,0.3293686116295983,-0.04487957505972449
1pq7,96,ASN,3.1809483391445705,-0.30163333731787567
1pq7,97,ASN,-2.1779458301168315,-0.14866263714215172
1pq7,98,ASN,1.114829066740691,-0.5777081464069294
1pq7,99,ASP,-0.2808884562818529,-1.1297720125668376
1pq7,100,LEU,-3.7591197840802963,-0.6178743652066179
1pq7,101,ALA,-3.4077266771953485,-0.6710324488770225
1pq7,102,ILE,-2.6766426276317894,-0.4570491533601275
1pq7,103,LEU,-2.8300106615814253,-0.24864901408644244
1pq7,104,LYS,-2.8857152886219786,-0.07059712927019939
1pq7,105,LEU,-2.7527414487001147,0.24938474934500052
1pq7,106,SER,2.8468347100518345,0.7641367239013201
1pq7,107,THR,-2.1528346804056837,0.497126439919898
1pq7,108,SER,-2.578984274500673,0.17402027766561293
1pq7,109,ILE,-2.0209570040216134,-0.5063934027499581
1pq7,113,GLY,0.8136981637310282,1.2743538597365163
1pq7,114,ASN,2.4433165639501464,0.726111388608206
1pq7,115,ILE,-2.7640468652192514,-0.7025950393452229
1pq7,116,GLY,-4.376247100042514,-0.0933185939536163
1pq7,117,TYR,-2.681366632891521,-0.2581030229346604
1pq7,118,ALA,-2.402665507249726,0.022087321667329945
1pq7,119,ARG,-2.747417028722275,0.20928356444646107
1pq7,120,LEU,-2.8384482191154987,0.405991049499924
1pq7,121,ALA,-1.8420266459906993,0.38888073041377963
1pq7,122,ALA,-2.0860948292713544,-0.34603421936443096
1pq7,123,SER,-1.393836476193516,0.20750806996009172
1pq7,124,GLY,3.5178852486464685,0.5369479303318893
1pq7,125,SER,-2.973053735044564,0.5847067127349996
1pq7,126,ASP,-2.2944900826855616,0.16199579066388475
1pq7,127,PRO,-0.9811802448715197,0.2729549386140498
1pq7,128,VAL,-1.9329589545871702,0.09622792303215198
1pq7,129,ALA,-1.604509063141741,0.018320496095824968
1pq7,130,GLY,3.571247368205415,0.22452473663295672
1pq7,134,THR,-2.612582495169487,-0.1527431368806874
1pq7,135,VAL,-3.113420735328795,-0.3060966678142577
1pq7,136,ALA,-2.8840207085538885,-0.455951542813578
1pq7,137,GLY,-1.1334624261585833,-0.6853896101388517
1pq7,138,TRP,1.2253462963695447,-0.4455450727494695
1pq7,139,GLY,-0.7196965240839288,0.288929153290623
1pq7,145,GLY,-2.5787680325050264,2.5638917446528113
1pq7,146,SER,3.009004637539595,5.070676156368598
1pq7,147,SER,-2.7830173867253327,4.514516319281557
1pq7,148,THR,-3.1124219405794884,0.45473679846263276
1pq7,149,PRO,-2.463753823426736,1.1133559254021446
1pq7,150,VAL,2.20673604964971,0.05282146648881909
1pq7,151,ASN,-3.147978987861856,-0.1964137578209749
1pq7,152,LEU,-2.425213090578351,-0.5928043275199499
1pq7,153,LEU,-3.338185351813568,-0.5841124608277983
1pq7,154,LYS,-3.38239858908979,-0.2061996664828474
1pq7,155,VAL,-3.3738190682635993,-0.09527447980883615
1pq7,156,THR,-2.6378946464132897,0.20681596727112855
1pq7,157,VAL,-3.195372005696717,0.2257451021608713
1pq7,158,PRO,-2.7914745074923877,-0.28439857956785125
1pq7,159,ILE,-2.073516666227821,-0.06122346204522667
1pq7,160,VAL,-2.748868732102582,0.009517717496948864
1pq7,161,SER,-2.1194381970118568,0.3634705120937565
1pq7,162,ARG,2.3485500303420186,-0.6379890184165721
1pq7,163,ALA,2.5620248377141377,-0.6411027953712072
1pq7,164,THR,2.09192318169899,0.03169852768909732
1pq7,165,CYS,2.3093741500926024,-0.4514005500504944
1pq7,166,ARG,2.6421120542397936,-0.0009758040207004187
1pq7,167,ALA,2.6881423437625953,0.4583152942301352
1pq7,168,GLN,2.033247619690226,0.34796571438543167
1pq7,169,TYR,2.5214442504229804,0.295065439480952
1pq7,170,GLY,-2.439152442337798,0.41664410279645625
1pq7,171,THR,2.408339175834279,0.28023773680519115
1pq7,172,SER,2.5448200544883695,0.7695972904379433
1pq7,173,ALA,3.1526961451875413,0.35507750010108385
1pq7,174,ILE,-1.5362408391470885,0.3158040738127434
1pq7,175,THR,-3.5740556476668814,-0.059405872511445496
1pq7,176,ASN,3.1606470945086698,-0.4667930957290015
1pq7,177,GLN,1.8945464040481124,-0.5135610861613716
1pq7,178,MET,-3.6502449524500142,-0.5405385412020816
1pq7,179,PHE,-3.5848362243588547,-0.5566227682375989
1pq7,180,CYS,-2.9013314276369706,-0.6029575840760012
1pq7,181,ALA,-3.0806624523342028,-0.19556283200805563
1pq7,182,GLY,-1.6433183777789337,0.010614707099193875
1pq7,183,VAL,-3.012683002509616,0.1770995433037123
1pq7,184,SER,2.867852696609205,0.4223025687602396
1pq7,185,SER,3.1337916448096186,-0.180253218906851
1pq7,186,GLY,-0.9830678530603525,0.422680945856678
1pq7,187,GLY,3.2218291929728227,0.08408029609042163
1pq7,188,LYS,-2.6551685286787943,-0.04985752125992306
1pq7,189,ASP,-3.8522342508901812,0.21273822254772515
1pq7,193,GLY,3.6534420447508866,0.6618186743383301
1pq7,194,ASP,2.145862274657836,-1.1989736227179615
1pq7,195,SER,-2.0804119302571973,-0.3339727598279887
1pq7,196,GLY,3.4959445952591266,-0.6004725841088537
1pq7,197,GLY,-3.0109052416769284,-0.2877752740172982
1pq7,198,PRO,-2.749941981525037,-0.6130706795160782
1pq7,199,ILE,-3.0189506922892466,-0.7728609362673917
1pq7,200,VAL,-3.748148778500252,-0.9692159226510183
1pq7,201,ASP,-1.3788644613000094,-0.9526046272895974
1pq7,202,SER,2.9140368982112155,-0.6984386217714638
1pq7,203,SER,2.0856728847383224,-0.528867193200913
1pq7,204,ASN,1.6976714590283999,-0.9652418016032434
1pq7,205,THR,-2.4755760825412327,-0.9470807585458422
1pq7,206,LEU,-1.7565966243362363,-0.6597376632826908
1pq7,207,ILE,2.411181793798367,-1.0892842038202626
1pq7,208,GLY,-3.802595568511366,-0.4630702234825108
1pq7,209,ALA,-3.122393304933993,-0.7223757328058419
1pq7,210,VAL,-1.9556668207773387,-0.731329173780887
1pq7,211,SER,0.9962099831665228,-0.9812590857408678
1pq7,212,TRP,-3.9014532554714934,-0.06769806674786796
1pq7,213,GLY,-2.4993934298198197,0.6346022261620156
1pq7,214,ASN,-0.6566669751149575,0.7349283270584607
1pq7,218,ARG,-2.2260270671062763,0.49385421032219834
1pq7,219,PRO,-1.523656387988619,0.4278485502323436
1pq7,220,ASN,2.5045767062658824,0.364425154498146
1pq7,221,TYR,-2.072373860371678,0.24601055068282798
1pq7,222,SER,-2.9694515387410916,0.2050731125496509
1pq7,223,GLY,-2.2433269799530877,-0.041315562966871326
1pq7,224,VAL,-3.0373062579818324,-0.2903342030817918
1pq7,225,TYR,-3.332540080043322,-0.7370794194149253
1pq7,226,ALA,-1.8716778144340611,-0.6283512508582864
1pq7,227,SER,-1.6237184679222354,-0.545201913280568
1pq7,228,VAL,2.23026648474797,-0.874497723842695
1pq7,229,GLY,3.021912580805006,-0.09687992928646195
1pq7,230,ALA,3.097289804056305,0.48643724192410565
1pq7,231,LEU,1.0524225496867108,-0.6518513483889233
1pq7,232,ARG,2.8890652961400325,-0.6433451062863479
1pq7,233,SER,2.126809311150934,-0.7798833898085924
1pq7,234,PHE,1.8645950452314797,-1.0890636800670326
1pq7,235,ILE,1.4394474594793414,-0.767014025527171
1pq7,236,ASP,2.180052248036882,-0.01049615886794634
1pq7,237,THR,2.1331692128891273,0.05241614347396371
1pq7,238,TYR,2.5024262992298745,-0.24985343964866802
1r6j,200,THR,-2.605552962283927,-0.656699538379775
1r6j,209,VAL,2.029960819420433,-1.3653165028817515
1r6j,210,GLY,1.6132853836586436,-1.1967525850330896
1r6j,211,PHE,-3.6277886392977403,-1.088761124977758
1r6j,212,ILE,-3.4561947769646264,-0.9301348578277657
1r6j,213,PHE,-3.6756387931077423,-0.9428808695529202
1r6j,214,LYS,-2.785782569875787,-0.7503285137822463
1r6j,215,ASN,1.337119723003869,-0.986064583706949
1r6j,216,GLY,2.8948115862802952,-0.7077617200724298
1r6j,217,LYS,-2.6123037021888504,-0.5414934734305753
1r6j,218,ILE,-1.8459406198666883,-0.4497451435276555
1r6j,219,THR,2.2185793594119847,-1.3008563170033554
1r6j,220,SER,-3.3181868791793874,-0.6834677657252994
1r6j,221,ILE,-2.9191906498841886,-0.8022253651575535
1r6j,222,VAL,-2.2631089752481452,-0.7312140305669045
1r6j,223,LYS,-1.7292608261943065,-0.36934591692079966
1r6j,224,ASP,2.4300817615758725,-0.5756706687227916
1r6j,225,SER,-2.4316199182862896,-0.4588473526116902
1r6j,226,SER,2.083789479811458,-1.3890943933089261
1r6j,227,ALA,1.9197947494866068,-1.255354593962977
1r6j,228,ALA,2.1092901617396365,-1.03895371498873
1r6j,229,ARG,2.4087460143307706,-1.0335678169877336
1r6j,230,ASN,1.4228192971976505,-0.5742627782892612
1r6j,231,GLY,2.677729441179535,0.07893556171772687
1r6j,232,LEU,-1.8853901937027198,-0.5385099642085591
1r6j,233,LEU,-3.265823023493088,-0.8979436750758993
1r6j,234,THR,-2.142332561788021,-0.901461718961398
1r6j,235,GLU,1.7232892131231472,-0.8158407050426614
1r6j,236,HIS,-3.702305925404516,-0.5509010405801514
1r6j,237,ASN,-3.0218387889852214,-0.6918670901132845
1r6j,238,ILE,-2.186218526354426,-0.4890148818257391
1r6j,239,CYS,1.8900155886731238,-1.115735586470212
1r6j,240,GLU,-3.1575711691211312,-0.5178757135945589
1r6j,241,ILE,-2.54378009695529,-1.0549323388259273
1r6j,242,ASN,1.760957481346421,-0.9176048109948427
1r6j,243,GLY,3.9058802919850732,0.6705799256613573
1r6j,244,GLN,-2.1440000465240323,0.23991765194707051
1r6j,245,ASN,-1.6882554970227834,-0.14874615574542663
1r6j,246,VAL,0.8251645072005493,-1.0862462789262755
1r6j,247,ILE,-1.7363771039111284,-0.44500851126895113
1r6j,248,GLY,3.166249720824766,-0.5262414131560679
1r6j,249,LEU,-3.145051795627266,-0.6908199889614779
1r6j,250,LYS,-2.708220721379906,-0.9353937969647023
1r6j,251,ASP,2.4477880170593678,-1.3927086419635233
1r6j,252,SER,2.227843858679157,-1.5036332052992063
1r6j,253,GLN,2.100998690587173,-1.3336724116857852
1r6j,254,ILE,1.7386712553481152,-1.3235526839527338
1r6j,255,ALA,1.9128657178166173,-1.1272502901033032
1r6j,256,ASP,2.51996274036499,-1.4203635600242757
1r6j,257,ILE,1.8091888890154748,-1.5781202571944242
1r6j,258,LEU,2.014903672163664,-1.2744573595486004
1r6j,259,SER,2.0009555879072947,-1.5481038975502197
1r6j,260,THR,2.58219799866998,-1.310048663630775
1r6j,261,SER,-2.242945335613236,-0.1929575481960201
1r6j,262,GLY,-3.125347811088933,-0.4295303654790939
1r6j,263,THR,2.6716906557894187,-0.9703881874852374
1r6j,264,VAL,-2.115181772598566,-0.8322839853325522
1r6j,265,VAL,-2.442762104209539,-0.7605167801763971
1r6j,266,THR,-2.261261488904926,-0.8540639316248535
1r6j,267,ILE,-2.702433104260157,-0.7849929877427578
1r6j,268,THR,-2.18506262248224,-0.6299275386905439
1r6j,269,ILE,-3.5887308024473965,-0.9960364581738692
1r6j,270,MET,-2.8620802643270267,-0.6818368318082773
1r6j,271,PRO,-2.1056652371560687,-0.7871745693133395
1r6j,272,ALA,-3.499701193748949,-0.40689692002681627
1ucs,4,SER,-3.6336291185594596,-1.4944208649559116
1ucs,5,VAL,-2.301273803677395,-1.8297243834266277
1ucs,6,VAL,-3.2909833149228263,-1.5185751387682642
1ucs,7,ALA,-1.699529999751512,-1.3635703912590265
1ucs,8,ASN,2.5358933007797635,-0.6072062027520372
1ucs,9,GLN,-3.695385817677681,-0.3824028435986673
1ucs,10,LEU,-2.3367677761675925,-1.2715273877981135
1ucs,11,ILE,-1.9333996590240967,-1.626431730031101
1ucs,12,PRO,-2.531061270290671,-1.0371194630188185
1ucs,13,ILE,-1.686229852097899,-1.30254503423396
1ucs,14,ASN,2.527626090688806,-0.6004433588610433
1ucs,15,THR,-1.87027526357419,-0.9442800116024178
1ucs,16,ALA,-2.374119097907988,-0.9082343956161237
1ucs,17,LEU,-1.790810737967312,-1.2367508642490725
1ucs,18,THR,-4.040976231190273,-1.3199307351926368
1ucs,19,LEU,2.686701610606087,-1.5552552786696425
1ucs,20,ILE,2.310466703195302,-1.66121413382078
1ucs,21,MET,2.626959642438525,-1.7414498550737372
1ucs,22,MET,-1.8700481829345557,-1.0883741151787047
1ucs,23,LYS,-3.3403913989891625,-0.8346982750455623
1ucs,24,ALA,-2.41681359205033,-0.550290290321849
1ucs,25,GLU,-3.248899785251256,-0.787978138574864
1ucs,26,VAL,-2.2395725391238686,-0.8574424738943062
1ucs,27,VAL,-4.146471477476848,-0.7999297917373872
1ucs,28,THR,-4.476266028166137,-0.49988059346364416
1ucs,29,PRO,-2.951242020442735,-0.016598927971272506
1ucs,30,MET,-2.5205749013070284,-0.5044189603768329
1ucs,31,GLY,-1.5871842755593508,-1.2351050219658968
1ucs,32,ILE,-1.2472869624140719,-1.3066982543738748
1ucs,33,PRO,-2.021821099630577,-1.0692327047050147
1ucs,34,ALA,2.653651622880558,-1.4471001256550138
1ucs,35,GLU,2.732324984794142,-1.3993621967911742
1ucs,36,GLU,2.7292993585354286,-1.4293776427609017
1ucs,37,ILE,2.7557984192961826,-1.6127911039384792
1ucs,38,PRO,2.762082343900087,-1.401565289809976
1ucs,39,LYS,2.157477472668761,-1.4297156533910016
1ucs,40,LEU,2.472874738055103,-1.5378548576572948
1ucs,41,VAL,-1.9242690348107427,-0.7817574087935883
1ucs,42,GLY,3.220256676281984,-0.9553688178189683
1ucs,43,MET,-2.309563078655683,-0.4412214212959794
1ucs,44,GLN,-2.5836646822688416,-0.8792142132489914
1ucs,45,VAL,-2.9287743759621314,-1.7667399326485138
1ucs,46,ASN,2.0629613483961005,-0.8246956366316985
1ucs,47,ARG,-3.5337516025071682,-0.3160526257872807
1ucs,48,ALA,-2.1774687285263683,-0.7990743061213217
1ucs,49,VAL,-1.7284262353469377,-1.3250680365133547
1ucs,50,PRO,-2.469623267972074,-1.1165630886666917
1ucs,51,LEU,-1.7219223699752713,-1.158593162753428
1ucs,52,GLY,3.507965194809995,-1.4689202950111737
1ucs,53,THR,-2.3153990114222958,-1.2493591198445753
1ucs,54,THR,-2.2108422010610536,-1.4209219738958299
1ucs,55,LEU,-1.7762253011264422,-1.144689630104287
1ucs,56,MET,-3.005265644697846,-1.4551111628225177
1ucs,57,PRO,2.279892583434302,-1.948748463576163
1ucs,58,ASP,2.6806386663213346,-1.532513265329307
1ucs,59,MET,2.0319445037804194,-2.0359719271098036
1ucs,60,VAL,-2.77662428166086,-1.3667339902506188
1ucs,61,LYS,-1.8075786278128645,-1.0406918114582802
1ucs,62,ASN,2.7349785021891755,0.07031266082119653
1ucs,63,TYR,-1.5555035443500544,0.3453850985985109
1us0,2,SER,3.541669576292074,1.6374099211840942
1us0,3,ARG,-3.1941364256054343,0.4041459666604546
1us0,4,ILE,-3.023027676731236,-0.0827630067693876
1us0,5,LEU,-1.693868551405593,0.8652870959317499
1us0,6,LEU,-3.2901690272856348,-0.025238499846200822
1us0,7,ASN,2.471292744123076,-0.8930029690560546
1us0,8,ASN,1.9848544140419628,-0.20323344685975128
1us0,9,GLY,3.864647673111417,-0.022270227029252427
1us0,10,ALA,-3.360861266973971,0.09972457548640834
1us0,11,LYS,-2.3479154745434605,0.36495175109380174
1us0,12,MET,-2.1403954956900493,-0.6344545847551111
1us0,13,PRO,-1.6073780152688464,-0.7489635169447291
1us0,17,LEU,-2.310843571483981,-1.3169718257542513
1us0,18,GLY,-2.513097317530797,-1.4409684878963567
1us0,19,THR,1.1133167532210502,-1.978941503727982
1us0,20,TRP,-1.5695482963985408,-1.3406998531265355
1us0,21,LYS,3.016342024157067,-1.3120527112603757
1us0,22,SER,-1.5000144897754448,-0.8025972078068594
1us0,23,PRO,-1.9975499077226506,-0.20123575217282855
1us0,24,PRO,2.8427653330335905,-0.45992084193651883
1us0,25,GLY,2.7685390748803016,-0.18769014673755038
1us0,26,GLN,2.2748606916057312,-0.37110221355505146
1us0,27,VAL,2.4171019538878906,-1.3649424498270604
1us0,28,THR,1.7795850008382808,-1.3095292212093117
1us0,29,GLU,2.643204458612201,-1.051057775754116
1us0,30,ALA,1.9956972475935055,-0.8537822181538343
1us0,31,VAL,1.8700969759084929,-1.647195966622579
1us0,32,LYS,1.9159332369666349,-1.5671162504004368
1us0,33,VAL,1.671526193843854,-1.6727290385335913
1us0,34,ALA,1.9733338867702546,-1.3537553072932635
1us0,35,ILE,2.1037620804240076,-1.4367436182935203
1us0,36,ASP,2.8021014466049907,-1.2015311082400344
1us0,37,VAL,1.547986531766287,-1.4303636884734852
1us0,38,GLY,3.550599670069291,-1.108292890498581
1us0,42,ILE,-3.0881421682909984,-1.534549939374118
1us0,43,ASP,-2.3605138617930304,-1.4275715462686946
1us0,44,CYS,-3.7881428079885238,-1.3371041461329507
1us0,45,ALA,-3.4815233062731776,-1.5596325127310198
1us0,46,HIS,2.179641885277365,-1.8470229850747897
1us0,47,VAL,2.339592745854648,-2.1302124555643203
1us0,48,TYR,2.532586125940313,-1.979710287491597
1us0,49,GLN,2.4290713442172724,-0.6066583114392586
1us0,50,ASN,1.0906109556527608,-1.090643006475616
1us0,51,GLU,2.658352531572648,-1.8924802649973729
1us0,52,ASN,2.089631166204056,-1.546348769038222
1us0,53,GLU,2.101326170543361,-1.7477499510675907
1us0,54,VAL,1.621523582669598,-1.7390911327100524
1us0,55,GLY,2.2709707478586605,-1.5583145569960375
1us0,56,VAL,1.930177039934616,-1.5903139807714948
1us0,57,ALA,1.8563614773475279,-1.6736876115708208
1us0,58,ILE,1.5652397550652313,-1.5158298380412702
1us0,59,GLN,2.061918560373921,-1.018263481754448
1us0,60,GLU,2.2855179054139048,-0.8778171361130142
1us0,61,LYS,2.339714560075782,-1.3788207190483222
1us0,62,LEU,2.1082630007668257,-0.8720576403280916
1us0,69,ARG,2.5892115176182116,-0.7596624267526022
1us0,70,GLU,2.7605946573330935,-0.7822636802227515
1us0,71,GLU,2.2858655673418604,-0.5960967695081109
1us0,72,LEU,-3.294261564884066,-0.9428251199090175
1us0,73,PHE,-2.45092775698602,-1.547826796050139
1us0,74,ILE,-2.655955996010919,-1.3750490273702163
1us0,75,VAL,-3.1662252023845388,-1.5594082916197327
1us0,76,SER,-2.4179952463991765,-1.6940245287621039
1us0,77,LYS,-3.5421204547193255,-1.4659433442605176
1us0,78,LEU,-2.1687146104536055,-1.3395799982394077
1us0,79,TRP,-3.0341794639536164,-1.4328903563327933
1us0,80,CYS,2.3297526662347168,-1.5233837841214144
1us0,81,THR,1.5473367717159898,-1.604598340065108
1us0,87,LEU,2.728059112319994,-0.9541605485402792
1us0,88,VAL,1.9093915796291776,-0.771685000267254
1us0,89,LYS,2.0785356270285438,-0.99173187266201
1us0,90,GLY,2.3074463897820725,-1.0126492713794457
1us0,91,ALA,1.8961731254240048,-1.0408450849307462
1us0,92,CYS,1.8880664569806636,-1.2321398839242308
1us0,93,GLN,2.5192587551670056,-1.3654715619769553
1us0,94,LYS,1.6975375651345583,-1.59188505945419
1us0,95,THR,2.0975470510359577,-1.6147407014091484
1us0,96,LEU,1.9682463298415658,-1.112647405393528
1us0,97,SER,1.9350390225715153,-0.7063283859135018
1us0,104,LEU,-3.0838263964447523,-1.230698585192117
1us0,105,ASP,2.5989891464312014,-1.550706695593378
1us0,106,LEU,-3.3960291890493477,-1.392905008080161
1us0,107,TYR,-2.9618244212263143,-1.5547447478031944
1us0,108,LEU,-2.9201498287230847,-1.3705361124158764
1us0,109,ILE,-1.5883168013101803,-1.6060472795092686
1us0,110,HIS,2.0410388416308165,-1.8246835858685846
1us0,114,GLY,-2.471750010874762,-0.8130636230966023
1us0,115,PHE,-3.556408491403063,-0.855300322843537
1us0,119,LYS,2.7160930339887863,-0.3303382816159356
1us0,120,GLU,-2.362638885014148,-0.700123044641592
1us0,121,PHE,2.6082007497093818,-1.5736749255033249
1us0,122,PHE,-0.6169180423663222,-0.9872119985910137
1us0,123,PRO,-2.027608570993213,-0.6566443450176009
1us0,124,LEU,-3.241093962663197,-0.2767804900840805
1us0,125,ASP,-2.9770623815352946,-0.3129832095169504
1us0,126,GLU,3.5492583302362997,1.3364217741885414
1us0,127,SER,1.7151355186031654,1.0154914016585392
1us0,128,GLY,2.8359051827916115,0.019082104912821106
1us0,129,ASN,-2.356051889914971,-0.3923169606642328
1us0,130,VAL,-2.6006196987680776,-0.7973246416891858
1us0,131,VAL,-1.7474188991607777,-0.955269866128284
1us0,139,ASP,2.058322096919937,-0.5506876136399419
1us0,140,THR,1.9464331572747693,-1.3953837125190602
1us0,141,TRP,2.2159761191004916,-1.7385072907414756
1us0,142,ALA,2.349201002202245,-0.9894094882757538
1us0,143,ALA,2.241508881821323,-1.1137178451565832
1us0,144,MET,1.7625514846285557,-1.701161383992499
1us0,145,GLU,2.1459965054623282,-1.7319717467058657
1us0,146,GLU,2.3987640620674493,-1.5341244836730397
1us0,147,LEU,2.2410234532155937,-1.489912516528082
1us0,148,VAL,1.395151308036091,-1.4999581388247436
1us0,149,ASP,2.897402748859715,-0.5212642766294724
1us0,150,GLU,2.6502057766599463,-0.5878714999871715
1us0,151,GLY,3.0316880686216297,-0.579591861450178
1us0,152,LEU,2.643258901614659,-1.4538610276558774
1us0,153,VAL,-3.6477535099547005,-1.2749570570482125
1us0,154,LYS,2.6115134692787247,-1.2134919367624568
1us0,155,ALA,-3.979143195649019,-0.5400795680955058
1us0,156,ILE,-3.4700671613304266,-1.2926106372671147
1us0,157,GLY,-2.3585178345647924,-1.1362170857939984
1us0,158,ILE,-4.024458509561265,-1.2402986734768948
1us0,159,SER,-3.363658072866922,-1.4922180369062412
1us0,160,ASN,1.8317534278852206,-1.555234676030123
1us0,161,PHE,-2.843373420525268,-1.270265283070019
1us0,166,VAL,1.4616805899946848,-1.2048382226241454
1us0,171,ASN,2.3234049714961134,0.6954623792600783
1us0,172,LYS,-1.6591457835160262,-0.2634581769194007
1us0,173,PRO,-1.4885814991360975,0.5664816121656828
1us0,174,GLY,2.992473413448338,-0.22070822084024333
1us0,175,LEU,-1.9889006076000337,-0.5791232201492192
1us0,176,LYS,1.1938733756536541,-1.4830201821126372
1us0,177,TYR,-2.315463950439311,-0.6282226136455892
1us0,178,LYS,-2.347558174500603,-0.766654927694389
1us0,179,PRO,-2.1790491746388194,-0.781967655528879
1us0,180,ALA,2.38201535510699,-1.3860491491628846
1us0,181,VAL,-3.780194817704598,-1.0071226686670733
1us0,182,ASN,-2.654826499130492,-1.5033562076461366
1us0,183,GLN,-2.0176293014295243,-1.3533002131356824
1us0,184,ILE,-3.757283784656869,-1.0077859107999723
1us0,185,GLU,-1.981390923970513,-1.1157866728014556
1us0,186,CYS,-2.8295731460655786,-0.8924065816088572
1us0,187,HIS,-3.746508323994243,-1.011310120734407
1us0,206,VAL,-2.910043746664608,-1.4955020854178407
1us0,207,THR,-2.7316453296630163,-1.4266906965907589
1us0,208,ALA,-2.383814583035812,-1.3021844737843251
1us0,209,TYR,-3.300721905807355,-1.575851399549403
1us0,210,SER,1.68546229030277,-1.36874312482786
1us0,211,PRO,3.074162948052755,-1.7022463611703842
1us0,212,LEU,1.7696783577706976,-1.0149103506375001
1us0,213,GLY,1.9088837475361147,-0.42346409321239276
1us0,214,SER,1.1041306065862266,-0.6352895696208114
1us0,215,PRO,3.495666192113797,0.6372720156163619
1us0,219,TRP,1.6751371463390867,0.9510586111830198
1us0,220,ALA,-2.052389908348772,1.797984316093222
1us0,221,LYS,-2.5055857056487016,4.804942517461761
1us0,222,PRO,4.620766330563691,8.738405643065484
1us0,223,GLU,5.1333027310688575,10.038910076615688
1us0,224,ASP,-1.0835564468033188,7.1361469408492875
1us0,225,PRO,-2.048331402591375,3.3692583960844336
1us0,226,SER,-2.0460520927863644,0.7009029672861705
1us0,227,LEU,2.206610128639854,-0.06907948932417006
1us0,228,LEU,3.144703843456429,0.1855151633575173
1us0,229,GLU,2.264856541280763,0.8921684401359832
1us0,233,ILE,1.483748706070584,-0.7549977387485426
1us0,234,LYS,2.437032141905694,-0.16384771229842632
1us0,235,ALA,2.3547722073354223,-0.1989481004164989
1us0,236,ILE,1.6522677857037475,-0.8853982899720793
1us0,237,ALA,2.1387026678270193,-0.5215640768467965
1us0,238,ALA,2.409748163242903,0.8247274601057206
1us0,239,LYS,2.104854046184014,0.3030881875668263
1us0,240,HIS,1.930955616883389,0.22867472455586962
1us0,241,ASN,1.8705536194009433,0.892653060522346
1us0,242,LYS,-3.7458972924614757,0.161384698326904
1us0,243,THR,-2.7331611240167297,0.009691532549209628
1us0,244,THR,1.9659553608624079,-0.8308928052680945
1us0,245,ALA,2.2908216097172565,-1.3109367030581645
1us0,246,GLN,2.2860809855086326,-1.426752492461385
1us0,247,VAL,1.9581646402789432,-1.6199953814442227
1us0,248,LEU,2.45467889999219,-1.6070940166098844
1us0,249,ILE,1.6539909330143618,-1.3451401751072098
1us0,250,ARG,2.401590700614078,-1.4393288320269726
1us0,251,PHE,2.001788382380381,-1.8032263555844146
1us0,252,PRO,2.5362819177876945,-1.6442415994453803
1us0,253,MET,2.1345149117950455,-1.3241547722073432
1us0,254,GLN,2.973905376904902,-0.414552396465809
1us0,255,ARG,1.8649413409294666,-0.7037594642654283
1us0,256,ASN,1.8930268103810126,-0.38728534564828787
1us0,257,LEU,-3.6326076125130204,-0.5046478739862147
1us0,258,VAL,-2.844012225291482,-0.7873675120675616
1us0,259,VAL,-3.1860323435030207,-1.4924086852940954
1us0,260,ILE,-0.41177418024725765,-2.018410249736131
1us0,261,PRO,-2.2535334383696495,-1.3599406923001718
1us0,262,LYS,-2.9641496535415617,-1.5088419885950952
1us0,263,SER,-4.198044644991432,-1.3969928021810556
1us0,264,VAL,1.0279790339043737,-0.9082225195116473
1us0,265,THR,-1.59856456410768,-0.4840440636958537
1us0,266,PRO,2.8564368549224373,-0.6743642364649258
1us0,267,GLU,2.0823321252181053,-0.8261305524132216
1us0,268,ARG,2.0988482540451825,-1.0528286875109245
1us0,274,LYS,-0.7617174266662483,-0.5554617056185942
1us0,280,LEU,-2.6114147928930485,-0.4015461041303311
1us0,281,SER,-2.676933866506428,-0.824554019998504
1us0,282,SER,2.161325474388831,-1.4503259051189112
1us0,283,GLN,1.9785228346789234,-1.3183211336449643
1us0,284,ASP,2.063854839941909,-1.2121775822127814
1us0,285,MET,1.5976341532452287,-1.7354513051952558
1us0,286,THR,1.8827006908105643,-1.5383336614321497
1us0,287,THR,1.8561830168185507,-1.4461576928985922
1us0,288,LEU,2.2483644194237966,-1.2589736867668615
1us0,289,LEU,2.3675451555707445,-0.9903338359212857
1us0,290,SER,2.9808610305426124,-0.878956061722104
1us0,291,TYR,2.887120171259983,-0.8928441787451387
1us0,292,ASN,-2.1206767132508624,-0.08184713988626569
1us0,293,ARG,0.9802924765890552,-0.6083485481196101
1us0,300,LEU,-2.2275849205229985,-0.7620176226037344
1us0,301,LEU,2.2101547882285995,-0.8993694100629793
1us0,302,SER,2.800023647933714,-1.0824577951337429
1us0,308,ASP,1.9579930190388446,-0.7113588895461849
1us0,309,TYR,-1.4942264889180474,-0.5943072930942922
1w0n,15,VAL,-2.839175901116419,0.04692837250885464
1w0n,16,GLU,-1.8502792615831574,0.10284495719701539
1w0n,17,ALA,2.1645266084980936,-0.48605130308531025
1w0n,18,GLU,2.6278690934231683,-0.20018033978986266
1w0n,19,ASN,1.830998256115893,0.65930417724341
1w0n,20,MET,-2.476582310511973,0.9179107553640828
1w0n,21,LYS,-2.002017638032719,0.6605669527965452
1w0n,22,ILE,-2.4689842421021595,0.9589397411187747
1w0n,23,GLY,-2.9974738151104647,1.703799918522505
1w0n,24,GLY,-1.6913704300201227,1.952684669155033
1w0n,25,THR,2.510062985859708,0.7710029490156491
1w0n,26,TYR,2.5182547371509343,-0.6277911781853212
1w0n,27,ALA,-2.310646286334172,0.010268208620528952
1w0n,28,GLY,-3.3141899551384446,0.19782887133451948
1w0n,29,LYS,-2.528822547734329,0.17815424232026625
1w0n,30,ILE,-3.540139548939236,-0.06429108390167662
1w0n,31,SER,1.7930233911235351,-0.5272143270147902
1w0n,32,ALA,-4.593131789842672,1.098621368471486
1w0n,33,PRO,0.997529081474823,0.41242911660519216
1w0n,34,PHE,-3.9849856074471144,-0.003420619036724585
1w0n,35,ASP,-1.2289234729247287,0.3571741946543361
1w0n,36,GLY,-1.9922570698194086,-0.42267733076490177
1w0n,37,VAL,-3.3929056892532463,-0.6375744136530536
1w0n,38,ALA,-2.7929921608996504,-0.6691492145720878
1w0n,39,LEU,-2.706511228618657,-0.4013854072962649
1w0n,40,TYR,1.7752666054808455,-0.8119681980109807
1w0n,44,ASP,-1.845653005527379,0.76893187736537
1w0n,45,TYR,-3.704069835505236,0.3619794850194086
1w0n,46,VAL,-2.951377889543001,-0.08917871207726782
1w0n,47,SER,-3.1445774362573418,0.34761642068933096
1w0n,48,TYR,-3.827789144837209,0.47369845690546436
1w0n,49,SER,-1.9976192580506233,0.6495101037681378
1w0n,50,GLN,-2.4783857957431117,0.36189620423554575
1w0n,51,TYR,-2.1597098243726776,0.24455803772310306
1w0n,52,PHE,-2.3153821969205466,0.6455030334541719
1w0n,53,ALA,2.690795845117139,0.26077428691903826
1w0n,54,ASN,-2.3384450192991437,0.49617678400093745
1w0n,55,SER,3.3983047142407665,-0.09918321154557137
1w0n,56,THR,-2.5732582419920353,-0.029947624526856582
1w0n,57,HIS,-3.7023727695144784,0.09101491283421126
1w0n,58,ASN,-2.5446120995106707,0.36715352642207244
1w0n,59,ILE,-2.5468018293701657,0.11438971823143572
1w0n,60,SER,-3.10381644702832,-0.13940276657024087
1w0n,61,VAL,-3.1927040961289705,-0.6739955215731259
1w0n,62,ARG,-2.258417240298587,-0.4850730356644402
1w0n,63,GLY,-3.647564016656199,-0.4423698576461932
1w0n,64,ALA,-3.697121582847932,-0.4552219786480191
1w0n,65,SER,-2.9550409459258007,-0.24930737794492208
1w0n,66,SER,2.784450896900625,-0.5653975703407749
1w0n,67,ASN,-3.14372526535835,0.1069315624719617
1w0n,68,ALA,2.876218037548792,0.08086853773142262
1w0n,69,GLY,-0.7026896798977338,0.38545625133170813
1w0n,70,THR,-2.6307456939242724,0.22759467383589926
1w0n,71,ALA,-2.804270920575136,0.7041943360130574
1w0n,72,LYS,-2.5399723161250307,0.8564576961330217
1w0n,73,VAL,-2.327649869240542,0.18681954384488786
1w0n,74,ASP,-2.362906334407521,0.19868312832384005
1w0n,75,LEU,-2.419889285332459,0.027177417314007284
1w0n,76,VAL,-2.6915580762153124,0.3146900602317797
1w0n,77,ILE,-2.1976525628956387,1.1781784121049699
1w0n,78,GLY,2.496985102210802,2.0134473907620074
1w0n,79,GLY,3.709082326282054,2.0859143337394905
1w0n,80,VAL,-2.0411166745657434,1.332877717911301
1w0n,81,THR,-1.471091971240124,1.078673202500369
1w0n,82,VAL,2.20113303476893,0.5602034223026815
1w0n,83,GLY,-2.854023948632669,0.9520316050147617
1w0n,84,SER,-2.575033654146481,1.245217986442285
1w0n,85,PHE,-2.4787114193761504,0.7619343306653449
1w0n,86,ASN,-2.096556330390623,-0.22150551796683268
1w0n,87,PHE,-2.070315770673589,-0.6694539717118665
1w0n,88,THR,-2.6632156087101735,0.2101460952849717
1w0n,89,GLY,-1.6029996632121093,0.8932389037696788
1w0n,90,LYS,2.711251494435405,0.0938933289897366
1w0n,91,THR,-1.1141898076424301,0.4575137135173998
1w0n,92,PRO,-2.110670891765131,0.04046144809399326
1w0n,93,THR,-3.8029698452277816,-0.14979359363204045
1w0n,94,VAL,-2.377419868844359,0.06039857668654971
1w0n,95,GLN,-3.1467020945094584,-0.07774160881104901
1w0n,96,THR,-3.2175432450040216,-0.20638387085352464
1w0n,97,LEU,-2.4806432551597566,-0.06105186531135306
1w0n,98,SER,-2.6705139325140506,0.32746934299967717
1w0n,99,ASN,1.1504220754926502,0.4016072861780831
1w0n,100,ILE,-2.0738836854528726,0.33619126317084413
1w0n,101,THR,-2.557600230085525,0.3911609635797499
1w0n,102,HIS,-3.5697435301105083,0.8648363901833371
1w0n,103,ALA,-2.3968063482228676,1.410633983062138
1w0n,104,THR,-1.7296673323895748,0.7406817249617011
1w0n,105,GLY,-0.3655884035734315,0.7944785399728774
1w0n,106,ASP,-1.6832597745756706,0.9833523523811457
1w0n,107,GLN,-2.9311248298163406,0.44701377649224494
1w0n,108,GLU,-2.0450460683117777,0.4731264730940523
1w0n,109,ILE,-2.3415796198692513,0.4557438211090919
1w0n,110,LYS,-2.920797177474598,0.32552512503006525
1w0n,111,LEU,-2.4736167460646445,0.09582370815078917
1w0n,112,ALA,-2.7558602921721165,0.8032962066782086
1w0n,113,LEU,-1.5827327072035353,1.5663497797910366
1w0n,114,THR,2.5813375826156872,2.143144973013438
1w0n,115,SER,-2.5072037234677524,6.3470229209813835
1w0n,116,ASP,2.081846691276354,6.774158489017381
1w0n,117,ASP,3.000325121291008,5.355605420024382
1w0n,118,GLY,2.225153970577405,3.0140241890784334
1w0n,119,THR,-2.269356158648051,1.5227682921638814
1w0n,120,TRP,-1.8872648253320214,0.9355271769063347
1w0n,121,ASP,-2.7273914743031917,0.28447261075070557
1w0n,122,ALA,-2.5298955966110728,-0.0059549285742998455
1w0n,126,PHE,-4.180694503625498,-0.29554884378648805
1w0n,127,ILE,-3.376904714764468,-0.3893937131151301
1w0n,128,GLU,-2.6507304595698242,-0.033636461810137665
1w0n,129,PHE,-2.75376588898606,0.5337122211385998
1w0n,130,SER,-3.3562835893647343,1.2874215941091145
1x6z,27,GLU,-2.0136833618147723,2.827636113874742
1x6z,28,PHE,0.958676203545051,1.7553743476667276
1x6z,29,ALA,3.0357848159819367,1.445268064551594
1x6z,30,ARG,2.2919919786934115,0.8341815695050808
1x6z,31,SER,2.546920755469494,0.5316324853768258
1x6z,32,GLU,2.3613447731493444,0.5977562822885111
1x6z,33,GLY,2.160783307984475,0.6374519460245544
1x6z,34,ALA,2.2755893923721953,0.5169762957661174
1x6z,35,SER,2.1336617336900483,0.5733550771991678
1x6z,36,ALA,1.8322520809058789,0.6728705738963003
1x6z,37,LEU,2.463887878029772,0.526623454011028
1x6z,38,ALA,3.0967802934336883,1.2368200389795916
1x6z,39,SER,2.717800527271861,0.9382158234742091
1x6z,40,VAL,2.3564217682743265,0.60824359502751
1x6z,41,ASN,3.499025344771902,0.9385637621046221
1x6z,42,PRO,3.205606505996315,1.0869060583354058
1x6z,43,LEU,2.6208379525500125,0.746607636580569
1x6z,44,LYS,2.288034343663935,0.37329986313979496
1x6z,45,THR,1.7306337470466218,0.23813614055568277
1x6z,46,THR,1.6742075600810016,0.49306346496512454
1x6z,47,VAL,1.8349991237896957,0.6964809267258392
1x6z,48,GLU,2.6296143387569217,0.8958423036779705
1x6z,49,GLU,2.2737733724184506,1.0926995620034807
1x6z,50,ALA,1.8858515908354887,1.0220331982535276
1x6z,51,LEU,2.7166697471098966,1.2974529552476255
1x6z,52,SER,2.854775824249557,1.4654407264097964
1x6z,53,ARG,3.2880035258319165,1.7223875371847674
1x6z,54,GLY,2.255055003136772,1.430977285595983
1x6z,55,TRP,-3.3075776468502003,1.3990403446414064
1x6z,56,SER,-2.97012354227137,1.4241952431043987
1x6z,57,VAL,-2.7819024092304874,1.0754976892244306
1x6z,58,LYS,-2.9803439896825803,1.6140125295342356
1x6z,59,SER,-1.7216727068315263,2.097163697750071
1x6z,60,GLY,-0.3183889835544403,2.337296315598784
1x6z,61,THR,-2.588151949612516,3.034360011560748
1x6z,62,GLY,-0.33255673340062236,2.523559427058948
1x6z,63,THR,-2.9633422354849057,2.590942768151891
1x6z,64,GLU,-1.6995130313987754,1.5807126881007239
1x6z,65,ASP,-1.5901151230179358,1.950130012196621
1x6z,66,ALA,3.0708564612474007,3.120838406211282
1x6z,67,THR,2.504171616920107,3.628581296044639
1x6z,68,LYS,3.3094045705067265,2.547545576819642
1x6z,69,LYS,0.7808548853906445,1.5173235452873757
1x6z,70,GLU,-2.3997258933530468,1.675773393215515
1x6z,71,VAL,-1.8058983411852536,1.5574896147801593
1x6z,72,PRO,-2.134524210276497,1.7539887256622853
1x6z,73,LEU,2.1782871899760563,0.6172042142843769
1x6z,74,GLY,2.2503575054903684,0.765836600833983
1x6z,75,VAL,-2.636072926433168,1.1769072235488434
1x6z,76,ALA,-2.086993338993506,1.061581722959323
1x6z,77,ALA,3.077305310703755,1.0458504722587647
1x6z,78,ASP,1.6048567391053168,0.882873968735063
1x6z,79,ALA,3.2851578848454954,1.1673134112668258
1x6z,80,ASN,-1.7388733197573794,1.333719458144634
1x6z,81,LYS,3.3686084488735553,0.4114567854415348
1x6z,82,LEU,3.535315851826352,0.7693711974045502
1x6z,83,GLY,-0.8302155432315491,0.5878582034100788
1x6z,84,THR,-3.248983819604815,0.6138652263167835
1x6z,85,ILE,-2.3631721425420538,0.9929487871966042
1x6z,86,ALA,-3.0185505778391306,1.244240561655045
1x6z,87,LEU,-2.5624733018599026,1.3935300951071947
1x6z,88,LYS,-4.524862184617699,2.6032263190181615
1x6z,89,PRO,-2.6672203089599082,2.8920229721023185
1x6z,90,ASP,-2.2278377358073893,3.1505832984503006
1x6z,91,PRO,-2.5898705778382984,2.8228246341971466
1x6z,92,ALA,-2.236604472298741,1.488092299412809
1x6z,93,ASP,1.5433412141481182,1.1048026830855504
1x6z,94,GLY,3.808523577658464,0.9244506810320683
1x6z,95,THR,1.8292949475912765,1.1307994034233546
1x6z,96,ALA,-2.5543291282901945,1.4776386714616867
1x6z,97,ASP,-2.5938912234136757,1.254279890136076
1x6z,98,ILE,-2.9777573396813,1.176547849486909
1x6z,99,THR,-2.8671695020625205,1.2056863694211493
1x6z,100,LEU,-2.508493863209348,0.952243973166659
1x6z,101,THR,-2.9723881385026254,0.7650580306823955
1x6z,102,PHE,-2.3866378923569687,0.45536935252784866
1x6z,103,THR,-2.0277466721219213,0.8316670601365744
1x6z,104,MET,0.37550518082257084,0.9178609532746231
1x6z,105,GLY,3.6533033570226023,1.1288317547736022
1x6z,106,GLY,2.4856572788709768,1.8794546042421851
1x6z,107,ALA,-2.339765101658799,2.3254169989099087
1x6z,108,GLY,-0.8814638246247629,1.7700426385546424
1x6z,109,PRO,3.4441899799446274,1.9553822161239631
1x6z,110,LYS,3.100665662440182,1.2635430540730228
1x6z,111,ASN,3.1391414101521624,0.49513208806670833
1x6z,112,LYS,-1.1820506414997307,1.7949632284991655
1x6z,113,GLY,3.2171780591966033,1.8507737035650673
1x6z,114,LYS,-3.237071721025849,0.45105907335905066
1x6z,115,ILE,-2.860904467488279,0.7394941370436724
1x6z,116,ILE,-2.3442336228445466,1.1866571605904581
1x6z,117,THR,-2.3137768525312956,1.0086588863024344
1x6z,118,LEU,-2.1146836125742485,1.3130164809228604
1x6z,119,THR,-2.3346307273937557,1.0678424193813085
1x6z,120,ARG,-1.9586678463674712,0.798786299434586
1x6z,121,THR,-1.9077730470605403,1.1007949339317364
1x6z,122,ALA,2.9338973728793536,0.8588874911822852
1x6z,123,ALA,3.32346485279341,1.339462018389168
1x6z,124,ASP,3.045491030003093,1.5106707594801105
1x6z,125,GLY,3.3034222689518287,2.443164451604227
1x6z,126,LEU,-2.8499400137965707,2.052457757183987
1x6z,127,TRP,-2.774298694876272,1.291907911319929
1x6z,128,LYS,-3.455796594625141,1.5697343858476924
1x6z,129,CYS,-2.2777887382430184,1.3508082040388618
1x6z,130,THR,-3.1635958618395086,1.3712607833406396
1x6z,131,SER,-3.230618963059076,1.2232266664270384
1x6z,132,ASP,1.2355151812917777,0.8659223102281236
1x6z,133,GLN,-2.214562354367204,1.8570372885751603
1x6z,134,ASP,-1.459270171166681,2.7133969412384107
1x6z,135,GLU,2.9554040543043656,2.339871388261513
1x6z,136,GLN,2.800924145464634,3.0718696984713807
1x6z,137,PHE,1.7249242107515848,2.107505928777057
1x6z,138,ILE,-1.3654501773561218,1.6362005821346752
1x6z,139,PRO,-1.838118932167002,2.3353552939719115
1x6z,140,LYS,-1.0046785543721117,2.2681282189313188
1x6z,141,GLY,3.4747566110109145,1.6759440973238366
1x6z,142,CYS,-3.00180249820378,1.6847889460501133
1x6z,143,SER,-3.337621053904738,1.8948226889032074
1yk4,5,SER,-2.2667614075013334,-1.0510214160943487
1yk4,6,CYS,-1.6925293428424517,-1.2363011525078735
1yk4,11,TYR,-2.694719454501033,-1.3275031761754976
1yk4,12,ILE,-3.1237595218528655,-1.8854098621241193
1yk4,13,TYR,-2.1292974982728743,-1.9070278282650504
1yk4,14,ASP,-2.2465086584685166,-1.5008690744711914
1yk4,15,GLU,2.8178946940601146,-1.9199086969978
1yk4,16,ASP,3.150378009493865,-1.3044476480580363
1yk4,17,GLU,2.439269480976309,-1.5411862836387114
1yk4,18,GLY,-0.9719037015428464,-1.886353789840199
1yk4,19,ASP,-1.2865938160878077,-1.7022444485141088
1yk4,20,PRO,2.5585345604663052,-1.319893794972175
1yk4,21,ASP,2.4627113016412294,-1.5762962719797173
1yk4,22,ASN,1.3172464013633762,-0.7789086565162819
1yk4,23,GLY,2.9610571077387067,-0.4473692342221488
1yk4,24,ILE,-2.1755275741299793,-1.14539452146988
1yk4,25,SER,-2.305279633221743,-1.0584929399165897
1yk4,26,PRO,-1.6072532471896326,-0.8682644611501636
1yk4,27,GLY,3.5520060517663645,-0.2687358299443341
1yk4,28,THR,-1.8867012552594982,-0.5568183956320694
1yk4,29,LYS,-2.5774251454820707,-1.3367239894267235
1yk4,30,PHE,1.9587675407777436,-2.0168049714676233
1yk4,31,GLU,2.651152050853695,-1.3966451733210608
1yk4,32,ASP,2.434569345299234,-1.069987325842679
1yk4,42,CYS,2.8884001087457967,-1.9408118083009505
1yk4,43,GLY,2.5381639258127735,-1.5704687291620578
1yk4,44,ALA,-2.274899177559208,-1.2265579705239653
1yk4,45,PRO,-2.9700460500267143,-1.3547403771479924
1yk4,46,LYS,2.051058148298826,-1.919973275513885
1yk4,47,SER,2.6641167447000957,-1.7231409164197602
1yk4,48,GLU,1.3135720584286645,-1.011329222234536
1yk4,49,PHE,-2.803834285193048,-0.5034020685658689
2b97,2,VAL,-0.49055136427356166,-0.6977214709211181
2b97,3,CYS,-2.489529484265462,0.7677175903062771
2b97,4,PRO,-2.8938518313476926,0.48661076187671615
2b97,5,THR,-1.6840272536969496,1.8095258097104925
2b97,6,GLY,0.3828897273255345,1.2196000369104352
2b97,7,LEU,2.3290850580647735,-0.11719639983926554
2b97,8,PHE,0.7365441434212558,0.023061881770059814
2b97,9,SER,2.2439773962471254,-0.1480909754424983
2b97,10,ASN,-1.4384972619083645,0.05264527742749663
2b97,11,PRO,-1.9856604789475543,0.2440707459296828
2b97,12,LEU,-3.815397319228557,-0.3791180602131638
2b97,13,CYS,-1.651929793729767,-0.013770087309302
2b97,14,CYS,-2.262983487809935,0.36911292609403884
2b97,15,ALA,2.5846063254739784,-0.08266125179468091
2b97,16,THR,-3.553832930381119,0.745931498639054
2b97,17,ASN,-1.9991974309932092,0.6540802271235707
2b97,18,VAL,-2.283567759335669,0.5069882107247026
2b97,19,LEU,2.0165202887426945,-1.300329417773346
2b97,20,ASP,1.6639996592576656,-1.2155364493001528
2b97,21,LEU,2.8635502950915357,-0.4809416414828667
2b97,22,ILE,-2.595658964590948,0.894837953992758
2b97,23,GLY,-2.3851465656334856,-0.4261565757434753
2b97,24,VAL,-2.9465044954824227,-0.7213853426094106
2b97,25,ASP,-0.11687742906243365,-0.3873408260287407
2b97,26,CYS,-2.4170952514074897,0.49255127230704554
2b97,27,LYS,-2.7400146679099007,0.44810426206565
2b97,28,THR,-1.7629600441378765,-0.05334540894040886
2b97,29,PRO,-2.349622220010632,0.3353910850145478
2b97,30,THR,2.0477479328373582,1.6017394357392942
2b97,31,ILE,-3.5851227839881763,1.1369904392962518
2b97,32,ALA,-2.366667976722742,0.19244451904118062
2b97,33,VAL,-2.239538455555958,0.13652061081333855
2b97,34,ASP,2.176896977360881,-0.22634423118155
2b97,35,THR,-3.349325459619006,0.051513323810926
2b97,36,GLY,2.173001238945769,-0.7140883304789378
2b97,37,ALA,2.6260959627214215,-0.33583079420253115
2b97,38,ILE,1.8609707702561413,-0.28069813616083344
2b97,39,PHE,1.7208394542789869,-0.5221018186484551
2b97,40,GLN,1.9766342075732855,-0.283740284005346
2b97,41,ALA,2.126671043841627,-0.6086171998914198
2b97,42,HIS,1.667843908273824,-0.5904126922297502
2b97,43,CYS,2.560325144905008,-0.09264250205093547
2b97,44,ALA,2.6784495079443604,-0.1373861345864602
2b97,45,SER,2.149457184353878,-0.5116649873634846
2b97,46,LYS,1.475353783450022,-0.20263480126094974
2b97,47,GLY,2.6833808557583967,0.028750686468710634
2b97,48,SER,-3.648865124157602,0.4946094465247786
2b97,49,LYS,-2.866702493025366,-0.03491408232472637
2b97,50,PRO,-1.9878803022768547,-0.6004510071903212
2b97,51,LEU,-3.68121589979675,-0.7255764829687065
2b97,52,CYS,-2.209332134573222,-0.2586256204854134
2b97,53,CYS,-3.3674807822448862,-0.35066440643659175
2b97,54,VAL,3.0537609798760856,-0.9463292360469919
2b97,55,ALA,-3.0249621591763036,-0.27576605931243786
2b97,56,PRO,2.2755684388876927,0.5568260930090744
2b97,57,VAL,-2.8153395601128115,0.6835829628323836
2b97,58,ALA,-1.996780481266833,-0.39403728725687387
2b97,59,ASP,-3.7941949378216835,-0.6251679075032709
2b97,60,GLN,1.8618098486278831,-0.9515387742761903
2b97,64,CYS,-3.906280649638752,-0.18739611991970911
2b97,65,GLN,-2.6032213158582556,0.8338716435988995
2b97,66,LYS,-1.860796092293087,1.3893725580272043
2b97,67,ALA,-1.5920517743514455,1.5343967874188071
2b97,68,ILE,-1.2360267135779435,3.4754596758825547
2b97,69,GLY,3.4226473959449155,9.416914357471292
2ixt,6,ILE,-0.9299550855902409,0.13839939763786852
2ixt,7,PRO,-2.1860187793692583,0.14183833120080053
2ixt,8,TRP,2.14261290393873,-0.7863726531784871
2ixt,9,GLY,2.2177263534751157,-1.5231433557308176
2ixt,10,ILE,1.68817445492137,-1.2222022176760015
2ixt,11,LYS,2.0817274420747913,-0.4876228388366814
2ixt,12,ALA,2.341584971351267,-0.29774105355550023
2ixt,13,ILE,2.3561441854779805,-0.7543423825622507
2ixt,14,TYR,2.5824048297117477,-0.4326221343272712
2ixt,15,ASN,1.7657515757857034,0.4488177153019405
2ixt,16,ASN,-2.0228807089288776,0.5136503856090492
2ixt,17,ASP,3.253070305911872,0.699006556677559
2ixt,18,THR,1.5324920143125214,0.9107274236493823
2ixt,19,LEU,-1.7894033972173535,1.7358164477130495
2ixt,20,THR,2.455005439209734,1.0862172290436125
2ixt,21,SER,-4.082938533885298,0.6968982983474528
2ixt,22,THR,-3.1681913389247445,0.6018679911010487
2ixt,23,THR,-3.978796854308768,0.006625394301045587
2ixt,24,GLY,-2.2534823844450766,-0.05388892281767346
2ixt,25,GLY,2.3290328096566775,-0.3363962318429444
2ixt,26,SER,-1.4679474264455934,0.20728161279246965
2ixt,27,GLY,3.7267517887939365,-0.3437271040100832
2ixt,28,ILE,-2.757774462681333,-0.3014009421664738
2ixt,29,ASN,-2.3022130961083858,-0.5552400738338595
2ixt,30,ILE,-2.27693085169966,-1.26687876130137
2ixt,31,ALA,-2.1768904070164674,-1.1824863048663983
2ixt,32,VAL,-2.211602445233658,-0.9711016317840712
2ixt,33,LEU,-1.70860082303588,-0.8692768207507935
2ixt,34,ASP,-1.8543586151610143,-1.318232311073878
2ixt,35,THR,1.9478065747269342,-0.7336642610557417
2ixt,44,LEU,2.554870768468427,-1.0833632418177264
2ixt,45,VAL,2.78193365026254,-1.1227421545855694
2ixt,46,ASN,3.19925268560608,-1.2421868183168991
2ixt,51,CYS,-2.2337860088506343,-0.9075783250760782
2ixt,52,LYS,-3.4840931415400838,-0.7258923847411627
2ixt,53,ASP,-2.8180908162792018,-0.7820320574768836
2ixt,54,PHE,1.3253971573186907,-1.1157610123363686
2ixt,55,THR,1.9782020185077858,-0.41665258801100846
2ixt,56,GLY,-0.9583962309683678,-0.1438678331694698
2ixt,57,ALA,2.7781353511185327,0.2982326635473353
2ixt,58,THR,-3.0757624055317043,0.8165038824504862
2ixt,62,ASN,-2.5497556670549204,0.05525144716963627
2ixt,63,ASN,1.4752410622276413,-0.460370635837659
2ixt,68,ARG,1.4609365798605851,-0.3822160583935481
2ixt,69,ASN,1.3485558432914193,-0.18795887296215658
2ixt,70,GLY,2.844361831370324,-0.9173753305604051
2ixt,71,HIS,1.9628421343305023,-1.4060438267491704
2ixt,72,GLY,2.1652092652813497,-1.264732809337269
2ixt,73,THR,1.9406452936792011,-1.2448181304266
2ixt,74,HIS,1.4221688484355361,-1.2003847287049492
2ixt,75,VAL,1.6895336079320613,-1.2362537080589187
2ixt,76,ALA,2.2377849259626035,-1.0241447522132285
2ixt,77,GLY,2.4629287507686093,-1.0954856050053163
2ixt,78,THR,1.9978976735747953,-1.5751402647591732
2ixt,79,ALA,1.999779716616718,-1.9289559508788006
2ixt,80,LEU,1.5554371993106921,-1.3900437607988534
2ixt,81,ALA,-1.9737420975781086,-0.8672672089225532
2ixt,82,ASP,1.44962976559808,-0.6092705916275395
2ixt,83,GLY,3.051082157624679,-0.521277207621399
2ixt,84,GLY,-2.078698555802217,-0.2752769270767883
2ixt,85,SER,3.273375062740278,-0.013269239235748593
2ixt,86,ASP,2.1638505629930154,0.5273261998548305
2ixt,87,GLN,2.6827266430005174,0.1874851244097063
2ixt,88,ALA,1.4065665407594445,-0.348322537356735
2ixt,92,GLY,-1.5779144630453021,-0.6815734476566838
2ixt,93,VAL,2.53475096424227,-1.2507641234812745
2ixt,94,ALA,-1.0165108415354125,-1.4116418069291325
2ixt,95,PRO,3.0881433966257057,-1.0204768511708966
2ixt,96,ASP,3.013866844618044,-0.6564853802100516
2ixt,100,TRP,-2.1447503643059407,-1.0052281756462127
2ixt,101,ALA,-1.4748441442461833,-0.6855419802222397
2ixt,102,TYR,-2.232566385690915,-1.045763986683765
2ixt,103,LYS,-1.9328823626515952,-1.1673516297702244
2ixt,104,VAL,1.4354677384607695,-1.3027790892251125
2ixt,105,LEU,-3.36238702398132,-0.3263993089643538
2ixt,106,LEU,-3.030947221644117,-0.45236543791505845
2ixt,107,ASP,2.72785552315896,-1.1988621367262937
2ixt,108,SER,3.2352244828919487,-0.43255899922630986
2ixt,109,GLY,3.2918512040056918,-0.05792606553271187
2ixt,113,SER,2.3815409647503665,-0.6278261795205271
2ixt,114,ASP,2.4739747537304577,-0.3711188900199565
2ixt,115,ASP,1.8312214213378344,-0.7038959640848859
2ixt,116,ILE,1.5658492744666435,-1.376988569127435
2ixt,117,ALA,1.8570305353346304,-1.335386815133457
2ixt,118,ALA,2.083198233086371,-1.201229065599893
2ixt,119,ALA,2.301884344616417,-1.534582556832873
2ixt,120,ILE,1.4429568756119941,-1.64401804861018
2ixt,124,ALA,2.070125588456113,-1.2519049626471788
2ixt,125,ASP,2.300462984273195,-1.2953948920261806
2ixt,126,GLN,2.2689289172161216,-1.517265563154904
2ixt,127,ALA,1.808957938860908,-1.2080912518873244
2ixt,128,THR,1.9558264090408708,-0.8704279946087988
2ixt,129,ALA,2.1617753470442462,-0.7302588060461324
2ixt,130,THR,2.4166548784578907,-0.6389632497564056
2ixt,134,THR,-3.614727537223941,-1.3111758391493844
2ixt,135,ILE,-2.9258638348778727,-1.1007134831479224
2ixt,136,ILE,-2.519967669576187,-0.9667923192429188
2ixt,137,SER,-2.359644264763542,-1.1134192655042163
2ixt,138,MET,-1.493265480229912,-1.1518579043451196
2ixt,139,SER,-0.8243093962834221,-0.9438668922099869
2ixt,148,LEU,1.6730793926588172,-1.2071484697497228
2ixt,153,VAL,1.9278852248015492,-1.1823595450813602
2ixt,154,ASN,2.1347120142639495,-1.1469446157844567
2ixt,155,TYR,1.3472585470055314,-0.9914326634901153
2ixt,156,ALA,2.346574893454975,-1.2556007580981365
2ixt,161,VAL,-2.9422450382343914,-0.8525536848138697
2ixt,162,LEU,-2.119135224344345,-0.9998243166756312
2ixt,163,ILE,-2.376056267306598,-0.8629453908425262
2ixt,164,VAL,-3.066428859027952,-1.0062839192365474
2ixt,165,ALA,-2.8856605137756333,-0.6954573624517179
2ixt,166,ALA,-2.1706512622693084,-0.6914387719644334
2ixt,167,ALA,2.304118359646612,-0.9944646288952004
2ixt,168,GLY,-2.683133736705833,-0.1556603166601045
2ixt,176,THR,2.4365950331013075,-0.012279145757376202
2ixt,177,ILE,-2.6256539431715735,-0.33048732688417387
2ixt,178,GLY,-1.9643560622217973,-0.5342995604942794
2ixt,179,TYR,-5.560333688538712,0.5570962518576983
2ixt,180,PRO,2.797493493220388,-0.22763258560377925
2ixt,181,GLY,2.7895496749113438,-1.1825899874054682
2ixt,182,ALA,3.242765663052382,-1.1512532690283206
2ixt,183,LEU,-1.4402200556665543,-0.4722473689475848
2ixt,184,PRO,3.2338747937853793,-0.6838810017807851
2ixt,185,ASN,2.088539858806986,-0.5039717824689393
2ixt,186,ALA,-2.28527233168416,-0.7899005904513038
2ixt,187,ILE,-1.6543865767599877,-1.029320371120136
2ixt,188,ALA,-2.3518621050357433,-0.6647826389455475
2ixt,189,VAL,-2.451834163011428,-1.215593988628273
2ixt,190,ALA,-3.0216608138786385,-1.0152829635223701
2ixt,191,ALA,-2.054188532637652,-1.0193655481159536
2ixt,192,LEU,-3.1415287290966516,-0.43884047863536185
2ixt,193,GLU,-3.414173643556924,-0.5379137801139238
2ixt,194,ASN,-0.069576890993453,-0.8746666667471229
2ixt,195,VAL,-3.684733886725698,-0.24981440319788523
2ixt,198,ASN,1.9444476898883707,-0.2516196041236361
2ixt,199,GLY,2.9956783570585843,0.10213743174766447
2ixt,200,THR,-3.4023848763734392,-0.37726782935317665
2ixt,201,TYR,-2.318010990444657,-0.086266410698517
2ixt,202,ARG,-2.1938276510874544,-0.6394379272405115
2ixt,203,VAL,-2.2796797141632927,-0.9368884866138285
2ixt,204,ALA,-1.8249539841009077,-0.8402582400621296
2ixt,205,ASP,2.95962677986186,-0.621046465496732
2ixt,206,TYR,3.0949142144044974,-0.8181111496105155
2ixt,207,SER,-1.3505147997475082,-0.23905384812877606
2ixt,208,SER,-1.6556363542470947,-0.7533712149042721
2ixt,209,ARG,-2.389614291183177,-0.02400346921310334
2ixt,210,GLY,-1.390492412721253,-0.7588927164652838
2ixt,211,TYR,-3.1865799917820903,-0.6451579461055587
2ixt,217,ASP,2.9494081832775767,0.17458752240615766
2ixt,218,TYR,1.8719780256560234,-0.09407123741009503
2ixt,219,VAL,-2.232259316055524,0.03678217290251629
2ixt,220,ILE,-1.9325858475514677,0.2693836897714282
2ixt,221,GLN,-3.43380334639091,-0.15752657015026353
2ixt,222,GLU,-1.3894527562910328,-0.2901784081873889
2ixt,223,GLY,3.6893639207759947,-1.0764140293429518
2ixt,224,ASP,-2.6531652405606203,-0.8823195553230802
2ixt,225,ILE,-2.55318980080543,-0.8192514207164209
2ixt,229,ALA,-3.291077037382126,-0.8247261708600498
2ixt,230,PRO,-1.383316876001627,-0.8073795792081191
2ixt,231,GLY,2.018207033311661,-1.3552423188192044
2ixt,232,SER,-1.6987261188274574,-0.06133046869455054
2ixt,233,SER,0.857151306816364,-0.38021141562011307
2ixt,234,VAL,-2.409377975289005,-0.9476933932034036
2ixt,235,TYR,-2.8709524853740245,-0.6969131140796855
2ixt,236,SER,-2.5171163006505113,-1.0364305694094955
2ixt,237,THR,-2.6070432191568873,-0.476388452734348
2ixt,238,TRP,-3.286199630285206,-0.7107282114311788
2ixt,239,TYR,1.9920361371195487,-0.8065509043242297
2ixt,244,ASN,-3.4269040746584007,0.15189200253063345
2ixt,245,THR,-2.634063962821777,-0.41462058980658684
2ixt,246,ILE,-3.6577366696419458,-0.32673813936691404
2ixt,247,SER,-3.503630982679959,-0.36550998954252994
2ixt,248,GLY,-2.241743209302414,-0.2222770276684243
2ixt,249,THR,2.608760960958753,-1.1886151670792415
2ixt,250,SER,2.4667047728907585,-1.162349348025182
2ixt,251,MET,1.676355719286158,-1.2369591148396024
2ixt,252,ALA,1.9777768290792905,-1.0354416996764086
2ixt,253,THR,2.143529531579468,-1.4973261381924434
2ixt,254,PRO,3.0585091136240887,-1.5074049217128354
2ixt,255,HIS,2.0185264059825694,-1.6296719760819582
2ixt,259,LEU,1.9574861240072614,-1.085420802422391
2ixt,260,ALA,2.2871240034252183,-0.9706581920643929
2ixt,261,ALA,2.2087376596099113,-1.2440018104957524
2ixt,262,LYS,1.7579630665667463,-1.0035271824512666
2ixt,263,ILE,2.016356442544152,-1.0376282377680457
2ixt,271,SER,-2.864792030194497,-0.06546784258933465
2ixt,281,GLU,2.355721048307961,-0.6198805314533604
2ixt,282,ARG,1.7030686013359593,-0.4051333155417402
2ixt,283,ALA,2.3303293425502467,-0.6849519269062181
2ixt,284,LYS,2.06049767004199,-0.7629860589328419
2ixt,285,SER,3.2480293672460685,-0.6412813624952047
2ixt,286,VAL,-1.216129667882313,-0.23096364694657814
2ixt,291,GLY,-1.7879025787403346,-0.018635768936586933
2ixt,292,TYR,-1.3478601196801172,-0.12207789012589132
2ixt,293,GLY,3.534991707115321,-0.4902553159918559
2ixt,294,ALA,-2.0121532225430365,-0.010621007186522192
2ixt,295,ALA,-3.5423864473127686,0.2527364014836732
2ixt,296,ILE,-1.5014869736798688,0.4205947931601902
2ixt,297,GLY,0.10442612245150193,0.09816592278625048
2ixt,298,ASP,-1.4352867797045405,0.45121729618035267
2ixt,299,ASP,-3.105350193672435,-0.4932850010641605
2ixt,300,TYR,2.9330218254404468,-0.955053092466016
2ixt,301,ALA,2.249682405117968,-0.9463503117218555
2ixt,302,SER,2.217174286587396,-0.9677617878690022
2ixt,303,GLY,-0.17566472055563226,-0.48762399207235274
2ixt,304,PHE,2.690122050500153,-0.7193172828469838
2ixt,305,GLY,-1.1818967284140773,-0.7462424936994995
2ixt,306,PHE,-2.155184465835407,-0.9802653585086961
2ov0,2,LYS,2.345186569585747,0.3131219582891791
2ov0,3,ALA,-3.3371301760394902,1.3622153024525172
2ov0,4,THR,-3.323909244539023,0.19909518325215803
2ov0,5,ILE,-1.4195986528796902,-0.02498768383506311
2ov0,6,PRO,2.746585688132829,-0.1093942920559851
2ov0,7,SER,-2.3465941283792593,-0.18805251215452398
2ov0,8,GLU,2.617453186626903,0.20685530420452994
2ov0,9,SER,-1.863814611252045,0.2899216971535773
2ov0,10,PRO,-2.647775512985004,-0.2366405364096474
2ov0,11,PHE,-3.103527190249235,0.28006587885759954
2ov0,12,ALA,-2.071753950692875,0.08197951541387535
2ov0,13,ALA,2.559562651809488,-0.19857515589067404
2ov0,14,ALA,3.0336409844834726,-0.15666885194152905
2ov0,15,GLU,1.4547467559097018,-0.04591301767996483
2ov0,16,VAL,-1.5866590254923776,0.7415310119056255
2ov0,17,ALA,-1.7005141341174719,1.3611207993706518
2ov0,18,ASP,-2.104687203735004,2.7184007188747827
2ov0,19,GLY,4.130491331868102,1.08651311815847
2ov0,20,ALA,-2.4520347976744055,0.6671906783424121
2ov0,21,ILE,-1.7748013974319974,-0.6296398049309201
2ov0,22,VAL,-2.4757803497485837,-0.6603614688806475
2ov0,23,VAL,-2.620433315703365,-0.4344340194055141
2ov0,24,ASP,-2.851973747451704,-0.11487299081507386
2ov0,25,ILE,-2.825134163151671,-0.3427044158573374
2ov0,26,ALA,-3.5614263481049035,-0.348005336554052
2ov0,27,LYS,2.191942134944285,-0.04086395753502869
2ov0,28,MET,2.0646461121719444,0.19258419462968648
2ov0,29,LYS,-3.323276992976173,0.12347544979662362
2ov0,30,TYR,-1.833655323304462,-0.3613105495977937
2ov0,31,GLU,2.8312129797932695,-0.48206802185457354
2ov0,32,THR,-0.5491674811586232,0.011016473247120111
2ov0,33,PRO,3.40586684105829,-0.14365234506662083
2ov0,34,GLU,-1.6708086151211556,0.8612223817366955
2ov0,35,LEU,-2.1298134966832762,0.8490338593632667
2ov0,36,HIS,-2.1800039439092718,0.46025851937463674
2ov0,37,VAL,-3.6655821284296435,0.5092500092112788
2ov0,38,LYS,-3.19036288770892,0.37019840465178533
2ov0,39,VAL,-1.224750393650032,0.5528724758366427
2ov0,40,GLY,3.272987453116003,0.9080131305603929
2ov0,41,ASP,-2.1742741593784993,0.7390651111209994
2ov0,42,THR,-2.188253347652508,-0.00024043395935863699
2ov0,43,VAL,-3.0568451186038716,-0.5328104949466681
2ov0,44,THR,-2.665921795008308,-0.7007812960260854
2ov0,45,TRP,-2.90332609701734,-0.8962275148935133
2ov0,46,ILE,-2.5975853565519893,-0.7631718955425576
2ov0,47,ASN,-1.6965150034051835,-0.24895375754252594
2ov0,48,ARG,1.3810186171422376,0.8917706832220864
2ov0,49,GLU,-2.8705602611898082,1.0257679677706333
2ov0,50,ALA,2.750038501997739,1.424633515519412
2ov0,51,MET,-0.39574861919355964,1.8722446298383346
2ov0,52,PRO,-2.0808963086884233,0.1370666157099496
2ov0,53,HIS,-3.509594730439931,-0.4755803004595436
2ov0,54,ASN,-2.5776813722506207,-0.637811798975019
2ov0,55,VAL,-3.1887688443667144,-0.250393579091375
2ov0,56,HIS,-3.019170854538933,-0.6344412574599438
2ov0,57,PHE,-2.474180701091004,-0.22764888723765153
2ov0,58,VAL,-2.7230284469350883,-0.5121238394610432
2ov0,59,ALA,-1.8708353768040058,0.010766975360458942
2ov0,60,GLY,3.7710691857370873,1.1894318925833487
2ov0,61,VAL,1.8303213018220106,-0.059824391276744104
2ov0,62,LEU,1.8551576802958438,0.7064282343754741
2ov0,63,GLY,-1.23369283255272,0.799323955227091
2ov0,64,GLU,2.30588639793845,-0.2671328418034084
2ov0,65,ALA,-1.974792649361216,0.28945159736047454
2ov0,66,ALA,-2.4007970800671123,0.18555355426081102
2ov0,67,LEU,-1.82454809118296,2.0790007019836305
2ov0,68,LYS,-1.700768441385378,2.0075894089750013
2ov0,69,GLY,-2.101315925783847,0.8050297881346532
2ov0,70,PRO,-2.04249430240741,0.25600737379856947
2ov0,71,MET,-1.4597543812354303,0.6248190379474902
2ov0,72,MET,-2.1436391548739384,0.5038566639648829
2ov0,73,LYS,-2.295530041195849,-0.10228528618995456
2ov0,74,LYS,-1.6094628621152205,0.40936823950692824
2ov0,75,GLU,2.094914265805655,-0.22601926812789155
2ov0,76,GLN,-3.0301875441264934,0.1772678049326912
2ov0,77,ALA,-3.6248834773714975,-0.3182942821555926
2ov0,78,TYR,-3.0561852842659736,-0.6897858081877466
2ov0,79,SER,-2.9660671181030174,-0.5642177961502786
2ov0,80,LEU,-3.196841679785857,-0.6043066990817678
2ov0,81,THR,-2.074623659397029,-0.2402420235071531
2ov0,82,PHE,-2.120675119050742,-0.08963992155145262
2ov0,83,THR,2.0634408096501526,-0.6135547365585299
2ov0,84,GLU,-2.50905607192128,0.05743036826120404
2ov0,85,ALA,-2.608736202475036,-0.19203614238286576
2ov0,86,GLY,-1.6509868126719944,0.09415812872689526
2ov0,87,THR,-2.512067204567265,0.9740540816821195
2ov0,88,TYR,-1.8167993298575362,-0.3864130017934057
2ov0,89,ASP,-2.5930451466913405,-0.369619282124345
2ov0,90,TYR,-3.8098720845432856,-0.573325173691901
2ov0,91,HIS,-3.855081581614506,-0.47150171613653735
2ov0,92,CYS,-2.4651354771105307,-0.46983598953436184
2ov0,93,THR,2.9515263611845626,-0.14191889878491962
2ov0,94,PRO,3.216902170366991,0.3019174327547775
2ov0,95,HIS,-0.299680013194693,-0.050872934835241086
2ov0,96,PRO,3.1786659744206323,-0.2821617221645079
2ov0,97,PHE,3.458628274178473,-0.24823954763941897
2ov0,98,MET,-1.8825543900614419,0.12462957413648082
2ov0,99,ARG,-3.072379140187791,0.10781537355506196
2ov0,100,GLY,-3.4656940204522786,0.10612749230651922
2ov0,101,LYS,-3.6709359420164835,-0.288736764653628
2ov0,102,VAL,-2.9096024954817583,-0.6481880966437644
2ov0,103,VAL,-2.5950135801155336,-0.2871632014443492
2ov0,104,VAL,-2.3062367809643023,0.1022330790619848
2pve,2,LYS,-3.160738444687163,1.003116138417831
2pve,3,LYS,-2.53897139650407,0.8508847596965625
2pve,4,TYR,-3.239641790501122,0.9609326802282586
2pve,5,THR,-3.0462037477464436,0.7960459428030625
2pve,6,CYS,-1.70217183830796,0.48290194968349726
2pve,7,LYS,3.0519097399800184,0.4650580068864847
2pve,8,ILE,1.9369330818946362,-0.5001685666861455
2pve,9,CYS,3.1796370856340443,-0.7372396328506124
2pve,10,GLY,3.442358343969091,-0.49200601314974557
2pve,11,TYR,-2.1419987785543206,0.2110792197300542
2pve,12,ILE,-2.329210597263604,0.13695504486021773
2pve,13,TYR,-1.9163209701189121,0.10667109520961371
2pve,14,ASN,-1.7376566121003567,0.11262663715795257
2pve,15,PRO,3.30205523062351,0.28551458057706763
2pve,16,GLU,3.062697237309776,0.6268827941012087
2pve,17,ASP,2.529839987641981,0.6035041598160292
2pve,18,GLY,-0.9396644067743342,0.023500753955165345
2pve,19,ASP,-0.9139834921620044,0.07211792243408814
2pve,20,PRO,2.3709094073858696,0.369314142056404
2pve,21,ASP,2.6773306951951765,0.6211828784685586
2pve,22,ASN,0.9254892400733924,-0.1431543457178612
2pve,23,GLY,3.065130968454616,0.6880080140556426
2pve,24,VAL,-1.8747337968900921,0.18370105538275544
2pve,25,ASN,-2.3818168459035207,-0.15427141564979271
2pve,26,PRO,-1.6897876031312542,0.7410228090273322
2pve,27,GLY,2.962908253067268,0.9061662878344272
2pve,28,THR,-1.922497561391736,0.17010734392548355
2pve,29,ASP,-2.014840585350085,-0.023172449402227138
2pve,30,PHE,2.1907285950519078,-0.5540982885102141
2pve,31,LYS,2.6301522174162404,-0.10178327781477993
2pve,32,ASP,2.657771163216417,0.10975856114583937
2pve,33,ILE,-1.1279715982331757,-0.023906356298806403
2pve,34,PRO,-1.9424622980074038,-0.20903641112007262
2pve,35,ASP,3.1871986206558702,-0.6087224091720381
2pve,36,ASP,3.0238797149612346,0.1978865716304401
2pve,37,TRP,-2.316764572468588,0.6665793415542237
2pve,38,VAL,-3.646942759362647,0.19002791547701114
2pve,39,CYS,-1.4165540928836342,0.08973271836502258
2pve,40,PRO,3.1903694633447413,0.41750164601486683
2pve,41,ILE,1.9704644338311008,0.23191446050770914
2pve,42,CYS,3.110952126760854,0.45202701457475086
2pve,43,GLY,2.51399963644963,-0.043598503505905994
2pve,44,ALA,-2.0110839286619586,0.5546256946466177
2pve,45,PRO,-2.407953865375429,0.7117621180168762
2pve,46,LYS,2.2712560331011917,-0.2180768960001732
2pve,47,SER,2.644525209401809,0.9603237000935977
2pve,48,GLU,1.9249376021841957,1.7875622872190657
2qxw,1,ALA,-2.3462397987006867,4.1437963695599365
2qxw,2,SER,3.3983747684020265,1.0075069280763365
2qxw,3,ARG,-3.069377807173364,1.0908863316258373
2qxw,4,ILE,-3.198624434723501,0.6360059623949856
2qxw,5,LEU,-1.766851107752834,1.241997238503649
2qxw,6,LEU,-3.3458956098890607,0.09555704256535096
2qxw,7,ASN,2.5504642293038335,0.07536873825529262
2qxw,8,ASN,2.195603098264405,0.537556380237168
2qxw,9,GLY,4.09343526497387,1.040984696709046
2qxw,10,ALA,-3.4364485564477465,0.41017235757470016
2qxw,11,LYS,-2.4665041034204136,0.6227436061757262
2qxw,12,MET,-1.9266180222766884,0.127905454462782
2qxw,13,PRO,-1.5267302807474994,-0.269895425186396
2qxw,17,LEU,-2.245375433283781,-0.8447452130448784
2qxw,18,GLY,-2.298629159876307,-0.92258260205018
2qxw,19,THR,1.019369114694493,-1.4609438633263816
2qxw,20,TRP,-1.4359675003751018,-0.7172374456734596
2qxw,21,LYS,3.142226850950653,-0.8201295618253543
2qxw,22,SER,-1.5895173326870087,-0.20515248556903593
2qxw,26,GLN,2.192219041194706,0.21117410416305368
2qxw,27,VAL,2.5525002494912363,-0.5045706534571085
2qxw,28,THR,1.5974266282865792,-0.828800734578913
2qxw,29,GLU,2.6409287555452545,-0.11543158478519455
2qxw,30,ALA,2.1808951150209746,-0.34615691329125775
2qxw,31,VAL,2.0557978677011777,-0.9252627796108545
2qxw,32,LYS,2.103487207277914,-0.9969929058902526
2qxw,33,VAL,1.63776294944272,-0.9532108786114539
2qxw,34,ALA,1.8898676925642213,-0.6631593652346133
2qxw,35,ILE,2.143099948616721,-1.161729966208269
2qxw,36,ASP,2.9304179796430465,-0.4374682838927314
2qxw,37,VAL,1.8608342131446292,-0.4606119617765627
2qxw,38,GLY,3.7768135169713224,-0.03802248036065518
2qxw,39,TYR,-2.621381527741051,-0.4948058346758399
2qxw,42,ILE,-2.989947611663943,-0.9289254995689536
2qxw,43,ASP,-2.3489892138760737,-1.060606079018187
2qxw,44,CYS,-3.7778642251760703,-0.942996392407295
2qxw,45,ALA,-3.5107830968585576,-1.114775761861042
2qxw,46,HIS,2.129076715155751,-1.3493371118249557
2qxw,47,VAL,2.492682490411635,-1.438593659672236
2qxw,48,TYR,2.6068366544754054,-1.2092843805021323
2qxw,49,GLN,2.3305888797684844,0.08683987249556588
2qxw,50,ASN,1.2062347396559172,-0.25609159902610334
2qxw,51,GLU,2.6315713069402715,-1.0812168238631086
2qxw,52,ASN,2.223449718601451,-0.8419217088060617
2qxw,53,GLU,2.106091415929735,-0.9878589926887817
2qxw,54,VAL,1.654712343703657,-0.993128896285801
2qxw,55,GLY,2.31150478791722,-1.0336372917975913
2qxw,56,VAL,1.9907143074603515,-0.9290617337659159
2qxw,57,ALA,1.9969467272169366,-0.9748874928121485
2qxw,58,ILE,1.4307721383430825,-0.8623857336903228
2qxw,59,GLN,2.2977920814526476,-0.2812743261957984
2qxw,60,GLU,2.235667583646741,0.16422448308800777
2qxw,61,LYS,2.459643720065549,-0.7183828257388433
2qxw,62,LEU,2.3269412252079715,0.08302782098147275
2qxw,63,ARG,2.4090266860615626,1.1039250585093925
2qxw,64,GLU,2.884924825922405,0.3179645615976939
2qxw,65,GLN,1.754987856108196,0.2416819334809699
2qxw,66,VAL,2.1239686266091864,-0.29239709119072294
2qxw,67,VAL,-3.000331157939043,1.2052763241576816
2qxw,68,LYS,-2.9947570236149295,0.8106271414180847
2qxw,69,ARG,2.652856037606158,-0.7797281918716147
2qxw,70,GLU,2.6520238055684735,0.18009385478258919
2qxw,71,GLU,2.4885497101196594,0.42239934976857707
2qxw,72,LEU,-3.211401509459291,-0.6046115108529201
2qxw,76,SER,-2.4329637758718596,-1.3705684957740478
2qxw,77,LYS,-3.5181146993156127,-1.0538429042811819
2qxw,78,LEU,-2.0672263131870414,-0.7113898512890852
2qxw,79,TRP,-3.0075589411858985,-0.8063899089552526
2qxw,80,CYS,2.5184394031117114,-0.5952704443323198
2qxw,81,THR,1.6798048174660376,-0.7120868492183462
2qxw,82,TYR,0.9298192075166329,-0.9218345248920019
2qxw,86,GLY,2.7293682008838434,0.8560576636285289
2qxw,87,LEU,2.3435751696381866,-0.46722965634195873
2qxw,91,ALA,1.7220947787160814,-0.8936725299474984
2qxw,92,CYS,1.7218514230164628,-1.041714362625932
2qxw,93,GLN,2.4010165334505995,-0.72239828441284
2qxw,94,LYS,1.5865393244605794,-0.9788585623776229
2qxw,95,THR,2.1080765653862787,-1.2998328569123925
2qxw,96,LEU,1.9313901367275617,-0.47830530044340025
2qxw,97,SER,2.0165753782052067,-0.23322148841920343
2qxw,104,LEU,-2.877945829354264,-0.854081982003742
2qxw,105,ASP,2.677985830962637,-1.067086873825708
2qxw,106,LEU,-3.562981583589022,-1.0057621367552414
2qxw,107,TYR,-2.8595876560499693,-1.0880903656332659
2qxw,108,LEU,-2.978789333469923,-0.8421886630079198
2qxw,109,ILE,-1.4419446903039383,-0.939480376058265
2qxw,110,HIS,2.107755879227227,-1.1081911183052702
2qxw,114,GLY,-2.345973431370381,0.23903733282520412
2qxw,119,LYS,2.894157368906753,0.626378047272451
2qxw,120,GLU,-2.2553813021284577,-0.2442210956402149
2qxw,121,PHE,2.712783654341416,-0.8585157550907551
2qxw,122,PHE,-0.7589939196887413,-0.6077489680576856
2qxw,123,PRO,-1.9422387667957655,0.0907213289785318
2qxw,124,LEU,-3.0549820834017716,0.9315269770623766
2qxw,125,ASP,-2.651050915179827,0.8510881803058152
2qxw,126,GLU,3.6382714505977627,2.3188735770234095
2qxw,127,SER,2.183360064844024,1.424395786850229
2qxw,128,GLY,3.1272815735876502,0.5944408251515929
2qxw,129,ASN,-1.8711588199475724,0.6751804973725243
2qxw,130,VAL,-2.569780167501292,-0.08029930927096383
2qxw,131,VAL,-1.6861669663245755,-0.1862266773122906
2qxw,141,TRP,2.1628966085090435,-0.42248004276534884
2qxw,142,ALA,2.481215739585867,-0.46413760294108203
2qxw,143,ALA,2.171290193051551,-0.3811612460928342
2qxw,144,MET,1.7738321223459224,-0.9444243718970642
2qxw,145,GLU,2.115515283908492,-0.9182323609637877
2qxw,146,GLU,2.484310243839961,-0.7870642187980585
2qxw,147,LEU,2.1791196731330986,-0.7977373914892318
2qxw,148,VAL,1.4945640178180235,-0.6112792431773922
2qxw,149,ASP,3.0735768399876626,0.38304702658291623
2qxw,150,GLU,2.7645472865238,0.5583335738037215
2qxw,151,GLY,3.10659831355245,0.6848478698277601
2qxw,155,ALA,-3.8782741669537675,0.35264716796556606
2qxw,156,ILE,-3.4680723035077734,-0.5442991239494827
2qxw,157,GLY,-2.408494855164797,-0.6568319118459183
2qxw,158,ILE,-3.9406431843948426,-0.6704715292527944
2qxw,159,SER,-3.3153819039642003,-0.8254175502948111
2qxw,160,ASN,1.893014779229964,-1.230729258142601
2qxw,161,PHE,-2.6606406662681508,-0.743889569971689
2qxw,166,VAL,1.9796782872358807,0.11605108673752175
2qxw,172,LYS,-1.5943807990737917,1.1769447018695616
2qxw,173,PRO,-1.0252952003314415,1.679040791305645
2qxw,174,GLY,3.1248291581916288,0.4445893011943415
2qxw,175,LEU,-2.0309958520922953,0.09252324032387728
2qxw,176,LYS,1.1329898885423013,-0.9664201033327338
2qxw,177,TYR,-2.3472059507628034,-0.29514474571344534
2qxw,178,LYS,-2.469133225436448,0.04901310862387125
2qxw,179,PRO,-2.2193187013675333,-0.08852593777501705
2qxw,180,ALA,2.6366751868923273,-0.514805761739654
2qxw,181,VAL,-3.8537573291986345,-0.16835046267777334
2qxw,182,ASN,-2.4633309563930297,-0.6489979153023143
2qxw,183,GLN,-2.0000004408972316,-0.8918345343416617
2qxw,184,ILE,-3.8328826352273477,-0.5862278823078324
2qxw,185,GLU,-1.834351995036054,-0.4623818183275547
2qxw,186,CYS,-2.8128093549738296,-0.5395206279448383
2qxw,187,HIS,-3.8207419644775302,-0.4835640609415564
2qxw,188,PRO,3.839093249445919,-0.8741330906657333
2qxw,189,TYR,3.081048803757911,-0.5411156257429492
2qxw,190,LEU,-1.7662495332809467,-0.30008012703022713
2qxw,191,THR,2.3010082668832115,-0.4420922248715455
2qxw,192,GLN,1.599688720610163,-0.3279213609793797
2qxw,193,GLU,2.980460610619053,0.5445829849194048
2qxw,194,LYS,2.2365048097204223,1.357973795648421
2qxw,195,LEU,1.9554447390160064,-0.3693796075803749
2qxw,199,CYS,2.3549467698004505,-0.2891801218233028
2qxw,200,GLN,2.3226058398912173,0.6647447047908001
2qxw,204,ILE,-1.9720541229841475,1.0248371842959187
2qxw,205,VAL,-2.3259584963096867,0.36751651100624294
2qxw,206,VAL,-2.7238511389409994,-0.863667653297214
2qxw,207,THR,-2.757949705057194,-0.8736954547186823
2qxw,208,ALA,-2.2105913897580134,-0.8219062355978095
2qxw,209,TYR,-3.2782208836768056,-0.9332350311793123
2qxw,210,SER,1.6568151144301884,-0.7961558221974656
2qxw,211,PRO,2.946980398111185,-1.217665694452085
2qxw,212,LEU,1.8117691812341024,-0.45666788484972115
2qxw,213,GLY,2.0674408560716646,0.15526421349337022
2qxw,214,SER,1.0851376909825414,0.22453614069301422
2qxw,215,PRO,3.473957941726457,1.2035358883243914
2qxw,219,TRP,1.8487039009313488,1.363901700806143
2qxw,220,ALA,-1.7126125970218045,2.2381575021595608
2qxw,221,LYS,-2.1712963453912613,5.9933875042370595
2qxw,222,PRO,4.764660670542313,12.307733710820052
2qxw,223,GLU,4.693675049164544,13.374368760396738
2qxw,224,ASP,0.5858139891668283,7.041388234632073
2qxw,225,PRO,-1.147472282118824,4.000296814299792
2qxw,226,SER,-1.6274389851370077,1.6794973094173806
2qxw,227,LEU,1.7245382174683435,0.5234116630216665
2qxw,228,LEU,2.6483045128711695,0.9500478945728553
2qxw,229,GLU,2.002183549384622,1.490834615906495
2qxw,233,ILE,1.7813017505657587,0.23096977008685973
2qxw,234,LYS,2.514217495141756,0.8009034252697784
2qxw,235,ALA,2.6324024935072834,0.5891365496841741
2qxw,236,ILE,1.7785827814162607,0.16164948035635965
2qxw,237,ALA,2.209172304738012,0.13944912179267646
2qxw,238,ALA,2.2612421553106152,1.5535498193700377
2qxw,239,LYS,2.2264004191500386,0.8319774766285054
2qxw,240,HIS,2.3794519642674565,0.6467489099187667
2qxw,241,ASN,1.8261346948623915,1.6194697570496428
2qxw,242,LYS,-3.5216181887430853,1.3048372278920137
2qxw,243,THR,-2.4583997290898014,1.0120334621054987
2qxw,244,THR,1.971068377511563,-0.22208448694737748
2qxw,245,ALA,2.484982045465912,-0.3590013819237035
2qxw,246,GLN,2.2510047295424993,-0.5964565543227192
2qxw,247,VAL,1.894524436665105,-0.7195018436255407
2qxw,248,LEU,2.5998822310551266,-0.7823619054480399
2qxw,249,ILE,1.7538199817226545,-0.5640538141368041
2qxw,250,ARG,2.4324136007695074,-1.1422831709139347
2qxw,251,PHE,1.9124458961932862,-1.3311695648059627
2qxw,252,PRO,2.652742519638887,-0.9439451863953066
2qxw,253,MET,2.192145765417012,-0.5767433089860904
2qxw,254,GLN,3.0532120649725734,0.09451449197486822
2qxw,255,ARG,1.917899962652183,0.46538644434945153
2qxw,256,ASN,1.9153932034056744,0.4551485481316337
2qxw,257,LEU,-3.3998526346572966,-0.13780956266166736
2qxw,258,VAL,-2.6233229886276477,-0.1732078578150949
2qxw,259,VAL,-3.071294477322073,-0.7838698355329401
2qxw,260,ILE,-0.31179137983951954,-1.359453316333301
2qxw,261,PRO,-2.062656057289192,-0.9059589359990291
2qxw,262,LYS,-2.908508197081582,-0.9306917597870518
2qxw,263,SER,-4.0169320721491975,-0.8011950694656649
2qxw,264,VAL,0.9214059766371563,-0.35509052464626073
2qxw,265,THR,-1.768427706078028,-0.0901943821447632
2qxw,266,PRO,2.9518260720081457,-0.1779566203590125
2qxw,267,GLU,2.1828094012940955,-0.20000722779132785
2qxw,268,ARG,2.1655899254503956,-0.5786040918129438
2qxw,274,LYS,-0.38674394800192835,0.5063494540442037
2qxw,280,LEU,-2.5674233519770815,0.23140490818071005
2qxw,281,SER,-2.693317963508694,-0.11406807720544973
2qxw,282,SER,2.30726431873822,-0.426761971251242
2qxw,283,GLN,1.9094256289827456,-0.5168848028479033
2qxw,284,ASP,2.3590360168188895,-0.3609137153725106
2qxw,285,MET,1.6691219379948568,-0.9433637818370674
2qxw,286,THR,1.9062150041948558,-1.1132994535487184
2qxw,287,THR,1.8488424273046886,-0.6780889817187697
2qxw,288,LEU,2.308454271711048,-0.7763848030346957
2qxw,289,LEU,2.321824980071311,-0.3609009079953537
2qxw,290,SER,3.043293999509552,0.07891244074279088
2qxw,291,TYR,2.862222022189271,-0.20654098883423042
2qxw,292,ASN,-2.0812574992609085,0.010063468071317205
2qxw,293,ARG,1.1299489770199032,1.004011899015755
2qxw,294,ASN,2.0695237605559513,2.145415123954651
2qxw,300,LEU,-2.1146692638953675,-0.2268097005526663
2qxw,301,LEU,2.3052474954140365,-0.24188597826945551
2qxw,302,SER,2.694141769118489,-0.25314069759488367
2qxw,308,ASP,2.0281219788973273,-0.18372211728524818
2qxw,309,TYR,-1.348668288453703,0.035472780690606213
2vb1,2,VAL,-2.5120510954113167,-1.4551666039693525
2vb1,3,PHE,-3.267338930000527,-1.4019424199504373
2vb1,7,GLU,1.6677620927546932,-1.8162509492646761
2vb1,8,LEU,2.043616216139175,-1.7276535286976993
2vb1,9,ALA,1.8504232186573593,-1.4704515203797837
2vb1,10,ALA,2.303209852957272,-1.4543091857502255
2vb1,11,ALA,1.7613945373720112,-1.4742789052025063
2vb1,12,MET,2.156575801395834,-1.421987711270795
2vb1,13,LYS,1.9238351933923608,-1.1505480387596692
2vb1,14,ARG,2.5627761548467425,-0.818575406969128
2vb1,15,HIS,2.0465310015231433,-0.4137490702296081
2vb1,27,ASN,2.316195269249626,-1.6769320892331734
2vb1,28,TRP,1.734064487472407,-2.1430737627514196
2vb1,29,VAL,1.5815888311100403,-2.3744686882812673
2vb1,30,CYS,1.9644871629611504,-1.982897483903433
2vb1,31,ALA,1.986351172358965,-2.02100150313255
2vb1,32,ALA,2.259277862415672,-1.8999509013296243
2vb1,33,LYS,1.6039051507309818,-1.8280601465503947
2vb1,34,PHE,2.2769447880961664,-1.790601851439216
2vb1,35,GLU,1.8857682835614968,-1.8765993915367623
2vb1,45,ARG,-1.7937115388077298,-0.8973311597232251
2vb1,46,ASN,-2.9882336409657806,-0.7449734523885336
2vb1,47,THR,3.0150465264136,-1.0903937635872412
2vb1,48,ASP,2.0778673654562496,-0.6164821519212038
2vb1,49,GLY,3.213444761287214,-0.4967433256956303
2vb1,50,SER,-3.4302245709204673,-1.3893072633979557
2vb1,51,THR,-3.8441426255061915,-1.730903056926133
2vb1,52,ASP,-2.6745874631887077,-1.6098453216719861
2vb1,53,TYR,-2.7923379705122526,-1.6916907139989719
2vb1,57,GLN,1.2058755847328761,-1.3510394291761905
2vb1,58,ILE,-2.4241285881193293,-1.3600806957961291
2vb1,59,ASN,-2.5791905607263668,-1.4080598621457079
2vb1,64,CYS,-3.4022006323243446,-0.9930623284230887
2vb1,65,ASN,-1.9223004057802318,-1.501628744625332
2vb1,66,ASP,1.2927475820514782,-1.5808419932245394
2vb1,70,PRO,-1.8699057337644538,-0.5833922086346257
2vb1,71,GLY,2.812429532804854,-0.5259694692100086
2vb1,72,SER,-1.9968471442978528,-1.0426160637197883
2vb1,73,ARG,1.7121485111472432,-2.150681906472268
2vb1,74,ASN,0.6753641501996789,-1.5029827695582265
2vb1,75,LEU,2.9004457377285213,-1.9372072411657193
2vb1,76,CYS,2.9826814739304166,-1.7498257122213556
2vb1,81,SER,2.424592552910021,-2.109496416327329
2vb1,82,ALA,2.178532672842266,-1.9312550417571686
2vb1,83,LEU,2.462631328506802,-2.070301875911545
2vb1,84,LEU,0.9138243731923437,-1.5716165393539496
2vb1,85,SER,-1.983813645514342,-0.8264451489578721
2vb1,92,VAL,1.8735056549128268,-2.0380117893811214
2vb1,93,ASN,2.242334515897108,-1.8616494637182444
2vb1,94,CYS,2.1849840199447796,-1.8593729861983506
2vb1,95,ALA,2.12887413202479,-1.9229246410447283
2vb1,96,LYS,2.1531798188343316,-1.5598232705341337
2vb1,116,LYS,-1.561731657515384,-0.5064369552895353
2vb1,117,GLY,3.056735323458563,-0.05049249950122926
2vb1,118,THR,-2.7784828987555086,-0.5568059492458646
2vb1,119,ASP,-0.204689037179481,-0.36655474908578367
2vb1,120,VAL,2.703726633253594,-0.569010982429148
2vb1,121,GLN,2.2462608726276163,-1.3548496232373743
2vb1,125,ARG,-1.4510981909308023,0.39594726466962776
2vb1,126,GLY,4.132773071834045,1.5874096905720039
2vb1,127,CYS,-2.6577738227604253,0.590119844758338
2vb1,128,ARG,-1.6070258299969795,1.5592501223477293
2wfi,8,PRO,-2.915077827695612,0.6915390210449478
2wfi,9,ARG,-2.604796962402435,0.41629191371849916
2wfi,10,CYS,-2.987331611851125,0.7808879161469254
2wfi,11,PHE,-3.523183219010796,0.22133425099440274
2wfi,12,PHE,-2.853959643137585,-0.14989624909655014
2wfi,13,ASP,-1.983762156724207,0.5649821227144386
2wfi,14,ILE,-2.8592719555350445,0.09141645287129722
2wfi,15,ALA,-3.0495843677970393,0.539472969452681
2wfi,16,ILE,-2.244744384371305,0.2997053626716312
2wfi,17,ASN,1.5002636519047798,-0.09084413225216748
2wfi,18,ASN,2.528532366007955,0.9026908683785444
2wfi,19,GLN,-1.5329768342389496,0.7998037900848691
2wfi,20,PRO,-1.4924407902396866,0.9901313206725801
2wfi,21,ALA,2.381587503043226,0.7502708532709199
2wfi,22,GLY,-2.633695494597161,1.3108650560247852
2wfi,23,ARG,-2.3706239423879647,0.8633186755842608
2wfi,24,VAL,-2.66488907634995,0.07813243510065952
2wfi,25,VAL,-2.9526398860619083,0.05395979991468299
2wfi,26,PHE,-3.069807600374794,0.15384772850211098
2wfi,27,GLU,-2.4322303928246245,-0.017063644069189966
2wfi,28,LEU,-2.2946712675437877,-0.2284089906088545
2wfi,29,PHE,-0.3104569855312951,-0.6041969544076459
2wfi,30,SER,2.654856466684938,-0.3161272100405754
2wfi,31,ASP,3.3940349122292344,1.644426986028684
2wfi,32,VAL,1.896407137579543,0.7354535541202006
2wfi,36,THR,1.6545971883264403,-1.1048570875467267
2wfi,37,CYS,2.338989964650352,-0.7941870988740795
2wfi,38,GLU,2.1271426102379207,-1.0100654884891451
2wfi,39,ASN,1.939369967904967,-0.9954738523696023
2wfi,40,PHE,1.9026729468218921,-1.247798394090977
2wfi,41,ARG,1.827729569868804,-1.0821426507284522
2wfi,42,CYS,2.6962235327673776,-0.7261875525458005
2wfi,43,LEU,2.476078252204912,-0.5170277066909325
2wfi,44,CYS,2.5022270606626495,-0.2492101222742857
2wfi,45,THR,2.686456367925971,-0.3409178408528787
2wfi,46,GLY,2.4672054888003636,0.2948058636645547
2wfi,47,GLU,3.575145480864852,0.4595774505897493
2wfi,48,LYS,2.0125539906348715,0.3502242217563411
2wfi,49,GLY,0.3905304743324389,1.3961292619464434
2wfi,50,THR,-2.1005752890792824,1.7958945070746573
2wfi,51,GLY,-1.8309491993006801,1.671697112014138
2wfi,52,LYS,2.6251469805618624,2.046108901990151
2wfi,53,SER,2.5651540468426566,2.0476398452085007
2wfi,54,THR,3.2949110585549723,1.0729611656824274
2wfi,55,GLN,1.586894092196178,3.5103739422758298
2wfi,56,LYS,-2.1275749206473975,2.9622063870007183
2wfi,57,PRO,-1.9979520408188272,1.441099316824385
2wfi,58,LEU,-0.42403996264241034,0.28861173869023204
2wfi,59,HIS,-3.076683426454137,0.1239165841836712
2wfi,60,TYR,2.446184669602246,-0.34990307576766877
2wfi,61,LYS,-1.207790438629496,0.9934890685078421
2wfi,62,SER,2.627462137596786,1.1757462972879307
2wfi,63,OCS,-2.5075344401665673,1.4146726252778812
2wfi,64,LEU,-2.853703326468517,1.8775891553224973
2wfi,65,PHE,-1.4891919147352741,0.08732743217247188
2wfi,66,HIS,2.711583888079853,0.1818196519270364
2wfi,67,ARG,-2.4134062856166065,0.6665911496779622
2wfi,68,VAL,-2.872420661509333,0.06885211161713235
2wfi,69,VAL,-2.0751906652723675,0.34518690404567487
2wfi,70,LYS,-1.5914842666703157,1.3675557693367193
2wfi,74,VAL,-2.9779595368432137,-0.009695738485861515
2wfi,75,GLN,-2.9059185642022944,0.36698232240106116
2wfi,76,GLY,-2.1882407755226363,-0.33372679399899746
2wfi,77,GLY,2.2191333053984468,0.36762527960669855
2wfi,78,ASP,-0.28891040309508714,1.5723098404083307
2wfi,79,PHE,2.951214611503735,3.7950376180723646
2wfi,80,SER,3.1649821834322864,3.966584841735776
2wfi,81,GLU,3.3991862944112836,6.437547999640893
2wfi,82,GLY,3.0178409791577936,6.678532549867338
2wfi,83,ASN,3.4158173559924316,4.623939839702815
2wfi,87,GLY,-1.921887386625993,2.794760410593907
2wfi,88,GLU,-3.485074805915005,0.8112771044909576
2wfi,89,SER,-2.849481966580098,-0.15461392831470622
2wfi,90,ILE,3.295060425359311,0.24293763467875792
2wfi,91,TYR,2.6603628271968027,0.2566900695385425
2wfi,92,GLY,-1.2516279922762068,0.8072705795612243
2wfi,93,GLY,0.4510992790417854,0.4161638563680999
2wfi,94,PHE,-3.137626073582736,0.1022597384536313
2wfi,95,PHE,-3.624963868072426,0.2855676920176359
2wfi,96,GLU,-2.416322565941985,0.3859460537220434
2wfi,97,ASP,-1.6619891712208805,0.41142597786016083
2wfi,98,GLU,1.7685477467403925,-0.09857528839920222
2wfi,99,SER,-3.0082534737332596,0.8570345024940856
2wfi,100,PHE,0.9401605879594946,0.3310753659035005
2wfi,101,ALA,2.581451660690956,0.737013359416663
2wfi,102,VAL,-1.514172190754798,0.46663038069754675
2wfi,103,LYS,-2.4575226023236176,0.38792058902496196
2wfi,104,HIS,-0.23108959847008936,0.7462098647413209
2wfi,105,ASN,1.5601690902189347,0.7403430443018563
2wfi,106,LYS,-3.268440163066989,1.2607227472125415
2wfi,107,GLU,-2.1412724486067054,0.9552288598650545
2wfi,108,PHE,1.8312791663879753,0.24096949376068183
2wfi,109,LEU,-2.7112702105255293,-0.008694417958243023
2wfi,110,LEU,-2.449500354295093,-0.2978672082496241
2wfi,111,SER,-3.5290762292798052,-0.3842718198355144
2wfi,112,MET,-1.807844324921318,-0.25473583112975234
2wfi,113,ALA,-2.6682461599830454,-0.1873366330049614
2wfi,117,LYS,-1.452579965260698,1.351470311924352
2wfi,118,ASP,1.873139933852297,0.5571073146179297
2wfi,119,THR,0.09034805247768696,-0.6060599017504832
2wfi,120,ASN,-1.589580610918598,0.18645821100550763
2wfi,121,GLY,-1.3829620619111067,-0.3684537377126424
2wfi,122,SER,2.52197982148715,-0.1828222836707604
2wfi,123,GLN,-2.2065922697535894,0.431713296467798
2wfi,124,PHE,-3.941190519150406,-0.1177663979632518
2wfi,125,PHE,-3.6133310338058497,-0.2686125935299492
2wfi,126,ILE,-2.8665896902084196,-0.6569863897594236
2wfi,127,THR,-2.558028959987656,-0.4315787085753544
2wfi,128,THR,2.4768648465689123,0.016029413058958667
2wfi,129,LYS,-3.3788921395956275,0.9180173147145023
2wfi,130,PRO,-2.0236107190353265,0.9022580675637784
2wfi,131,THR,-0.18649431054097826,0.41262053228247525
2wfi,132,PRO,2.7810844055016535,-0.058393431166315554
2wfi,133,HIS,2.7319828616877033,-0.012942972028373877
2wfi,134,LEU,2.5310549580372212,-0.34586560513220727
2wfi,135,ASP,-1.2929916128521475,0.284415892335897
2wfi,136,GLY,3.852265617152447,-0.15516775318974302
2wfi,137,HIS,2.0730290288349447,0.08368831790328399
2wfi,138,HIS,-2.5152164301800854,0.45557711922119426
2wfi,139,VAL,-2.0291048590713325,-0.5525784752677435
2wfi,140,VAL,-2.3082079285665467,-0.6404478099903771
2wfi,141,PHE,1.5761015165457137,-0.6788332174741298
2wfi,142,GLY,-2.3931148898212773,-0.4383165398873997
2wfi,143,GLN,-3.3052046816712166,0.04154074091056384
2wfi,144,VAL,-2.219389392649354,0.25922722877764315
2wfi,145,ILE,2.246934143044731,0.515201560230452
2wfi,146,SER,-3.627750631723139,0.8475660568481017
2wfi,147,GLY,1.8337577616165497,-0.05476744676371882
2wfi,148,GLN,2.4601291168709034,-0.16946197542131256
2wfi,149,GLU,2.360643046019583,-0.06975785224294857
2wfi,150,VAL,1.5690211416126911,-0.679141341417599
2wfi,151,VAL,2.0885704145376227,-0.8324192400364646
2wfi,152,ARG,2.2882392963090807,-0.3166809115122428
2wfi,153,GLU,2.5368692388336127,-0.2441297945244372
2wfi,154,ILE,1.8401987432659328,-0.4501821738956686
2wfi,155,GLU,2.435421888426412,-0.06849263698756666
2wfi,156,ASN,2.333931480493857,0.7916797445215403
2wfi,157,GLN,-2.1228406150338177,0.5206627099647916
2wfi,158,LYS,-2.1670482091760555,0.5237712555326692
2wfi,159,THR,-2.991741282685116,0.67566690594583
2wfi,160,ASP,-1.5990210777397174,0.30384815844691376
2wfi,161,ALA,3.3960988444621725,2.11959485041036
2wfi,162,ALA,2.0990637276841753,1.95146117303742
2wfi,163,SER,2.1735004750994773,0.6223286675999732
2wfi,164,LYS,-1.6649627167113255,0.347127445852456
2wfi,165,PRO,-1.9767573944861245,-0.0028912831578788408
2wfi,166,PHE,2.654182823924086,-0.2193138592149215
2wfi,167,ALA,-2.0301412451484233,1.5656416642193587
2wfi,168,GLU,-1.41121358572188,0.7232900434210285
2wfi,169,VAL,-1.8431163888942355,0.05560422944728601
2wfi,170,ARG,-2.903754482890706,0.4678130107609682
2wfi,171,ILE,-1.3263391377423002,0.4263569724013239
2wfi,172,LEU,1.908676085488867,0.907517475559802
2wfi,173,SER,-3.6412709028423715,0.9722219577504955
2wfi,174,CYS,-3.6819790623199484,0.47118473678393985
2wfi,175,GLY,-0.9958848387157,0.4669608454012056
2wfi,176,GLU,-2.8119242274017804,0.6614898417614655
2wfj,7,ARG,-1.7648841133379596,1.9473159359545194
2wfj,8,PRO,-2.775614011994982,1.4045738784663857
2wfj,9,ARG,-2.6254010926965607,0.9060660538879769
2wfj,10,CYS,-3.1643610268205453,0.7387584760920906
2wfj,11,PHE,-3.5781014434099925,0.2958411146970881
2wfj,12,PHE,-2.992387984636339,-0.09248063901201385
2wfj,13,ASP,-1.898198455608741,0.43419472434568895
2wfj,14,ILE,-2.6356540717272354,0.5703162431065996
2wfj,15,ALA,-3.257329493994552,0.4825341072314043
2wfj,16,ILE,-2.397579152756432,0.21168171650901585
2wfj,20,PRO,-1.7872243789645017,1.4491435233260366
2wfj,21,ALA,2.3090863256829524,1.2164053033645035
2wfj,22,GLY,-1.1124861593003907,1.253751393859584
2wfj,23,ARG,-2.3520672822109794,0.9927196078347574
2wfj,24,VAL,-2.732272239860733,0.3202950570506954
2wfj,25,VAL,-2.822117032616326,0.42932283422021944
2wfj,26,PHE,-3.264036848768616,0.44836585918872557
2wfj,27,GLU,-2.3787634345976505,0.2607088574318089
2wfj,28,LEU,-2.3525775574647656,0.09949591695568524
2wfj,29,PHE,-0.25172724951604397,-0.22859361808980455
2wfj,30,SER,2.777976054611453,0.3152584358858354
2wfj,31,ASP,3.056454954708399,1.3855609580780552
2wfj,35,LYS,1.9095918385280086,-0.5506339703486698
2wfj,36,THR,1.5286384132061124,-0.7560999288330625
2wfj,37,CYS,2.2160868914894527,-0.7275081527688125
2wfj,38,GLU,2.1815452273197,-1.0233918625429892
2wfj,39,ASN,1.8982307132185048,-0.5026278134810495
2wfj,40,PHE,1.924170460122528,-0.6866410653281337
2wfj,41,ARG,1.8435285138448847,-0.31575343717538906
2wfj,42,CYS,2.707712302435373,-0.4421855910491133
2wfj,43,LEU,2.3418740412358297,-0.9926986685868814
2wfj,44,CYS,2.565441797808448,-0.010953434129661715
2wfj,45,THR,2.7877464535738015,0.5789171032843627
2wfj,46,GLY,3.130689547857686,0.8282669944301044
2wfj,47,GLU,3.7782452137718745,0.21667377877361824
2wfj,48,LYS,3.038225570759662,1.2550625242130558
2wfj,54,THR,2.942304345522776,1.675770095593098
2wfj,58,LEU,-0.32827457952561706,0.34012938143899457
2wfj,59,HIS,-3.1896564276671593,0.4425444235181172
2wfj,65,PHE,-2.0971594789504078,-0.26086520849869393
2wfj,66,HIS,2.5665242399292905,-0.0498126654792926
2wfj,67,ARG,-2.4753763650688625,0.7549607146706437
2wfj,68,VAL,-2.7447700088855687,0.6880894165516718
2wfj,69,VAL,-2.1055942043112377,0.34310536489650423
2wfj,70,LYS,-1.866713093121971,0.7700100459325173
2wfj,71,ASP,2.353657607792936,0.7232579778592511
2wfj,72,PHE,0.7491609722097264,0.12855904763332027
2wfj,73,MET,-3.959357796401616,-0.13712793366283738
2wfj,74,VAL,-2.872716842272977,-0.07758504798533385
2wfj,75,GLN,-2.9863682586592506,0.10996142460550606
2wfj,76,GLY,-2.270389687340477,-0.2698954263981871
2wfj,77,GLY,2.371863359318878,-0.011631346438905094
2wfj,78,ASP,-1.0559539007885903,-0.20118303626620507
2wfj,79,PHE,3.217443069227118,0.9462431492224578
2wfj,80,SER,3.074402435735419,1.059953514334218
2wfj,81,GLU,2.9777673916106338,0.9914504287967314
2wfj,82,GLY,3.0443705656400164,1.7514892306320822
2wfj,83,ASN,2.0874493011705235,0.8226270667784995
2wfj,84,GLY,3.5282423742612354,0.5256896752950078
2wfj,85,ARG,2.9772043381197166,0.9251617254591268
2wfj,86,GLY,-1.516847257537574,1.9708630970826095
2wfj,90,ILE,3.245870480223853,0.41625786419915384
2wfj,91,TYR,2.795254049072836,0.6321048390034907
2wfj,92,GLY,-0.7467801238211293,1.7435832139607406
2wfj,93,GLY,0.4481651097929536,0.6739783055115114
2wfj,94,PHE,-3.5148323169542603,0.26796777939825467
2wfj,100,PHE,1.1781862147982856,0.2954520434219935
2wfj,101,ALA,2.6578249799615756,1.246600945480818
2wfj,109,LEU,-2.6275358925211525,0.4873737932698352
2wfj,110,LEU,-2.2879494619993643,0.21705850736297036
2wfj,111,SER,-3.2774836476119615,0.15344188159596522
2wfj,112,MET,-1.8581960918577194,0.05150032551728099
2wfj,113,ALA,-2.6007566150628647,-0.03724216707054393
2wfj,114,ASN,-1.9438680728401607,0.15180064110053884
2wfj,115,ARG,0.7554116301906302,0.9726627697556735
2wfj,116,GLY,0.11474686175506466,1.5788199586157796
2wfj,117,LYS,-1.1941594103890087,1.739833557002797
2wfj,118,ASP,1.9000520115862671,0.5118218959542925
2wfj,119,THR,0.13596675020310428,-0.449925895300464
2wfj,120,ASN,-1.700432081146299,0.1690992382048907
2wfj,121,GLY,-1.2706203361107797,-0.1437588359292939
2wfj,122,SER,2.544266909633626,-0.0003292265737087604
2wfj,123,GLN,-2.405913030538311,0.6106082006258661
2wfj,124,PHE,-4.030360774702332,0.22303495315734667
2wfj,125,PHE,-3.8990323891054186,0.0009564932360674566
2wfj,126,ILE,-2.658957847377447,-0.11900718610134384
2wfj,127,THR,-2.449354999795213,-0.11456817964367472
2wfj,128,THR,2.315659451969731,0.32020026526484996
2wfj,129,LYS,-3.5569941401806107,1.1695772736837224
2wfj,130,PRO,-2.015718503092289,0.8538141417195821
2wfj,131,THR,-0.139690926958343,-0.3727602762926671
2wfj,132,PRO,2.6664810067391294,-0.1302034028283261
2wfj,133,HIS,2.5964119033418447,-0.2992962088555031
2wfj,134,LEU,2.5913946994836543,-0.6245619021344629
2wfj,135,ASP,-1.458444879966641,0.49669741004746043
2wfj,136,GLY,4.027320487349758,0.5821442302574015
2wfj,137,HIS,2.337180117939658,0.3042134587724285
2wfj,138,HIS,-2.464930931934025,0.8818058590781743
2wfj,139,VAL,-1.9103138915973865,-0.20596848696285786
2wfj,140,VAL,-2.4421714217206105,-0.45020292733297157
2wfj,141,PHE,1.468753117686746,-0.5224583402273857
2wfj,142,GLY,-2.1011450011243515,0.358236435754768
2wfj,143,GLN,-2.8336186228997393,0.5680475772763411
2wfj,144,VAL,-2.2101958511971547,0.38959044185811
2wfj,148,GLN,2.6285143153622537,0.11435319935603253
2wfj,149,GLU,2.542617200002061,0.31003362231807097
2wfj,150,VAL,1.6451034383532341,-0.058102824757868654
2wfj,154,ILE,1.7940512578368732,-0.4760580646657159
2wfj,155,GLU,2.5203635021638138,0.3152248024470455
2wfj,156,ASN,2.4572324644105343,1.080884290379498
2wfj,157,GLN,-1.9992420555792616,0.8182851627681325
2wfj,158,LYS,-2.06283341277252,0.6067524660477773
2wfj,159,THR,-3.0063785724979177,0.9372881669485712
2wfj,160,ASP,-2.2898466750924755,0.4197724631680192
2wfj,161,ALA,3.4060091662282694,1.695226770261105
2wfj,162,ALA,2.1795337408309927,1.3491488270032774
2wfj,163,SER,2.084419746000444,0.31289162383508684
2wfj,164,LYS,-2.013068410770361,0.3651738811292875
2wfj,165,PRO,-1.8301712698144748,0.8786855500403576
2wfj,169,VAL,-2.0037350240387792,0.13159609696395147
2wfj,170,ARG,-3.099555238195149,0.46856918460458585
2wfj,174,CYS,-3.40446922485781,1.009893341234047
2wfj,175,GLY,-1.096997241987993,0.8300331024837574
2wfj,176,GLU,-2.450135759895661,1.9053780725695622
3a38,2,ALA,-2.0672715628439158,-0.4451188527847583
3a38,3,PRO,-2.7675194560335408,-0.8685118636119739
3a38,4,ALA,2.761852565358183,-0.7729001868928513
3a38,5,ASN,1.6779962235538886,-0.744602086092851
3a38,6,ALA,-2.1870260465147116,-0.7135810927503645
3a38,13,THR,1.726591417486657,-2.2978824258472157
3a38,14,ALA,2.3189483491912877,-1.985903464792011
3a38,15,ILE,1.7362572122684703,-1.767780977914812
3a38,16,ALA,2.3453697710763453,-1.4855696548955675
3a38,23,ALA,2.448972554277346,-1.9764154799144027
3a38,24,THR,2.4409047278856852,-2.0038098407485543
3a38,25,LYS,-0.06274736892307858,-1.1266340387184002
3a38,26,SER,-3.4663888424686906,-1.0584936963063907
3a38,27,GLU,0.22097490361099734,-2.043123316188448
3a38,28,ARG,2.6411399180191357,-2.0352571440843357
3a38,29,VAL,2.0118313339906537,-1.64301839678869
3a38,30,ALA,2.2120653078675847,-1.2308627406952777
3a38,31,ALA,2.560723653014659,-1.7441048308462244
3a38,32,ALA,1.0960478480409317,-1.473640370282929
3a38,33,ARG,-1.9251123445196734,-1.0832037155583227
3a38,34,PRO,-1.9313539447257138,-0.9780839115467752
3a38,35,GLY,2.788491219379988,-0.8892356832929176
3a38,36,LEU,-2.803908225502984,-0.3877026514761543
3a38,44,ALA,2.7839079170316965,-1.990343215165474
3a38,45,ASN,1.0418539302165089,-2.0145230123266495
3a38,46,CYS,-2.7258526890161963,-1.6187460417213944
3a38,47,GLN,3.0031731190386215,-1.401784472475647
3a38,51,ALA,2.6967842646033398,0.23241738944849324
3a38,52,ASN,1.9934865175330843,1.1325958122419668
3a38,53,VAL,-2.891542372152525,0.018053610701983882
3a38,54,GLY,-0.5226444324975715,-0.3849401670617037
3a38,55,GLU,-3.269616052581234,-0.5162265968085917
3a38,56,GLY,0.5436362254664456,-0.5389227753979156
3a38,57,ASP,3.2494791455123218,-0.707801818025464
3a38,64,PHE,-0.11090534627002555,-1.3285421773614436
3a38,65,PRO,-1.6678527434431274,-0.365952703004272
3a38,69,ILE,-3.6700449272316997,-1.3045607623811768
3a38,70,ASN,-2.3702361837876325,-1.4101814691446242
3a38,71,VAL,2.7627010843738544,-1.7948708832818963
3a38,72,ASN,1.922182917669347,-1.4396833288548072
3a38,73,GLY,-1.772204937573582,-1.7995914369450818
3a38,74,TRP,-3.767072180610251,-1.4436497809286462
3a38,75,CYS,-3.9993955580566403,-1.3983694491035465
3a38,79,THR,-3.1456913590661646,-1.0850613433832874
3a38,80,LEU,-2.1692461401089718,-1.4705550835143566
3a38,81,LYS,-1.5794139574473738,-1.1362819730695841
3a38,82,ALA,2.1456221281303507,-0.8784880956709644
3a39,2,ALA,-2.225192742022702,-0.1853803872769864
3a39,3,PRO,-2.827842003849193,-0.9153564225679639
3a39,4,ALA,2.8689653742195858,-1.0333034362418432
3a39,5,ASN,1.7412866859147593,-0.9646543339716631
3a39,6,ALA,-2.1447203691458263,-0.7646301001350397
3a39,13,THR,1.7612550726722744,-2.1665365028395955
3a39,14,ALA,2.211841958222147,-1.6682606238257636
3a39,15,ILE,1.7855988424754705,-1.7152175433787271
3a39,16,ALA,2.406662875039792,-1.46185237949093
3a39,23,ALA,2.378830047928499,-1.9391262429620384
3a39,24,THR,2.5965518067857563,-1.8900065060197946
3a39,25,LYS,0.01746885140361459,-1.1002972933983162
3a39,26,SER,-3.544466138483634,-0.9398611713973883
3a39,27,GLU,0.2911606767468908,-2.1035121440054403
3a39,28,ARG,2.7004933845319217,-1.9494277388918497
3a39,29,VAL,2.0450680602394113,-1.6593001905267364
3a39,30,ALA,2.081328801487723,-1.6157168763351482
3a39,31,ALA,2.5850387414271325,-1.7444504597005557
3a39,32,ALA,1.1563055377035962,-1.1506535919256575
3a39,33,ARG,-2.0465422077607367,-1.019452863125767
3a39,34,PRO,-1.7398269898062209,-0.4694528131024984
3a39,35,GLY,2.862969941282102,-0.6297009387675788
3a39,36,LEU,-2.7089825988268026,-0.23152342302423984
3a39,44,ALA,2.8680176245070417,-1.7885858978252716
3a39,45,ASN,1.0200717874191338,-2.0047377980708263
3a39,46,CYS,-2.7407032029296508,-1.6040086650305014
3a39,47,GLN,3.094265753602019,-1.6514922549052753
3a39,51,ALA,2.5310515234857305,-0.29155948781400676
3a39,52,ASN,1.9113536859439462,0.06608403999684719
3a39,53,VAL,-3.009568125116596,-0.31981903849847465
3a39,54,GLY,-0.48080292676984193,-0.6754250244270922
3a39,55,GLU,-3.2525207402036447,-0.6930481399131868
3a39,56,GLY,0.6266876754530267,-0.4130562779751835
3a39,57,ASP,3.2116429100827317,-0.7981400061000004
3a39,64,PHE,-0.09320501061429878,-1.2126334699692738
3a39,65,PRO,-1.5858748252305224,-0.8967385731841633
3a39,69,ILE,-3.4968469703452763,-1.1957707605290702
3a39,70,ASN,-2.348961590170214,-1.3131721408532666
3a39,71,VAL,2.901035512564252,-1.8796035894136816
3a39,72,ASN,1.9460836703686557,-1.4072944456259504
3a39,73,GLY,-1.7274394207594603,-1.8909979247542528
3a39,74,TRP,-3.7419800974776973,-1.1779397045673934
3a39,75,CYS,-3.7990899514231935,-1.2714336612181452
3a39,79,THR,-2.9684319459958934,-1.04826777991851
3a39,80,LEU,-2.166270011867263,-1.4670708303070321
3a39,81,LYS,-1.5589672278618103,-1.2427672672506163
3al1,102,LEU,2.1380711361001943,-1.044447259572788
3al1,103,LEU,1.8337305431482218,-1.0592336780162563
3al1,104,LYS,2.4037663209418287,0.08313704379431956
3al1,105,LYS,2.1075183856636963,-0.2562682392214224
3al1,106,LEU,1.8673458697817145,-0.701563705398164
3al1,107,LEU,2.1830049249187633,-0.6373881815849475
3al1,108,GLU,2.4076515606145694,-0.8115049994710754
3al1,109,GLU,2.2736064457990857,-0.7675785084757135
3al1,110,LEU,2.140721131324507,-0.7917994614349334
3al1,111,LYS,1.8168277151184324,-0.6728845347197593
3bcj,2,SER,3.1551694212714505,1.3068752506089818
3bcj,3,ARG,-2.877129695746965,0.7057175771693971
3bcj,4,ILE,-3.029598549293363,0.0894791964498904
3bcj,5,LEU,-1.5824234731613291,1.2857168584352823
3bcj,6,LEU,-3.028076777607299,1.3105939198393453
3bcj,7,ASN,2.3392604427778556,0.775947641935551
3bcj,8,ASN,2.027586649245616,0.10870719793845689
3bcj,9,GLY,4.141128791838223,0.19554818239866123
3bcj,10,ALA,-3.06890227509236,0.5061606920279286
3bcj,14,ILE,2.994000786415368,-0.48300238989161376
3bcj,15,LEU,-2.8753765822047264,-0.5524310509739933
3bcj,16,GLY,-3.3698316051013473,-0.6471083588440657
3bcj,17,LEU,-2.2440922818936615,-0.9766098825241701
3bcj,18,GLY,-2.3711341006981894,-1.0320157929574754
3bcj,19,THR,1.0778922399347324,-1.736998188991039
3bcj,20,TRP,-1.4354657217831535,-0.8570777576243518
3bcj,21,LYS,2.36476092684152,-0.988674581280296
3bcj,22,SER,-1.4059822292819448,-0.5524100379059824
3bcj,23,PRO,-1.8356890901602096,-0.07704506312837256
3bcj,24,PRO,2.6458370110661775,-0.3487993096482938
3bcj,25,GLY,3.028087911119757,-0.25984860533049947
3bcj,26,GLN,2.2046707921469335,-0.3178175461852012
3bcj,27,VAL,2.3448313810247634,-1.103557607518226
3bcj,31,VAL,1.9745294207929747,-1.4945978053490825
3bcj,32,LYS,1.8167780187091769,-1.4011990947702548
3bcj,33,VAL,1.6711978978412652,-1.2391465247987392
3bcj,34,ALA,1.6990966184522813,-1.2316890573637007
3bcj,35,ILE,2.0562994399405525,-1.3014016697493935
3bcj,36,ASP,2.8193866204297464,-0.7732523095745477
3bcj,37,VAL,1.5366851755164326,-0.48509508870157664
3bcj,38,GLY,3.7388904296141394,-0.5177691998734327
3bcj,42,ILE,-3.0439111504933805,-1.4397319252279062
3bcj,43,ASP,-2.4719032130937544,-1.3542636286432919
3bcj,44,CYS,-3.7536270569487087,-1.190715777455029
3bcj,45,ALA,-3.3445521783015186,-1.2546779339061014
3bcj,46,HIS,2.2898134920909508,-1.6708674102564627
3bcj,47,VAL,2.4690441683533315,-1.7358470072663912
3bcj,48,TYR,2.4498765166862175,-1.5715875917572355
3bcj,49,GLN,2.5148781719376583,0.23980184812353741
3bcj,50,ASN,1.1392397581374691,-0.5628182321405003
3bcj,51,GLU,2.582682332227779,-1.544273723135931
3bcj,52,ASN,2.1691833944486607,-1.2473039995851696
3bcj,53,GLU,1.9284256380119271,-1.343342663181987
3bcj,54,VAL,1.5926370570455133,-1.6489954272741236
3bcj,55,GLY,2.338422265657443,-1.2605257539302352
3bcj,56,VAL,1.8946319437716235,-1.412466676978245
3bcj,57,ALA,2.032236827927112,-0.9406980598047787
3bcj,61,LYS,2.2968080991292044,-1.4358603534209073
3bcj,62,LEU,2.1793415849061177,-0.6727218377892843
3bcj,63,ARG,2.442232823956602,0.16737325232892422
3bcj,64,GLU,3.1697446546843526,0.26775013095463435
3bcj,65,GLN,1.843539837542636,0.10613319683757849
3bcj,66,VAL,2.0641116201246588,-0.4486858755745572
3bcj,67,VAL,-3.2158806517806915,0.6147363009700482
3bcj,68,LYS,-3.0085427558901805,0.6356212281697343
3bcj,69,ARG,2.458458020140789,-0.9036098873797864
3bcj,70,GLU,2.528179686229106,-0.5472568366047341
3bcj,71,GLU,2.3548817738922554,-0.44428460435405936
3bcj,72,LEU,-3.2277873504214734,-0.679320626419875
3bcj,73,PHE,-2.355773161923342,-1.113114108203393
3bcj,74,ILE,-2.6079789812341554,-1.2578719996336887
3bcj,75,VAL,-3.1912787153590783,-1.3658914326498088
3bcj,76,SER,-2.292042522933253,-1.478449338862495
3bcj,77,LYS,-3.4535814314508686,-1.3294494348453874
3bcj,78,LEU,-2.0795554547382076,-1.1731156205987676
3bcj,79,TRP,-3.4831447891795078,-1.3363928561198266
3bcj,80,CYS,2.264560414268248,-1.268842996653523
3bcj,81,THR,1.4436716005705472,-1.1962646994043342
3bcj,82,TYR,0.8073441510997433,-1.2778167530513853
3bcj,83,HIS,3.239817331474551,0.45833325130488056
3bcj,84,GLU,-0.7575268018206829,2.3152121590958763
3bcj,85,LYS,3.4902035494467842,2.577164742747965
3bcj,86,GLY,3.2930657506199057,2.2123058001889975
3bcj,87,LEU,2.5440931805778835,-0.6036349508227479
3bcj,88,VAL,1.959721158127552,-0.6781942045599451
3bcj,89,LYS,1.8998281410052258,-0.5826271340949339
3bcj,90,GLY,2.250905678567021,-0.7221260742641818
3bcj,91,ALA,1.8155993370937782,-1.0531202752220872
3bcj,92,CYS,1.8052393058204332,-1.1684874761282094
3bcj,93,GLN,2.3631762372948404,-0.8726233102763137
3bcj,94,LYS,1.8813969395518662,-0.8753149179408448
3bcj,95,THR,2.0451184756569063,-1.5302406185353545
3bcj,96,LEU,1.8292180341620714,-0.8384748295142714
3bcj,97,SER,2.1369764674260425,-0.300216732288204
3bcj,104,LEU,-3.1023173342930446,-1.112799846864022
3bcj,105,ASP,2.583480030368045,-1.3959697319961046
3bcj,106,LEU,-3.3360327827926293,-1.0704929424492995
3bcj,107,TYR,-2.78500796922449,-1.2967059601792748
3bcj,108,LEU,-2.7988479073147556,-0.9842843317205499
3bcj,109,ILE,-1.571324077466858,-1.0682394055996016
3bcj,110,HIS,2.2816454154488492,-1.3509119366955704
3bcj,111,TRP,-3.7790643212360857,-1.087598308528109
3bcj,112,PRO,3.1807647334649625,-0.022787080486283806
3bcj,113,THR,-1.868526803654389,0.23594305602434923
3bcj,114,GLY,-2.22199755914511,-0.0479870443968253
3bcj,115,PHE,-3.5906468724376435,-0.4745255189918816
3bcj,116,LYS,-1.6547825102807183,-0.5260909110746909
3bcj,117,PRO,-2.3880507480914273,-0.022479093338709507
3bcj,118,GLY,-0.8931489951885687,0.37962171003304107
3bcj,119,LYS,2.7230886255341797,-0.06112126704866092
3bcj,120,GLU,-2.2084263888613687,-0.297511246302772
3bcj,121,PHE,2.588653424004565,-1.1653193473949786
3bcj,122,PHE,-0.5122432003209754,-0.62959294895099
3bcj,123,PRO,-2.0932217156652992,-0.40775821928421396
3bcj,124,LEU,-2.849770249793489,-0.06895131628537583
3bcj,125,ASP,-2.856230082093293,0.8927152410788187
3bcj,126,GLU,3.2095019666337783,1.7196443595279642
3bcj,127,SER,3.1522569452119376,1.7136128326950686
3bcj,128,GLY,3.825529405314464,2.1085087674860654
3bcj,139,ASP,2.1283501229090667,-0.18802515992431978
3bcj,140,THR,2.1446358811484125,-0.6829791907997241
3bcj,141,TRP,2.1399421901129494,-0.8721543807977672
3bcj,142,ALA,2.3604673732824915,-0.6478121687802764
3bcj,143,ALA,2.3609757328210748,-0.9022021244254304
3bcj,144,MET,1.900829816908765,-1.4846584304308605
3bcj,145,GLU,2.022304358760418,-1.3320376651896835
3bcj,146,GLU,2.3705850773172656,-1.3200295255013392
3bcj,147,LEU,2.325787912204562,-1.2736828635790642
3bcj,148,VAL,1.3849258618069304,-1.3193525777165274
3bcj,149,ASP,2.860037849744793,-0.516952339664525
3bcj,150,GLU,2.636549222027156,-0.0009561805031279816
3bcj,151,GLY,3.1909019751670127,-0.08557607257737253
3bcj,152,LEU,2.464447643171084,-1.3496170320577943
3bcj,153,VAL,-3.598377817730312,-0.95612540997453
3bcj,154,LYS,2.4875926377876625,-0.9085338521525071
3bcj,155,ALA,-3.9422877698084826,-0.4185699979518055
3bcj,156,ILE,-3.4765278448314554,-1.0656159598902823
3bcj,157,GLY,-2.2827433500577796,-0.8741625293332473
3bcj,158,ILE,-3.8547658689241557,-0.7920120018678036
3bcj,159,SER,-3.4175056442434495,-1.204620632087167
3bcj,160,ASN,1.9487433562109187,-1.1190929430615086
3bcj,161,PHE,-2.4860256006907853,-0.46447751242929836
3bcj,162,ASN,-3.325280281231541,0.01336820297524419
3bcj,163,HIS,2.546097935674862,-0.16195034304576314
3bcj,164,LEU,2.2632034799054637,-0.10135062157943857
3bcj,165,GLN,2.2513962439604263,-0.060020241305594906
3bcj,166,VAL,1.375463983189826,0.008486861827845983
3bcj,167,GLU,2.379578276192024,0.35449862051331893
3bcj,168,MET,2.129816781969068,0.8207037674396294
3bcj,169,ILE,1.8440780130677978,0.3665266568841718
3bcj,170,LEU,2.6704525657059963,0.5205402434798098
3bcj,174,GLY,2.9663968313277076,-0.004319487778971568
3bcj,175,LEU,-1.8881682486838827,-0.09616929259707298
3bcj,176,LYS,1.1584477940144284,-1.2408321545083754
3bcj,177,TYR,-2.4732170321975295,-0.7631853801592737
3bcj,178,LYS,-2.401375609161236,-0.4069949767643211
3bcj,179,PRO,-2.1609122494245137,-0.28344718013348325
3bcj,180,ALA,2.3797503302859058,-1.0013765492705506
3bcj,181,VAL,-3.7862198165056045,-0.7915376696158967
3bcj,182,ASN,-2.654119574659865,-1.063926473007466
3bcj,183,GLN,-1.9367647535483161,-0.9357318581213343
3bcj,184,ILE,-3.7141325358672637,-0.6868729885169989
3bcj,185,GLU,-2.025782054875822,-0.7083610908197614
3bcj,186,CYS,-2.8665184372531556,-0.6825147188690641
3bcj,187,HIS,-3.685844920967971,-0.5572371869917953
3bcj,188,PRO,3.598149699262699,-0.8503334725780064
3bcj,189,TYR,3.040340922426975,-0.7305818701256204
3bcj,190,LEU,-1.8496708739623116,-0.5035945218955087
3bcj,191,THR,2.0184768517880824,-0.12476309446673711
3bcj,199,CYS,2.2913296153506413,0.6871887124777968
3bcj,200,GLN,2.473337629478131,0.790500031549922
3bcj,201,SER,3.054734925919403,2.0451798017331986
3bcj,202,LYS,1.5694376183095968,1.6920559764217438
3bcj,203,GLY,2.911641670126149,0.7949580506393957
3bcj,204,ILE,-2.175415101689551,0.7677761164174572
3bcj,205,VAL,-2.517015995143124,-0.2921369277757434
3bcj,206,VAL,-2.8355377522895755,-0.8790188668467951
3bcj,207,THR,-2.6368344904053607,-1.164085957607043
3bcj,208,ALA,-2.3788669221007077,-0.9484391136283057
3bcj,209,TYR,-2.4467889742424926,-1.104613702141941
3bcj,210,SER,1.6873692418351387,-0.9422519856199024
3bcj,211,PRO,3.0797937346033932,-1.3978712937364075
3bcj,212,LEU,1.7119496530178253,-0.7744698438248281
3bcj,213,GLY,1.8489940262197693,-0.5533494510761332
3bcj,214,SER,0.9090364285716899,-0.4291390181472623
3bcj,215,PRO,3.6588078381958837,0.5149089291341948
3bcj,216,ASP,2.2549150674297644,-0.1464747983090146
3bcj,217,ARG,-1.155071190630532,0.19306645370964085
3bcj,218,PRO,3.4093960286154017,0.581923595439903
3bcj,219,TRP,1.977761623396448,1.1011681060951066
3bcj,220,ALA,-1.8812553453988103,2.7701701820300473
3bcj,221,LYS,-2.0167188667527864,5.879728168504595
3bcj,222,PRO,3.237250197077995,8.373903503648227
3bcj,223,GLU,3.5803998187511135,8.339466089559826
3bcj,224,ASP,-0.45158249597435957,5.074738831988449
3bcj,225,PRO,-1.8386590416881377,2.703493617791143
3bcj,226,SER,-2.0621993115642816,1.1265202024477914
3bcj,227,LEU,1.9913351080906936,-0.33486318592878883
3bcj,228,LEU,2.650795906514146,0.08548342988314105
3bcj,229,GLU,1.6859623959269256,0.3414648604537347
3bcj,234,LYS,2.432218316644606,0.11515645503095817
3bcj,235,ALA,2.24745085012516,0.2672111623129068
3bcj,236,ILE,2.006769628720904,-1.1015464625779003
3bcj,237,ALA,2.2101754520024373,0.05777190142306856
3bcj,238,ALA,2.4657424071589484,1.0087793001619585
3bcj,239,LYS,2.117709095798784,0.4569827706164108
3bcj,243,THR,-2.7575258387101047,0.04855620958691748
3bcj,244,THR,1.857125098093314,-1.1134587869471484
3bcj,245,ALA,2.348656401831531,-0.8359317989659254
3bcj,246,GLN,2.377767084128781,-1.285106000433881
3bcj,247,VAL,1.9242547481097674,-1.3422854867345875
3bcj,248,LEU,2.4616854618242487,-1.3313102764540192
3bcj,249,ILE,1.7221032705214794,-1.3965673133311445
3bcj,250,ARG,2.3534125306593623,-1.1227487103379088
3bcj,251,PHE,1.8902340444698507,-1.4604539792828994
3bcj,252,PRO,2.5629993575944,-1.4061169333627208
3bcj,253,MET,2.2334290903265,-1.0676632706311684
3bcj,254,GLN,2.8044597546564236,-0.5505030685137401
3bcj,255,ARG,1.9012729679351894,0.15563370289008865
3bcj,256,ASN,2.1510305775936907,0.11246687092728833
3bcj,257,LEU,-3.662684355244053,-0.3802148016032814
3bcj,258,VAL,-2.7543265961984904,-0.5965697324431872
3bcj,259,VAL,-3.1349007836527156,-1.2542290056106182
3bcj,260,ILE,-0.39962315671427556,-1.8037294355057496
3bcj,261,PRO,-2.1379017957275828,-1.0009222055708134
3bcj,262,LYS,-2.8259118752120522,-0.9622510500439966
3bcj,263,SER,-4.037612659509801,-0.9820770238245883
3bcj,264,VAL,0.7686085458524345,-0.8715989678692975
3bcj,265,THR,-1.5605574323288278,-0.2965919775693167
3bcj,269,ILE,1.7439299304556044,-1.0870121160503508
3bcj,270,ALA,2.482721960214184,-0.5982358877170462
3bcj,271,GLU,1.5978563904512844,0.27060108852877246
3bcj,272,ASN,2.171610383406235,-1.034266902171274
3bcj,279,GLU,-2.712679892913509,0.5224961821054532
3bcj,280,LEU,-2.515043383944405,-0.08774074015981079
3bcj,281,SER,-2.7329842005051503,-0.5641416723385387
3bcj,282,SER,2.383301127110578,-0.9773272529010497
3bcj,283,GLN,1.9057801110095278,-1.04256072173319
3bcj,284,ASP,2.293243430900887,-0.9772466936945594
3bcj,285,MET,1.6309149716036913,-1.345436078255074
3bcj,286,THR,1.6916934530142778,-1.4496903687486689
3bcj,287,THR,1.7769568971435377,-0.8932995267202107
3bcj,288,LEU,2.194756779555632,-1.149642834127059
3bcj,289,LEU,2.3151024682476615,-1.1815924022281388
3bcj,290,SER,3.1157538549157686,-0.7556625254615809
3bcj,291,TYR,2.8924834369256125,-0.6337294602895592
3bcj,292,ASN,-2.252091446538871,-0.12966530482664027
3bcj,293,ARG,1.0563443011565896,0.24726307569279862
3bcj,294,ASN,1.4382621705074825,0.7009284405677357
3bcj,295,TRP,-1.6972861321326413,0.4822994619319826
3bcj,296,ARG,-1.8379258335227957,1.5677812162660762
3bcj,297,VAL,1.1988348485093037,0.2951485229066283
3bcj,298,CYS,-1.518496196200803,-0.1645843371107565
3bcj,299,ALA,1.7714261944054066,0.7481316378199938
3bcj,300,LEU,0.5361277656506507,1.6104288250734915
3bcj,301,LEU,2.9113633301492814,2.7724589565398587
3bcj,302,SER,3.3317153786570235,2.8113766487591954
3bcj,303,CYS,1.4354043881101173,1.2933821478060217
3bcj,304,THR,3.6109493347043924,1.8296490858814731
3bcj,305,SER,2.993465235797711,1.3212021299669876
3bcj,306,HIS,-0.9268353266693765,1.84991371943201
3bcj,307,LYS,3.097098429255691,1.381392063233689
3bcj,308,ASP,1.8945704401694032,0.29522857175144046
3bcj,309,TYR,-1.2380492107997778,0.9954366524338564
3bcj,310,PRO,3.6875184173450486,-0.06840730218188246
3bcj,311,PHE,1.6328183984491267,0.7696490881731872
3bcj,312,HIS,2.9932890790159146,3.833350437498035
3bcj,313,GLU,-2.6925219374119735,6.572394121566111
3bcj,314,GLU,2.858949927572476,6.061615471859788
3d43,6,ILE,-0.5440106443191689,0.9292819184536506
3d43,7,PRO,-2.3653604920649824,0.8445535686155511
3d43,8,TRP,2.123082865478271,-0.5375482684627263
3d43,9,GLY,2.022831439101847,-1.3297328870100924
3d43,10,ILE,1.8440212984302582,-0.5907424851593501
3d43,11,LYS,2.4291187599558772,0.04927329955757034
3d43,12,ALA,2.395104642182741,-0.1302624570713127
3d43,13,ILE,2.4976435171145597,-0.42751268369934164
3d43,14,TYR,2.843069625413669,0.12964999036836555
3d43,15,ASN,1.4106505797892928,1.6344562738770272
3d43,16,ASN,-1.683694452921824,1.2439614193801125
3d43,17,ASP,2.9846015298645776,2.292864627366955
3d43,18,THR,2.1063871571953228,2.322539478241102
3d43,19,LEU,-0.9702968229170452,2.922999340408729
3d43,20,THR,1.920685422985271,2.405588429083815
3d43,21,SER,-4.188812331101204,0.6856378352111032
3d43,22,THR,-2.7041434391248833,0.6453118976690395
3d43,23,THR,-3.919399316908105,0.8595679143264673
3d43,24,GLY,-2.3548964312039375,0.814739274876531
3d43,25,GLY,2.286370249948518,-0.1372425214859295
3d43,26,SER,-1.232454966722639,0.536541951824293
3d43,27,GLY,3.6547276286683146,-0.0518851706325361
3d43,28,ILE,-2.9891167957016282,-0.3477699621858865
3d43,29,ASN,-2.1609554702344447,-0.23029083383721247
3d43,30,ILE,-2.4520956648631222,-0.9932179435638991
3d43,31,ALA,-2.157036533463444,-0.669175180256688
3d43,32,VAL,-2.167632033376701,-0.7421401059876268
3d43,33,LEU,-1.5597346938157264,-0.7865283071400752
3d43,34,ASP,-1.4021915705830994,-1.1257939646245179
3d43,35,THR,1.9889400525892487,-0.38585186818522343
3d43,44,LEU,2.8786275788395894,-0.42028384529947255
3d43,45,VAL,2.780948326596469,-0.7551663704757233
3d43,46,ASN,3.0267955604375927,-0.9493698193413722
3d43,51,CYS,-1.6587784058437713,-0.3368609844431997
3d43,52,LYS,-3.4865763206808347,-0.1846477415244876
3d43,53,ASP,-3.010012062780547,-0.5569367609119364
3d43,54,PHE,0.9103249120458642,-0.9434839663340072
3d43,55,THR,2.0322012176104987,-0.10096973215144958
3d43,56,GLY,-0.636983974905784,-0.1349587087602796
3d43,57,ALA,2.8614833277326572,1.1592987200570641
3d43,58,THR,-2.844896483746003,2.0648717016787597
3d43,62,ASN,-2.3180936726652392,0.9602408019214368
3d43,63,ASN,1.5799467493152597,0.23148621849968867
3d43,68,ARG,1.4914563446589029,-0.06312331891084318
3d43,69,ASN,1.1961286729883327,0.22080899532882434
3d43,70,GLY,3.050371738139547,-0.5152456046236893
3d43,71,HIS,2.079510508389885,-0.7430897046280903
3d43,72,GLY,2.2700858918939115,-0.8008221156335606
3d43,73,THR,2.0961071531443465,-0.8034102444272524
3d43,74,HIS,1.4907607237818676,-0.4038449555485113
3d43,75,VAL,1.7400867618236566,-0.7335570840209208
3d43,76,ALA,2.2359485922581976,-0.3770523393597094
3d43,77,GLY,2.607039272385041,-0.7128793496820289
3d43,78,THR,1.7745708650961036,-1.5916009377419877
3d43,79,ALA,2.0467115804016194,-2.0097198530733436
3d43,80,LEU,1.5186274806901374,-1.3657337669860627
3d43,81,ALA,-1.727751758243087,-0.5617615708352856
3d43,82,ASP,1.5056196100565509,-0.08664671901404412
3d43,83,GLY,3.180999062926656,0.329580557666335
3d43,84,GLY,-2.21435153351981,0.46297216105030886
3d43,85,SER,3.542564078942878,0.902906398725038
3d43,86,ASP,2.2046377439828366,0.8123129929130223
3d43,87,GLN,2.4706340192186644,0.7109677682934812
3d43,88,ALA,1.59222849331224,0.21637151278552208
3d43,92,GLY,-1.6577160649167946,-0.6385139753565836
3d43,93,VAL,2.510093872793182,-1.2426909640367125
3d43,94,ALA,-1.0131858795410893,-1.089940667692041
3d43,95,PRO,3.469367645231908,-0.6144475350984261
3d43,96,ASP,2.8506506008831747,-0.35408759779583165
3d43,100,TRP,-1.9023508345913909,-0.6917175550195348
3d43,101,ALA,-0.9879726435876373,0.32070619832936864
3d43,102,TYR,-2.125866953111648,-0.4646896266257069
3d43,103,LYS,-2.1330619608993544,-0.750136549278698
3d43,104,VAL,1.6399811006811273,-0.822243308408171
3d43,105,LEU,-3.307225663792321,0.2773432235881888
3d43,106,LEU,-2.868117432181279,-0.2065257706557301
3d43,107,ASP,2.831574335863861,-0.6866328020985737
3d43,108,SER,3.64869962367058,0.2869927663902189
3d43,109,GLY,3.213669309874434,0.31550456408687383
3d43,113,SER,2.5361654099196707,-0.04550980127614797
3d43,114,ASP,2.6084504366555263,0.12274023550321633
3d43,115,ASP,1.8382226799198849,-0.3018659514400912
3d43,116,ILE,1.7319651732672006,-1.0834223633136328
3d43,117,ALA,2.0375566881470264,-1.0879364579479593
3d43,118,ALA,2.0611657665774406,-0.5402045397065703
3d43,119,ALA,2.53288365385833,-0.7588058440628157
3d43,120,ILE,1.4655876469311229,-1.0608530017690732
3d43,124,ALA,2.386639331723213,-1.0979061125844454
3d43,125,ASP,2.319707640180576,-0.8710253256392332
3d43,126,GLN,2.2620465234469975,-1.470377003827941
3d43,127,ALA,1.7515719740988989,-1.240660094569889
3d43,128,THR,2.4044674870717397,-0.5868258040274036
3d43,129,ALA,2.1397187203589936,0.012917816419662092
3d43,130,THR,2.5445902951131076,-0.1437575781057949
3d43,134,THR,-3.4890976633716475,-1.0733720521454118
3d43,135,ILE,-2.677841458632336,-0.6714851329661813
3d43,136,ILE,-2.235845908500059,-0.6789424991802293
3d43,137,SER,-2.106513584035726,-1.1050386835845638
3d43,138,MET,-1.3949125814282581,-1.0178046852257934
3d43,139,SER,-0.7484327692875563,-0.2963355139495684
3d43,148,LEU,1.702369791237759,-1.1431236877032704
3d43,153,VAL,1.761631896122004,-1.1084005919002289
3d43,154,ASN,1.918503844479055,-0.8116636548597698
3d43,155,TYR,1.5177630546979224,-0.559852628135617
3d43,156,ALA,2.3604866077266977,-1.212888080359922
3d43,161,VAL,-3.245363112396342,-0.954346728631511
3d43,162,LEU,-1.8285898770462503,-0.3001677500470648
3d43,163,ILE,-2.0129328711053094,-0.22262818833591924
3d43,164,VAL,-2.8669894601275403,-0.7463207257244316
3d43,165,ALA,-2.865817431098078,-0.5935499733341382
3d43,166,ALA,-2.054806605244409,-0.15452880542845793
3d43,167,ALA,2.413042793936606,-0.6874744238531525
3d43,168,GLY,-2.774665618054945,0.24370408267299765
3d43,176,THR,2.6880633514760572,0.5156293813609705
3d43,177,ILE,-2.4489077654607785,0.36610525973239577
3d43,178,GLY,-2.0719286553852942,-0.26976832817121904
3d43,179,TYR,-5.297041949637694,0.8241768739112354
3d43,180,PRO,2.9029233290769327,0.10695500598137417
3d43,181,GLY,2.8469929062239197,-0.2852195485442914
3d43,182,ALA,3.6140445059422563,-0.42858496029961207
3d43,183,LEU,-1.2878303292792466,0.06135712246910221
3d43,184,PRO,3.3675347150635426,-0.3719722453773044
3d43,185,ASN,1.8460950162766547,-0.21573564073409687
3d43,186,ALA,-1.8052740681354864,-0.3715617539213546
3d43,187,ILE,-1.8395638252262012,-0.47390443045476205
3d43,188,ALA,-2.092152565160574,0.040029082882989515
3d43,189,VAL,-2.269028427110937,-0.6867331187126635
3d43,190,ALA,-3.1161012670936454,-0.6904844622564398
3d43,191,ALA,-1.560815068773253,-0.21497438612401104
3d43,192,LEU,-3.170021946323845,-0.06224342618914969
3d43,193,GLU,-3.302253185196703,-0.3256960857729303
3d43,194,ASN,-0.2505867792634738,-0.5996475958397812
3d43,195,VAL,-3.5259425897856618,0.23647300782000358
3d43,198,ASN,1.9960129765553019,0.009621317401408678
3d43,199,GLY,3.2302215992764105,0.436646391533329
3d43,200,THR,-3.1057649081895105,0.11793937111471024
3d43,201,TYR,-2.7085274429840247,0.2457013553770385
3d43,202,ARG,-1.9746467668748993,-0.18484580572911227
3d43,203,VAL,-2.1256378037627632,-0.6435603380695905
3d43,204,ALA,-1.580791566353226,-0.2699729112277069
3d43,205,ASP,2.984279005813419,-0.1657739830770686
3d43,206,TYR,3.222090167378534,-0.3293589398549232
3d43,207,SER,-1.52605026427346,-0.051882555239816025
3d43,208,SER,-1.8084493155730061,-0.7935610343433278
3d43,209,ARG,-2.162404523899405,0.612576327437519
3d43,210,GLY,-1.1095962134131094,-0.7187202359369169
3d43,211,TYR,-3.1705964301199874,-0.8152108446644604
3d43,217,ASP,3.155406266662982,0.5243118987686765
3d43,218,TYR,2.0460608433733682,0.09017532013890966
3d43,219,VAL,-1.935900700894807,0.43220722684944246
3d43,220,ILE,-1.8897143815182156,0.6197203620251863
3d43,221,GLN,-3.5134596768604918,-0.3007714425197838
3d43,222,GLU,-1.0394539394834785,0.2307791196505314
3d43,223,GLY,3.7601957058645463,-0.45084071368549405
3d43,224,ASP,-2.6010328149413113,-0.5652524373060186
3d43,225,ILE,-2.4040507635122976,-0.24029194057404957
3d43,229,ALA,-3.3875548870359213,-0.5467295698382589
3d43,230,PRO,-0.901155843189503,-0.5877518394884622
3d43,231,GLY,2.2056385124622495,-1.2534938977211123
3d43,232,SER,-1.635028182182973,0.20862609492581966
3d43,233,SER,0.9275093004601885,-0.01578758406908149
3d43,234,VAL,-1.9610846218691333,-0.1917058463410302
3d43,235,TYR,-2.5606762976052573,0.4238532035667938
3d43,236,SER,-3.3941201354653985,-0.02550636425320234
3d43,237,THR,-2.5707391484751003,-0.3744852002359896
3d43,238,TRP,-3.6697791162654885,-0.3841636920496636
3d43,239,TYR,2.1130410579959764,-0.5918792994353335
3d43,244,ASN,-3.3832147934799868,0.5405013992964866
3d43,245,THR,-2.4599603248508983,0.1310748608644129
3d43,246,ILE,-3.8220345005821157,-0.10889670319947345
3d43,247,SER,-3.379929898420458,-0.02976937284622938
3d43,248,GLY,-1.9957628201387487,-0.15914028325632582
3d43,249,THR,2.8858866925361157,-0.7828632528903985
3d43,250,SER,2.3652212888366155,-0.39518120321672917
3d43,251,MET,1.7186264013818362,-0.30767747057054656
3d43,252,ALA,1.744799995432481,-0.939621031053993
3d43,253,THR,2.325302835619186,-0.761580546798501
3d43,254,PRO,3.236950779065872,-0.9218070261578392
3d43,255,HIS,1.9504566914206078,-0.9337845099662831
3d43,259,LEU,1.8456140413301731,-0.8820656830917172
3d43,260,ALA,2.3436924310663043,-0.3426422221718835
3d43,261,ALA,2.3252312656836085,-0.81655577857903
3d43,262,LYS,1.8978606762886578,-0.7198521870220332
3d43,263,ILE,2.0494873552444086,-0.5292226961231976
3d43,271,SER,-2.609115204580579,0.627574819168038
3d43,281,GLU,2.479013327273232,-0.17454293653513553
3d43,282,ARG,1.6963192158080196,-0.3753393421914127
3d43,283,ALA,2.4090447001900865,-0.5323300834707018
3d43,284,LYS,2.2126301195524998,-0.15852334201190957
3d43,285,SER,3.5046063139185715,-0.3749908449585707
3d43,286,VAL,-1.497496762059574,-0.052407679824215486
3d43,291,GLY,-1.9508270246254171,0.24280810889139312
3d43,292,TYR,-1.2891044146291237,-0.08317708105379837
3d43,293,GLY,3.375182462853792,-0.34543642472356495
3d43,294,ALA,-1.7907568329196877,-0.09570905803109835
3d43,295,ALA,-3.2495192872436687,0.31727750269359206
3d43,296,ILE,-1.66443344733377,1.2237028466517923
3d43,297,GLY,-0.05443771133346306,0.31215502465140016
3d43,298,ASP,-1.734711300722904,0.7606999265473785
3d43,299,ASP,-2.882642064598772,-0.16782649382255804
3d43,300,TYR,3.063668683971855,-0.4197645689286813
3d43,301,ALA,2.4210280220300553,-0.7023210969102318
3d43,302,SER,2.426387838284561,-0.6857735904831569
3d43,303,GLY,-0.21024228561094238,-0.24889673039571375
3d43,304,PHE,2.4230546376741735,-0.024630743593845233
3d43,305,GLY,-0.675476291276916,-0.14760706227363724
3d43,306,PHE,-2.04992509927514,-0.2156620569394799
3mfj,17,VAL,-2.9510817589841873,-0.312323312415011
3mfj,18,GLY,2.6921746337892243,0.5188765421095471
3mfj,19,GLY,-1.6697010405660488,0.6145862793991356
3mfj,20,TYR,-3.685644738247577,0.40243578327064305
3mfj,21,THR,-1.4544089336689632,0.491656935851402
3mfj,22,CYS,1.7320536044293435,0.23703550098064394
3mfj,23,GLY,-2.003128089608151,1.2478488664646104
3mfj,24,ALA,-1.210986963270931,1.1361624024053487
3mfj,25,ASN,2.425117932138508,0.6743999298957268
3mfj,26,THR,2.793581341817468,-0.20043817175023984
3mfj,27,VAL,-0.7631214359352252,-0.8089788759214348
3mfj,28,PRO,3.0113749508223426,-0.6431301204515828
3mfj,29,TYR,2.6320711175531146,-0.7595480145561433
3mfj,30,GLN,-1.951165788291482,-0.2763754107668889
3mfj,31,VAL,-3.51284725621149,-0.4527337436528644
3mfj,32,SER,-2.686645764484802,-0.36528333041814504
3mfj,33,LEU,-2.557962605112042,-0.5307927939291219
3mi4,17,VAL,-3.0019749069434076,-0.36712745472613895
3mi4,18,GLY,2.6734753114671994,0.5185451331025006
3mi4,19,GLY,-1.6430214876264586,0.6071493613028014
3mi4,20,TYR,-3.662105535922826,0.41004523609777466
3mi4,21,THR,-1.4869312275806696,0.44722711253788855
3mi4,22,CYS,1.7246605021846548,0.19240582747520246
3mi4,23,GLY,-1.9939402388076493,1.3132368338597895
3mi4,24,ALA,-1.2570629529915602,1.132220128229452
3mi4,25,ASN,2.459083070254102,0.6342034301571859
3mi4,26,THR,2.7685144569859417,-0.2095618750067401
3mi4,27,VAL,-0.7818548286824274,-0.8743181445231649
3mi4,28,PRO,2.989021587263382,-0.6905990861342491
3mi4,29,TYR,2.6431500043587746,-0.7267907999200818
3mi4,30,GLN,-1.9994146808460138,-0.2732410913025284
3mi4,31,VAL,-3.5367647176078614,-0.44805167437734184
3mi4,32,SER,-2.688565375912272,-0.40667725398474214
3mi4,33,LEU,-2.5979474765869948,-0.5649180164577468
3nir,4,CYS,-2.9576192336105387,-2.3002526388823377
3nir,5,PRO,2.759987552635885,-2.420537616229557
3nir,10,ARG,2.1347733197625547,-2.696433144060815
3nir,15,VAL,1.7437394252556613,-3.073828028661263
3nir,16,CYS,2.2098710269321993,-2.6815106488326377
3nir,17,ARG,2.7474098430934486,-2.421351284339243
3w5h,1002,THR,-2.680927267462259,3.858159401568551
3w5h,1003,PRO,-1.044708563880527,2.7452498073639897
3w5h,1004,ALA,-1.4226672812257297,2.3379992343785547
3w5h,1005,ILE,-2.9605028386584933,1.7991560954649346
3w5h,1006,THR,2.1576039168355314,1.4405635799555507
3w5h,1007,LEU,-0.20896238127823413,1.3733950630164227
3w5h,1008,GLU,2.605456407396804,3.0971665317130608
3w5h,1009,ASN,-1.3644544029886214,2.9413592884784303
3w5h,1010,PRO,3.108841025763627,3.3403044129705344
3w5h,1011,ASP,2.595501558883852,1.9738482691145054
3w5h,1012,ILE,-2.532577873528708,2.01344134156328
3w5h,1013,LYS,-2.536557990328997,1.9848479543599267
3w5h,1014,TYR,-1.5484472283726014,0.6453535094625769
3w5h,1015,PRO,-1.1624543663624711,1.269834094528572
3w5h,1016,LEU,-3.107773729794063,0.4439845439185224
3w5h,1017,ARG,-1.766433751485979,0.5875523006294266
3w5h,1018,LEU,-1.4741099139579632,1.3401791162757968
3w5h,1019,ILE,2.583618744818987,0.28278144307673725
3w5h,1020,ASP,-3.199050698841238,0.9172908131566463
3w5h,1021,LYS,-2.300065928406011,2.455166687213296
3w5h,1022,GLU,-2.165715014913582,1.6347939431458642
3w5h,1023,VAL,-1.5993047141734973,1.0144485246862598
3w5h,1024,VAL,1.4190521100788995,0.4030083462842814
3w5h,1025,ASN,-1.6579899571920746,1.1043973860265148
3w5h,1026,HIS,3.388060202112465,1.643545214892877
3w5h,1027,ASP,2.0339420990893236,1.013217655124846
3w5h,1028,THR,-2.7865719123131947,0.3251795600559273
3w5h,1029,ARG,-3.3279073739120633,0.13287105063170127
3w5h,1030,ARG,-2.2851445408988478,0.4678137913868372
3w5h,1031,PHE,-2.482780231957823,0.2384073276731956
3w5h,1032,ARG,-2.428869666045211,0.018998218324284
3w5h,1033,PHE,-3.2402530727462526,-0.1403937445440088
3w5h,1034,ALA,-2.257272905919561,0.2879371421351803
3w5h,1035,LEU,-2.411406484744969,0.6295802885351806
3w5h,1036,PRO,3.667751619974432,1.5809820699028363
3w5h,1037,SER,-2.8793557113758514,2.499797560436072
3w5h,1038,PRO,3.464791811682694,2.0589311316793655
3w5h,1039,GLU,2.975159542299267,1.8709093527370109
3w5h,1040,HIS,-2.7708854998397103,1.1237308233361123
3w5h,1041,ILE,-3.188423499924045,0.5183566762277472
3w5h,1042,LEU,1.5494578873936578,0.03444929636282487
3w5h,1043,GLY,0.9457262234165555,1.5591733735598166
3w5h,1044,LEU,-1.2617593227252804,0.5680555729217778
3w5h,1045,PRO,-2.6252706830251817,0.18486075835852384
3w5h,1046,VAL,-1.7907100630187454,-0.029271350005243665
3w5h,1047,GLY,3.278335650583151,-0.561165103858265
3w5h,1048,GLN,-3.2014793330771893,0.4702749670751126
3w5h,1049,HIS,-3.727536443111899,0.15568705524287452
3w5h,1053,SER,-3.0393400858403976,0.18438955105944124
3w5h,1054,ALA,-3.941045216868273,-0.02507350840861718
3w5h,1055,ARG,-1.5479865493691891,1.1134113227423688
3w5h,1056,ILE,-2.170949991946282,1.1538990298849423
3w5h,1057,ASP,1.9102574300254087,1.7770083061257589
3w5h,1058,GLY,3.8649176646092918,0.27135964114519945
3w5h,1059,ASN,-2.608279317604376,0.42129282908903704
3w5h,1060,LEU,-2.0028271048149997,0.12315810264481027
3w5h,1061,VAL,-2.9581469905896474,-0.14254790931720285
3w5h,1062,ILE,-2.721552795574491,-0.1477686209646255
3w5h,1063,ARG,-2.94076315100867,-0.4817498706724001
3w5h,1064,PRO,-2.2720782228603045,-0.3360036251670695
3w5h,1065,TYR,-3.156214331683885,-0.5145611145924668
3w5h,1066,THR,-2.1443394692417783,-1.1772320777815362
3w5h,1069,SER,-2.7270366596015916,0.4309573741184948
3w5h,1070,SER,-2.503621279184229,-0.10091435488181594
3w5h,1071,ASP,3.2069549962425308,0.9514142439004184
3w5h,1072,ASP,3.442140193086299,2.7552044878291664
3w5h,1076,PHE,-4.0141312393733015,0.8771350454216057
3w5h,1077,VAL,-3.3915805182530816,-0.35731288868525585
3w5h,1078,ASP,-2.319839200099865,-0.12146623334636177
3w5h,1079,LEU,-2.748996023273334,-0.14626841372972835
3w5h,1080,VAL,-2.46206320788028,-0.0797981195965044
3w5h,1081,ILE,-2.799092482521613,-0.06668181009930739
3w5h,1082,LYS,-1.9663073671887752,-0.011237608490088489
3w5h,1086,LYS,-2.092657164799539,1.642010157032589
3w5h,1087,ASP,2.8450194660170536,2.4135574117912557
3w5h,1090,PRO,3.995065221123217,3.5336921287327128
3w5h,1091,LYS,3.318073623621431,2.5689956239056193
3w5h,1092,PHE,-0.059867497268386055,2.4550478829059315
3w5h,1093,PRO,3.816120485334452,2.862966805829451
3w5h,1094,ALA,3.2022013865097363,1.6386414719758717
3w5h,1097,LYS,2.0148921651751066,0.13399937307716886
3w5h,1098,MET,2.278692327075168,-0.15891059607319788
3w5h,1099,SER,2.350989579248216,-0.3453799748074604
3w5h,1100,GLN,2.6483374375629785,-0.4215603302791125
3w5h,1101,TYR,1.9484454488476617,-0.3704465559752845
3w5h,1102,LEU,2.2555190284739974,-0.26280833703902307
3w5h,1106,LYS,-1.9697664356174036,1.3794572002508025
3w5h,1107,ILE,-1.3752646562366675,1.4290953462542517
3w5h,1108,GLY,3.4967250246022443,0.9148784819257686
3w5h,1109,ASP,-2.6481653163042864,1.2368454603457957
3w5h,1110,THR,-3.153834973598792,0.5964461195998796
3w5h,1111,ILE,-3.0638132003570044,0.6641682213913432
3w5h,1112,GLU,-2.1304339665578382,0.1396313499026657
3w5h,1116,PRO,-3.2427138454885918,1.4734331791967332
3w5h,1117,ASN,-3.293944735496333,0.9181171499018448
3w5h,1118,GLY,-1.9822284404607167,1.3712861503954834
3w5h,1119,LEU,2.9362955513262174,0.5551679441788916
3w5h,1120,LEU,-2.6397810159069732,0.31824527298410976
3w5h,1121,VAL,-2.852193157636906,0.08532245514035973
3w5h,1122,TYR,-1.949352448330687,0.6231237221781103
3w5h,1123,GLN,2.6987752318832596,1.8725391306343433
3w5h,1124,GLY,-1.9392062518293576,2.2645378214427536
3w5h,1125,LYS,1.7199467545460188,0.9591949862711308
3w5h,1126,GLY,3.946828211890203,1.1583993789186955
3w5h,1127,LYS,-2.0600713821762313,0.8161565077391213
3w5h,1128,PHE,-2.393165433269924,1.6652838220199104
3w5h,1129,ALA,-1.8309510122408028,0.9173293132748399
3w5h,1130,ILE,-2.0000665772522295,1.9316466562239791
3w5h,1131,ARG,-2.198752178481654,1.9293505400147053
3w5h,1132,PRO,3.6488098854977173,2.8596412381067013
3w5h,1133,ASP,-3.536090491002097,6.726761406093484
3w5h,1134,LYS,3.242779948929983,9.36174880350464
3w5h,1135,LYS,4.690418025070675,12.747952909686637
3w5h,1142,THR,-1.4581398964023895,4.593854106123007
3w5h,1143,VAL,-3.408549915911501,1.7582514495451287
3w5h,1149,ILE,-2.5705625546746345,-0.8038753532423879
3w5h,1150,ALA,-2.9178672990227836,-0.012721587381527708
3w5h,1151,GLY,-2.3090753451281443,0.38228462826060594
3w5h,1152,GLY,-0.005429864036933758,0.060576576922310194
3w5h,1155,ILE,2.6796879370025724,-0.4808368358707456
3w5h,1156,THR,3.3072156261663817,-0.8498216376425497
3w5h,1157,PRO,2.5021961352217814,-1.0166315119537266
3w5h,1158,MET,1.7146022871945685,-0.8992704330151052
3w5h,1159,LEU,2.0493363924107832,-0.7736185743842028
3w5h,1160,GLN,2.1134296859131636,-0.8812856001347666
3w5h,1161,VAL,1.8379719116181115,-0.8696653132745882
3w5h,1162,ILE,1.6916663507869167,-0.7547799264332583
3w5h,1163,ARG,2.50265546897851,-0.34869875879938333
3w5h,1164,ALA,2.1418335430651525,-0.7312641237253205
3w5h,1165,ILE,1.790209053405425,-0.5266503726408877
3w5h,1166,MET,2.733390880983343,-0.20846857717145426
3w5h,1167,LYS,3.41316352608115,0.6118953021120889
3w5h,1168,ASP,-1.435524594585047,0.10567185177550946
3w5h,1169,PRO,3.3431986447638318,0.4215491228505742
3w5h,1170,ASP,1.8414718888515336,0.7133849866397017
3w5h,1171,ASP,-1.836156544415986,0.49641212576006416
3w5h,1172,HIS,1.5287396942808182,0.48958997396513626
3w5h,1173,THR,-2.671205243612925,0.035324467940135114
3w5h,1174,VAL,-2.274776054997129,0.011861915185447046
3w5h,1175,CYS,-2.1977816161411114,0.1830416537638542
3w5h,1176,HIS,-2.0719737403495047,0.011895501145806854
3w5h,1177,LEU,-2.678236014761644,-0.39563171659894647
3w5h,1178,LEU,-2.8120656434892846,-0.5797726808143079
3w5h,1179,PHE,-2.1482010178912754,-0.5627498380319453
3w5h,1180,ALA,-2.94716886504281,-0.28244704708027213
3w5h,1181,ASN,-3.5252761056831283,0.026495543432979156
3w5h,1182,GLN,2.093938948348446,-0.03491027293505655
3w5h,1183,THR,-3.627745233994112,0.5504780772847507
3w5h,1184,GLU,2.2346583631691788,-0.3555857863533672
3w5h,1188,LEU,-2.1725200042206225,0.09087179197019697
3w5h,1189,LEU,1.8779905488703719,-0.540261627000096
3w5h,1190,ARG,2.579801739714684,-0.8851846454431682
3w5h,1191,PRO,2.433441653468128,-0.32579740069579904
3w5h,1192,GLU,1.858529013835228,-0.44291132136726963
3w5h,1193,LEU,1.965066586193993,-0.499853553337017
3w5h,1194,GLU,2.454477928116593,-0.4733525370033788
3w5h,1195,GLU,1.9394391679193044,-0.5841966243111172
3w5h,1196,LEU,2.1442292114339305,-0.7495097912309757
3w5h,1197,ARG,2.187510097764201,-0.2623628031163724
3w5h,1198,ASN,2.47074503286672,0.3464332650719024
3w5h,1199,GLU,2.4982065295860325,0.3154629335609981
3w5h,1200,HIS,0.9098042461613762,0.4462340473997437
3w5h,1201,SER,3.1839270389915093,0.69801791430389
3w5h,1207,TRP,-3.1885534546314998,-0.010912895571876928
3w5h,1208,TYR,-3.0357626766215695,-0.2046335389597323
3w5h,1209,THR,-3.1152376465195317,-0.26558833528732034
3w5h,1210,VAL,-2.9789744847225443,-0.09406114778510788
3w5h,1211,ASP,2.116084555678975,-0.26784353200440875
3w5h,1212,ARG,-2.572464537211504,0.580035782611597
3w5h,1213,ALA,-2.4331815668068577,1.032043241667476
3w5h,1214,PRO,-3.2267544699175184,1.9639762077141358
3w5h,1219,TYR,-1.0900856038365707,0.6742316232400967
3w5h,1220,SER,-2.7542836539461555,0.2845364499475241
3w5h,1221,GLN,-3.1113853856327642,0.6606120362582696
3w5h,1222,GLY,-2.019364981126291,0.16593624164495543
3w5h,1223,PHE,-2.447599083993845,0.4184494144927037
3w5h,1224,VAL,-2.146275536096845,0.2740536512233171
3w5h,1225,ASN,-3.6017751143180408,0.42664155764750816
3w5h,1226,GLU,2.230686878613704,-0.0919824685088726
3w5h,1227,GLU,1.9635198875977995,-0.2979040414319725
3w5h,1228,MET,2.1773910668482563,-0.6445993735717698
3w5h,1229,ILE,2.2883603508744956,-0.28864299460484755
3w5h,1230,ARG,2.3311925345354214,-0.17743422641560744
3w5h,1231,ASP,2.4624151503391034,-0.2576274282970519
3w5h,1232,HIS,1.509689869143743,-0.7226461305997112
3w5h,1233,LEU,-2.4459697477566213,0.3015366985627563
3w5h,1234,PRO,-2.0467749415843524,0.503678110728266
3w5h,1235,PRO,-2.062097508230001,1.094486224180836
3w5h,1236,PRO,2.508767369702446,0.0747557945279236
3w5h,1237,GLU,2.5883141257321016,0.41686146863312484
3w5h,1238,GLU,2.3239990058635374,0.2650674557934767
3w5h,1239,GLU,1.1121399694128125,0.5384168595287413
3w5h,1240,PRO,-2.4339940508520788,0.4185324287560392
3w5h,1241,LEU,-2.1121030558926805,0.3922141201108753
3w5h,1242,VAL,-2.2694444717807456,0.4623067012022157
3w5h,1243,LEU,-2.9338198777477333,0.1537447536889114
3w5h,1244,MET,-3.0034383641629967,0.0022552170449412546
3w5h,1245,CYS,-2.3903421917608196,0.47939544135704404
3w5h,1246,GLY,-2.832834414009221,1.585505214008813
3w5h,1247,PRO,-1.5424235603887424,2.1635795806979585
3w5h,1248,PRO,3.6795859205633845,4.569746290435052
3w5h,1249,PRO,2.856194197737168,3.648490673925139
3w5h,1250,MET,2.0661521524930695,0.5992967463877545
3w5h,1251,ILE,1.9316329245738482,0.6482493718603953
3w5h,1252,GLN,2.411019724614223,0.8241407646804378
3w5h,1253,TYR,2.2490818484214765,0.4577527575709231
3w5h,1254,ALA,2.1124487094250597,0.2243166299621127
3w5h,1255,CYS,1.444716391213735,-0.14989875661011157
3w5h,1256,LEU,3.2789949423079823,0.523151210494008
3w5h,1257,PRO,2.421192237351964,0.4816867571802844
3w5h,1258,ASN,2.177556153741067,-0.38811119483420514
3w5h,1259,LEU,1.9465121083205927,-0.26377499197370086
3w5h,1260,GLU,2.5465693206162032,1.0050579665434505
3w5h,1261,ARG,2.4623532949145477,1.3998076726950515
3w5h,1262,VAL,2.506097165088439,0.08922837348672734
3w5h,1263,GLY,3.1419832287813,1.2247452867162825
3w5h,1271,ALA,-1.971079438173364,0.3844160543596761
3x2m,5,TYR,-2.5979726246639494,-0.5974659544033867
3x2m,6,VAL,-2.3880891187106945,-1.1584644534347215
3x2m,7,GLN,-2.1857775199038794,-0.7788610972341322
3x2m,8,GLN,-3.1932647889933143,-0.49539498267673426
3x2m,9,ALA,2.9502765551262145,-0.6966046983822478
3x2m,10,THR,-3.245227361141184,-0.038997501781757586
3x2m,11,GLY,-1.2808066806953342,-0.6076918860868632
3x2m,12,GLN,-3.0056016995179897,-0.8833414786751801
3x2m,13,ALA,-3.6187437347441445,-0.8450221115913483
3x2m,14,SER,-3.1971514706419994,-1.1710525288377636
3x2m,15,PHE,-3.221213876925538,-1.289333903581032
3x2m,21,CYS,1.2472567581321279,-0.558852167997924
3x2m,25,ALA,3.021504370531711,-1.1964845716226729
3x2m,26,CYS,2.965333968958854,-1.377420641043255
3x2m,30,ALA,-3.3026334526402903,-0.28212507218036725
3x2m,31,SER,2.5398815621386333,-1.2909534532770361
3x2m,32,GLY,-1.1123908642713618,-1.1420012779293192
3x2m,33,PHE,-2.2345512228058486,-1.2446278509880482
3x2m,34,THR,-3.621092864572299,-1.1763320705005176
3x2m,35,ALA,-3.797561677333914,-1.2908860269706426
3x2m,36,ALA,-3.0057438051742014,-1.09543427638152
3x2m,37,ILE,-3.0034258126560216,-1.0503023152139568
3x2m,38,ASN,-2.1743541232550863,-0.9998508647419471
3x2m,39,GLN,2.269283035004574,-1.4978871740359723
3x2m,40,LEU,2.356929686602075,-1.8681233821809293
3x2m,41,ALA,2.271427396120922,-1.5933744249766564
3x2m,42,PHE,1.7536932669169778,-1.765461788667089
3x2m,43,GLY,2.6090125643221787,-1.0745479439919252
3x2m,44,SER,-3.3811724331785955,0.2215465602777941
3x2m,45,ALA,-3.2180026367479275,0.18729560378833543
3x2m,46,PRO,-1.0548884700054302,0.8012347207385668
3x2m,47,GLY,3.997483298798981,1.4825964697576
3x2m,48,LEU,2.0804911019314645,1.9384071455267504
3x2m,49,GLY,-0.38780251724746045,0.9637955670261684
3x2m,50,ALA,-2.3603444507430167,-0.040875861902110934
3x2m,51,GLY,-3.107537811750265,-0.5841809450260858
3x2m,52,ASP,3.345447236790292,-1.638226606740694
3x2m,53,ALA,3.1396688125961307,-1.5745107743089863
3x2m,54,CYS,-1.2518902458113386,-1.0731758977608548
3x2m,55,GLY,3.356991876027769,-1.661114659420259
3x2m,56,ARG,-2.6198052427043614,-1.4336749337359305
3x2m,57,CYS,-2.675281653540411,-1.3658963447881987
3x2m,58,PHE,-3.1437595254446116,-1.3784314284107033
3x2m,59,ALA,-2.158648182337104,-1.119662968475918
3x2m,60,LEU,-2.822366628051531,-1.3335979110516056
3x2m,61,THR,-2.6895267558056686,-1.3022872352458046
3x2m,62,GLY,-2.0762323606560504,-0.7018005072467546
3x2m,66,PRO,3.0074974700616384,-0.8055711733500285
3x2m,67,TYR,2.621216789006466,-0.35832829938709465
3x2m,73,GLY,-4.950737702234815,2.6308765708351682
3x2m,74,PRO,-2.980319728717796,1.6160329580754733
3x2m,75,PHE,-1.652138948876164,0.024026356443107383
3x2m,76,GLY,-1.5534555968290902,-0.41477132970195724
3x2m,77,GLN,-2.910349068403402,-0.6632125928809887
3x2m,78,THR,-2.5133429825496503,-0.8925405170793665
3x2m,79,ILE,-3.3381347207440393,-0.9081845811800549
3x2m,80,VAL,-2.5232826951648715,-1.300292826855261
3x2m,81,VAL,-3.438470092423227,-1.1971931357985748
3x2m,82,LYS,-2.6129818550824244,-1.4122864858264104
3x2m,83,VAL,-1.9868120059757655,-1.616296276400519
3x2m,84,THR,1.8423941013731728,-1.9239595573147283
3x2m,85,ASP,-3.6339523870357233,-0.9914314930672172
3x2m,86,LEU,-2.852540264094045,-1.0871884812502741
3x2m,90,GLN,-1.1221650183590222,0.5658926600562729
3x2m,91,GLY,3.835154825545707,0.5158887999178507
3x2m,92,ASN,0.15809350741306824,0.3551375679467517
3x2m,93,GLN,3.3573885968103707,1.6940036900749431
3x2m,94,GLU,2.5003016080631224,-0.19667483026102753
3x2m,95,PHE,2.737810710842961,-1.0821508013704864
3x2m,96,CYS,1.6664464954798972,-0.7499570575103358
3x2m,97,GLY,1.820661107341293,-0.5746960057092144
3x2m,98,GLN,-2.0788537259564124,-0.6579049457909535
3x2m,99,THR,-3.4070304192535277,-0.32884155703825874
3x2m,100,THR,2.7634391003214507,-0.2502867525775275
3x2m,101,SER,2.9969828077058596,0.448123026241944
3x2m,105,ASN,-1.2640149107412393,0.04708347987467308
3x2m,106,GLN,3.069330769555155,0.41483019016302813
3x2m,107,HIS,1.5711144049939187,0.1372589054239121
3x2m,108,GLY,2.71572833390622,0.035581704308417506
3x2m,109,MET,-2.124285090706639,-0.6780635320296199
3x2m,110,PRO,2.9063258410266144,-1.393968269064624
3x2m,111,PHE,-3.780058349485112,-0.9506863295689213
3x2m,112,HIS,-3.1176246690602696,-1.5251521166638893
3x2m,113,PHE,-2.6992412279757705,-1.5993912699582205
3x2m,114,ASP,-2.2237550232109107,-1.3271640449097821
3x2m,118,ASP,2.012165636880105,-1.4733499377223396
3x2m,119,THR,1.6237120486209502,-1.3851161816931563
3x2m,120,GLY,3.7615530093983724,-1.1787613274417355
3x2m,124,LYS,2.2430581799865554,-1.0641381983543836
3x2m,125,PHE,1.8111524655087148,-1.0888256343634148
3x2m,126,PHE,-1.2826674348149802,-0.30702490334100263
3x2m,130,HIS,-1.090271241599313,0.005855000713684685
3x2m,131,GLY,1.3814859422414068,-0.7181682938833568
3x2m,132,ALA,-3.2116292692775095,-0.3877094644610078
3x2m,133,LEU,-3.7257231272917837,-0.8601055376497774
3x2m,134,THR,-3.393723152980044,-0.9397991304444736
3x2m,135,GLY,-0.7348134853609638,-1.024961857167634
3x2m,136,THR,-3.7620131359081057,-0.9628073086540152
3x2m,140,VAL,-3.6595627185968875,-1.0286762281547128
3x2m,141,SER,-2.410549660280239,-1.1154365298876194
3x2m,142,CYS,2.7364591665219784,-1.7255718393966233
3x2m,143,SER,2.5418856009543123,-1.561136665383607
3x2m,144,GLN,1.514657373857161,-1.1894325593326551
3x2m,145,TRP,-2.6420744933133364,-0.5549998727996226
3x2m,146,SER,-2.494943247967386,-0.47629617028846544
3x2m,147,GLY,-2.437498737800957,-0.06928121706123462
3x2m,148,SER,-3.138832386061659,-0.5233768821861468
3x2m,149,ASP,-2.3218118690883047,-0.43322095640963293
3x2m,150,GLY,-2.3855697120868795,-0.1618727482888174
3x2m,157,ALA,-2.087581038304576,-0.06248426482222114
3x2m,158,CYS,-2.756059851185192,-0.8882475458400029
3x2m,162,GLU,2.693920039981306,-1.4811831617458961
3x2m,163,THR,1.4026775713636601,-0.5089339134480236
3x2m,164,ALA,-1.8000373287059568,-0.17070581916480423
3x2m,165,PRO,-1.9745188327237848,-0.6669097037188988
3x2m,166,ASN,-1.9338938108113193,-0.7390865493476395
3x2m,167,TRP,-3.8801818952838785,-0.07605343189681232
3x2m,168,PRO,-2.2019124166158788,0.03824056749228497
3x2m,169,SER,-4.486458564509444,-0.8018848028838866
3x2m,170,THR,-3.0186335777050832,-0.6578561740452873
3x2m,171,ALA,0.19099602937782187,-0.7610826211464973
3x2m,172,CYS,2.9352919581047434,-0.7823811209444931
3x2m,173,GLY,-2.1959398685269265,-0.4468556616077698
3x2m,177,THR,-3.263720050791343,-0.13968196496363675
3x2m,178,ALA,-2.35636035881714,-0.4516326972224524
3x2m,179,PRO,-2.0991274536367177,-0.5760423587032757
3x34,10,LYS,-1.3491805575121245,1.9748474955861257
3x34,11,TYR,-2.7175099978455757,0.23429733229225583
3x34,12,TYR,-3.0464217177131045,-0.23230234581130213
3x34,13,THR,-2.392310124470485,0.6059577803535617
3x34,17,ILE,2.2642353174318948,-0.07152171339899582
3x34,21,ASN,1.0038714583303618,0.8820769902021292
3x34,22,ASN,-3.3056028964216635,1.6032775724018662
3x34,23,SER,3.1464693183382075,1.2892475551204752
3x34,24,LYS,2.8652249173186,0.4065191013532017
3x34,25,SER,-2.7403082533938625,0.07394729992277899
3x34,26,THR,-2.5506304551634007,-0.26089216398019344
3x34,30,LEU,-2.3102863939829823,0.0224366164405444
3x34,31,HIS,1.3354656552680142,0.052070144016741746
3x34,35,TYR,-2.7656254568571637,-0.18616603913908783
3x34,36,ASP,-1.6708811279652023,-0.316555470399225
3x34,37,LEU,1.0432482879120053,-0.5038620019865458
3x34,41,LEU,2.6909991102321,-0.8657262385302267
3x34,45,PRO,3.6881607867903763,0.7694674835157423
3x34,46,GLY,2.561616941319004,0.4331767461028259
3x34,47,GLY,-2.8977252294306712,0.5606693523034745
3x34,55,ALA,-1.3592447143816602,0.25133829044194733
3x34,56,GLY,2.9024653194572667,0.42258785969919344
3x34,57,GLY,-1.7187692026177777,-0.09511551565908472
3x34,58,ASP,-2.1137029510325216,0.12328352052585101
3x34,59,ALA,0.8115719174553182,-0.42166729141443315
3x34,63,PHE,1.7608870567882118,-0.5720814431794139
3x34,79,PHE,2.033283942781736,-0.022477997780257553
3x34,80,ILE,-1.9225076633655251,0.17351427297141425
3x34,81,ILE,2.2163393490338166,0.06603533680605413
3x34,82,GLY,-1.2672593567619261,0.8272919191990901
3x34,83,GLU,-3.9284034466260276,0.12638507686142214
3x34,84,LEU,-2.034476421109357,0.19121336874645714
3x34,90,SER,3.447365701025162,1.8767439277719293
4g13,2,AIB,1.8249196446922022,-1.3625403229002204
4g13,3,AIB,2.0991889234170285,-0.9457527204393252
4g13,4,AIB,1.500860655473954,-0.5855287799230386
4g13,5,VAL,1.9895439044465264,-1.0696683495004
4g13,6,GLY,2.3909194160598966,-0.8624069311349596
4g13,7,LEU,2.43522127857858,-1.071543085660004
4g13,8,AIB,1.7028414132837533,-1.1206589613188158
4g13,9,AIB,2.5464848897397756,-1.3535232251521605
4g13,10,HYP,3.3095674783872395,-1.1492385678100296
4g13,11,GLN,3.012459204590871,-0.90935827890142
4g13,12,DIV,2.3169051691262323,-1.2884227844994645
4g13,13,HYP,3.334133097385986,-1.3948072021518532
4g13,14,AIB,2.5968198654049903,-1.9871484876750418
4hp2,3,ALA,-4.3636245851883,-0.5851444650701346
4hp2,4,DHA,-1.562599341045826,-0.842317426228225
4i8g,17,VAL,-2.7963693589053342,-0.12442256125890659
4i8g,18,GLY,2.8511803171042067,0.6353467750702155
4i8g,22,CYS,1.7068849154934846,0.15660545519284266
4i8g,23,GLY,-2.1842526563552926,1.3374627883132704
4i8g,24,ALA,-1.091051993731001,0.9861234302302273
4i8g,25,ASN,2.4759413572478324,0.4533024332111725
4i8g,26,THR,2.709427960234609,-0.35118324963803027
4i8g,27,VAL,-0.7670915210315041,-0.7724707223797096
4i8g,28,PRO,3.0462646066149057,-0.8076569823768494
4i8g,29,TYR,2.5923296748110483,-0.7475684943309195
4i8g,33,LEU,-2.4736593004906062,-0.3672406483725164
4i8h,17,VAL,-2.9870368074028906,-0.7290556173192674
4i8h,18,GLY,2.547943983242281,-0.05530872695921507
4i8h,24,ALA,-1.1276679759824186,0.4395306532441151
4i8h,25,ASN,2.4703874842886084,0.018832944698332996
4i8h,26,THR,2.7301066488779817,-0.6118286867865348
4i8h,27,VAL,-0.6801393349140792,-1.0115454980301901
4i8h,28,PRO,2.959395597451341,-1.066386418541377
4i8h,29,TYR,2.487503304517336,-1.4480341173026916
4i8h,33,LEU,-2.6761348571108035,-0.8935855242160365
4lb3,1,ALA,-1.589964018088536,7.970334730007959
4lb3,2,SER,3.0163664211009187,0.9720247254160225
4lb3,3,ARG,-2.85217667045694,0.9106417111967039
4lb3,4,ILE,-2.7353203354987023,0.47060274096691496
4lb3,5,LEU,-1.7377377086383743,0.8176924513180608
4lb3,6,LEU,-3.061218823183059,0.17918590971095075
4lb3,7,ASN,2.36874529906209,-0.05405813808823257
4lb3,8,ASN,2.0749453660957813,0.14777210428369292
4lb3,9,GLY,3.894630959395385,0.6816280808234971
4lb3,10,ALA,-2.828074615770981,0.6564170518379201
4lb3,11,LYS,-2.2704289172678154,0.5292031499301793
4lb3,12,MET,-2.1887202027615635,-0.3655246110058456
4lb3,13,PRO,-1.5300391771176327,-0.44074136799556807
4lb3,14,ILE,2.824774048482022,-0.8449358514584059
4lb3,15,LEU,-2.6513985416535633,-0.44366634230888147
4lb3,16,GLY,-3.4575081718969534,-0.4788360297226056
4lb3,17,LEU,-2.203303506230997,-0.7430213006401579
4lb3,18,GLY,-2.1626999456667937,-0.7881932731061965
4lb3,19,THR,1.1019042646880965,-1.5233252868384073
4lb3,20,TRP,-1.419374980014528,-0.8364619634128114
4lb3,21,LYS,3.033606368985286,-0.7093461903818835
4lb3,22,SER,-1.4924993791857404,-0.5004273134021463
4lb3,23,PRO,-1.9260646371634205,-0.32225325789818693
4lb3,24,PRO,2.667686441122156,-0.3995917508361683
4lb3,25,GLY,2.7240009757078694,-0.07392446833570822
4lb3,26,GLN,2.268578966583657,0.030368964100966758
4lb3,27,VAL,2.491368463663645,-0.7537218667633119
4lb3,28,THR,1.8255000093830867,-0.8497188930875339
4lb3,29,GLU,2.4787191401255835,-0.311273326807544
4lb3,30,ALA,2.072320963518442,-0.4140702434234439
4lb3,31,VAL,1.9084346809480202,-1.2041911284296785
4lb3,32,LYS,1.8493525120449616,-0.9523504166954374
4lb3,33,VAL,1.668218649095906,-0.9030746770025663
4lb3,34,ALA,1.8646568913734525,-0.9662476937955373
4lb3,35,ILE,2.0274347696770056,-1.0361177921214755
4lb3,36,ASP,2.6881511021448445,-0.7317791419852787
4lb3,37,VAL,1.6051742940277933,-0.6860717907150632
4lb3,38,GLY,3.742324449749002,-0.6165375438996991
4lb3,39,TYR,-2.382521995808055,-0.6462553349437893
4lb3,40,ARG,0.9962949702208058,-0.400797161374754
4lb3,41,HIS,-3.101232026816112,-0.5223440629192199
4lb3,42,ILE,-2.9053608058684257,-1.1532488871629178
4lb3,43,ASP,-2.096676847027867,-1.0752547981152192
4lb3,44,CYS,-3.65443526865255,-0.9161634890977218
4lb3,45,ALA,-3.203916227159635,-0.819509926770635
4lb3,46,HIS,2.192337900774642,-1.1783184349554308
4lb3,47,VAL,2.3362118707453114,-1.4487731725258328
4lb3,48,TYR,2.5307348439918416,-1.4531864481598862
4lb3,49,GLN,2.4127747426447237,-0.3271468384493002
4lb3,50,ASN,1.130490595372881,-0.7276126480310621
4lb3,54,VAL,1.6833240770563704,-1.1815772068783854
4lb3,55,GLY,2.3184742469234587,-1.0974324444548365
4lb3,56,VAL,1.8709869311176157,-1.1079769209224428
4lb3,57,ALA,1.9920525406627132,-0.8056234002048611
4lb3,58,ILE,1.623916834714923,-0.7588326544704518
4lb3,59,GLN,2.210742944595773,-0.5417189565166891
4lb3,60,GLU,2.196221372884701,-0.2939826410176145
4lb3,61,LYS,2.4031601176693766,-0.6294047690950759
4lb3,62,LEU,1.9822859352145394,-0.2845696870706271
4lb3,63,ARG,2.444241478746576,0.6583340904305031
4lb3,64,GLU,2.9888867938713894,0.4428742410237188
4lb3,65,GLN,1.8784513813568964,0.4760152230436107
4lb3,66,VAL,1.9658410951760041,-0.3206515852881809
4lb3,67,VAL,-3.3022484724471743,0.4796279165151132
4lb3,68,LYS,-2.785806039952978,0.5453319996814434
4lb3,69,ARG,2.2523436481244583,-0.311229642642568
4lb3,70,GLU,2.6121859936730294,-0.18228362663693934
4lb3,71,GLU,2.320078909962423,-0.3359934810041831
4lb3,72,LEU,-3.059314436373296,-0.3471697747318722
4lb3,73,PHE,-2.1836196747482335,-0.8792972774772503
4lb3,74,ILE,-2.480039421618252,-0.8398479447226613
4lb3,75,VAL,-2.9697503439097535,-1.0393879626270413
4lb3,76,SER,-2.177981910355771,-1.1840772371691466
4lb3,77,LYS,-3.39262180862809,-1.0985227463978215
4lb3,78,LEU,-2.0912136085169144,-0.881203712732539
4lb3,79,TRP,-2.73237215932709,-0.8638565096465939
4lb3,80,CYS,2.449072707116886,-1.0794098841775772
4lb3,81,THR,1.637473900731867,-0.9192456675869668
4lb3,82,TYR,1.0910489721359606,-0.6272817265409689
4lb3,83,HIS,3.011811103337884,0.23100458562630696
4lb3,84,GLU,-1.22592868680503,1.6924122477334707
4lb3,85,LYS,2.257334997904629,1.7364536923102625
4lb3,86,GLY,2.8351517400246498,0.7110792357281164
4lb3,87,LEU,2.4314627422509525,-0.2274658986516256
4lb3,88,VAL,2.0526416307475555,-0.22236396351181784
4lb3,89,LYS,2.0744141187606377,-0.38328844523771555
4lb3,90,GLY,2.3644077220538198,-0.2817464862445342
4lb3,91,ALA,1.8266751417420444,-0.6652673265447744
4lb3,95,THR,2.0463555291210525,-0.9705132249289189
4lb3,96,LEU,2.0573142573860284,-0.6326541864848982
4lb3,97,SER,1.9107406006459833,-0.2377196203768263
4lb3,98,ASP,2.195951397181896,-0.42856464585587273
4lb3,99,LEU,2.5257317220916438,-0.5381829368647812
4lb3,100,LYS,1.378067450126612,0.6933857019746875
4lb3,104,LEU,-2.8630526596505397,-0.6845094066882395
4lb3,105,ASP,2.6840760212074697,-0.9591638899226502
4lb3,106,LEU,-3.1262717105122997,-0.8477396279955648
4lb3,107,TYR,-2.8690654068659445,-1.0916093468784565
4lb3,108,LEU,-2.7401813710149945,-0.8478332886023396
4lb3,109,ILE,-1.4681086630990112,-1.0441105568434832
4lb3,110,HIS,2.10771773719906,-1.4212730555552568
4lb3,111,TRP,-2.9983100376438716,-0.8700056438761428
4lb3,112,PRO,3.1720195911790454,-0.3919175256750852
4lb3,113,THR,-1.8855934275061919,0.05442678789074424
4lb3,114,GLY,-2.2974415638537073,-0.463577583585646
4lb3,115,PHE,-3.26013405823843,-0.3224566022182435
4lb3,116,LYS,-1.6182697186897437,-0.5010319077334092
4lb3,117,PRO,-2.1801601086543703,0.11807137658897246
4lb3,118,GLY,-0.5600664361547345,0.6838423743688852
4lb3,119,LYS,2.5771337718767353,0.15706938889903704
4lb3,120,GLU,-1.9867277301176902,-0.0009897662742034204
4lb3,121,PHE,2.6868729646397798,-1.1489974021545915
4lb3,122,PHE,-0.5461647843127423,-0.7553006819875439
4lb3,123,PRO,-1.7181559119809915,-0.2419731982162259
4lb3,124,LEU,-2.9662834949468935,0.42598177766774714
4lb3,125,ASP,-2.3353254580484566,0.6113203135349381
4lb3,126,GLU,3.536943198348002,1.6435723562119176
4lb3,127,SER,1.9360872655818078,1.3989388835265804
4lb3,128,GLY,2.932244796505457,0.7316585654032379
4lb3,129,ASN,-2.2322659029022653,0.20420556511783097
4lb3,130,VAL,-2.3312106793489855,-0.18736992277268616
4lb3,131,VAL,-1.8154146702912357,-0.6390761358475544
4lb3,132,PRO,-2.622419303494293,-0.24430769840375724
4lb3,133,SER,-2.847001578639035,-0.030534883310116973
4lb3,134,ASP,2.1627499855780994,0.958586725774599
4lb3,135,THR,-2.262898670673484,1.4803659245733964
4lb3,136,ASN,-3.0328563224864427,0.998973545189084
4lb3,137,ILE,2.535071274923206,0.248974224100602
4lb3,138,LEU,2.1485446761412144,0.10213651123557159
4lb3,139,ASP,2.3552980064077995,0.19073735863127247
4lb3,140,THR,1.997541039847109,-0.5618008391574597
4lb3,141,TRP,2.1258861627527237,-0.8169178966415914
4lb3,142,ALA,2.3586954114890215,-0.34670526641693294
4lb3,143,ALA,2.165474817944983,-0.6200005753444019
4lb3,144,MET,1.9690746991478456,-1.0111905678176685
4lb3,145,GLU,2.130935914105125,-0.9631004062949238
4lb3,146,GLU,2.3112166894738193,-0.8577640571760133
4lb3,147,LEU,2.232843627201799,-0.926851416418727
4lb3,148,VAL,1.5560852501582252,-0.9363142666701962
4lb3,149,ASP,2.7290749350058103,-0.36716381617088883
4lb3,150,GLU,2.6897248608721127,-0.2055328920077603
4lb3,151,GLY,3.0906558740861154,0.015006496883496848
4lb3,152,LEU,2.576428262275645,-0.9475576384004106
4lb3,153,VAL,-3.3242380796648567,-0.7246242859537303
4lb3,154,LYS,2.4431512281901684,-0.9131940831842968
4lb3,155,ALA,-3.75132674910899,-0.3507439295123259
4lb3,156,ILE,-3.2749021326399923,-0.6768197016687851
4lb3,157,GLY,-2.334739656291149,-0.9178356192015128
4lb3,158,ILE,-3.7172125860818617,-0.6984316144554588
4lb3,159,SER,-3.105759377833418,-0.8460654697709095
4lb3,160,ASN,2.062550030971474,-0.882974979048859
4lb3,161,PHE,-2.607866669320128,-0.6536001150706249
4lb3,162,ASN,-2.728392747536888,-0.005892052177707653
4lb3,163,HIS,2.3820628038505665,0.21142708427653514
4lb3,164,LEU,2.3690935586298796,0.10934463294924399
4lb3,165,GLN,2.127619926217552,-0.31550483889078873
4lb3,166,VAL,1.733058595520072,-0.2327364226181531
4lb3,170,LEU,2.4122996447129,0.18238976157740827
4lb3,171,ASN,2.33082956261657,1.1959283411475548
4lb3,172,LYS,-1.6429284653060539,0.43952859095518654
4lb3,173,PRO,-0.911429111745972,0.7910901172341374
4lb3,174,GLY,2.839935639324339,0.12825799130950108
4lb3,175,LEU,-1.855701783864807,-0.18124379932431847
4lb3,176,LYS,1.304718039036607,-1.1494448198748777
4lb3,177,TYR,-2.31890010027109,-0.3226802640126378
4lb3,178,LYS,-2.439685508234222,-0.40854921401245825
4lb3,179,PRO,-1.9377615966567352,-0.45510755403560305
4lb3,180,ALA,2.332333022317419,-0.9361064876150629
4lb3,181,VAL,-3.6870336950264426,-0.8104879362335046
4lb3,182,ASN,-2.4335038614560465,-0.8110661149546327
4lb3,183,GLN,-2.008216693435703,-0.8676757626638831
4lb3,184,ILE,-3.5444658589316935,-0.5924101046615701
4lb3,185,GLU,-1.8608602025579795,-0.4645202034107832
4lb3,186,CYS,-2.5046387173130666,-0.42636542039276243
4lb3,187,HIS,-3.8463113005934253,-0.6461338906282421
4lb3,188,PRO,3.763788816064072,-0.8637269510628296
4lb3,189,TYR,2.9076884980868303,-0.8816781614228737
4lb3,190,LEU,-1.7734421060872727,-0.44447505887976535
4lb3,191,THR,2.1793756936920268,-0.7836059538109583
4lb3,195,LEU,2.226354925362838,-0.17061305118394646
4lb3,196,ILE,2.0468465731696854,-0.2623519097497116
4lb3,197,GLN,2.2584879776340627,0.16818973966052214
4lb3,198,TYR,2.0394416339189645,0.181092845263529
4lb3,199,CYS,2.163534329485294,-0.11811935451545691
4lb3,200,GLN,2.284662594138241,0.13107426165812514
4lb3,201,SER,2.5689208201997653,0.40514400029715175
4lb3,202,LYS,1.856038124265064,0.6296473080778283
4lb3,203,GLY,2.7058159081603077,0.49255651359287184
4lb3,204,ILE,-1.9318952384285117,0.2901784612175867
4lb3,205,VAL,-2.4566637626984464,-0.2215997820583283
4lb3,206,VAL,-2.561498699728457,-0.6779443615886673
4lb3,207,THR,-2.608333465285266,-0.9457419844256165
4lb3,208,ALA,-2.145911985748316,-0.8627070408362589
4lb3,209,TYR,-2.95760793109524,-0.9058594418541345
4lb3,210,SER,1.7048710123860467,-1.0963167973132697
4lb3,211,PRO,3.0660384912192176,-1.2482988163339315
4lb3,212,LEU,1.6949215050699862,-0.5067867353082272
4lb3,213,GLY,1.97527865909196,-0.3265005718067196
4lb3,214,SER,1.0602398486127906,-0.41285356952030167
4lb3,215,PRO,3.295123412253194,0.1852950633060694
4lb3,216,ASP,2.348172404497644,0.13462851958269842
4lb3,217,ARG,-1.5625078103672552,0.24603260004197633
4lb3,218,PRO,3.4608601264245813,-0.09433601460308302
4lb3,219,TRP,1.7755881315985669,0.13047283784052469
4lb3,220,ALA,-1.8731747205404445,1.571166184633758
4lb3,221,LYS,-1.851931071603364,10.545239867267169
4lb3,222,PRO,4.6770270316229015,15.526308511731932
4lb3,223,GLU,4.463150621583807,14.756749486732014
4lb3,224,ASP,-0.6271400147666021,7.395862322621744
4lb3,225,PRO,-1.4796767491288327,5.052648151268697
4lb3,226,SER,-1.6170024916773222,1.3149474945714108
4lb3,227,LEU,1.9030950392934276,0.41895843193995513
4lb3,228,LEU,2.5292857264745554,0.7902236443871504
4lb3,229,GLU,1.7857815053306259,0.6133024211004956
4lb3,230,ASP,-1.3482474530914799,0.29901722306263384
4lb3,231,PRO,2.731606993318195,0.060468310558711776
4lb3,232,ARG,2.0946391773670556,0.14477625660032337
4lb3,233,ILE,1.616970502241347,-0.12989338778068255
4lb3,234,LYS,2.3215209160388808,0.6088532252665412
4lb3,235,ALA,2.126449541024462,0.5701539174591647
4lb3,236,ILE,1.7651689875703405,-0.3272093587938235
4lb3,237,ALA,1.9269042451007732,0.01142084042783292
4lb3,238,ALA,2.189060330097567,0.8574922183348718
4lb3,239,LYS,2.1064475966909324,0.8647379128464332
4lb3,246,GLN,2.313510607281654,-0.820105263718576
4lb3,247,VAL,2.0106702076671823,-0.9149084134084101
4lb3,248,LEU,2.3774014088741753,-0.9989412418578641
4lb3,249,ILE,1.8117441702419463,-0.8136913950192224
4lb3,250,ARG,2.3857088876572905,-0.7512347163365366
4lb3,251,PHE,1.8226116366102165,-1.2909117419163645
4lb3,252,PRO,2.6138725110912127,-1.3270826733299377
4lb3,253,MET,2.118680210794434,-0.9276983366898772
4lb3,254,GLN,2.7770622100651594,-0.5414166354449809
4lb3,258,VAL,-2.796247350120112,-0.5915705785281921
4lb3,259,VAL,-2.844667874097186,-0.8173787229217873
4lb3,260,ILE,-0.30626191084260385,-1.5132422794540032
4lb3,261,PRO,-2.0336597278806074,-0.9311396666568764
4lb3,262,LYS,-2.6028588626187767,-0.8086303611946358
4lb3,263,SER,-3.7105469043178734,-0.614071864718109
4lb3,264,VAL,0.9876236697233161,-0.5499123871308822
4lb3,265,THR,-1.6680213766088179,-0.210308985573526
4lb3,266,PRO,2.918007976236306,-0.4867493443513958
4lb3,267,GLU,2.19487216420043,-0.2944857970397792
4lb3,268,ARG,2.2047540824882037,-0.5910227983406281
4lb3,269,ILE,1.6923176380226728,-0.9435276831493279
4lb3,270,ALA,2.345334481178809,-0.24453758962476907
4lb3,271,GLU,1.6350156784726426,0.1351428804581723
4lb3,272,ASN,2.3719993624985,-0.62148681939562
4lb3,273,PHE,2.4296228935073896,-0.8401876084125328
4lb3,274,LYS,-0.300630159369818,0.0014761492512046339
4lb3,275,VAL,0.6931256222029891,-0.06336170896369328
4lb3,276,PHE,2.0986057943928715,2.2990702898182254
4lb3,277,ASP,1.815314533696588,1.7670142517001368
4lb3,278,PHE,-3.482478906799356,1.0761360204404593
4lb3,279,GLU,-2.738329293232477,0.8347072994154039
4lb3,280,LEU,-2.3905305812485462,-0.055441158702190095
4lb3,281,SER,-2.5332879102084433,-0.20500426780983796
4lb3,282,SER,2.047256234792599,-0.7762456732165054
4lb3,283,GLN,2.03206268083378,-0.857259888655424
4lb3,284,ASP,1.995698524167562,-0.7075640257588685
4lb3,285,MET,1.5764886780463814,-0.9479863081680155
4lb3,286,THR,1.9411108784961504,-0.8880167868692072
4lb3,287,THR,1.896559868936336,-0.8288094265402468
4lb3,288,LEU,2.2140009636089455,-0.8677192693680864
4lb3,289,LEU,2.308382836741845,-0.7331782070899265
4lb3,290,SER,2.900792740729172,-0.4703512818817935
4lb3,291,TYR,2.802414418227752,-0.47146544035616306
4lb3,292,ASN,-1.8568495185702303,0.20770953277657392
4lb3,293,ARG,1.0397907312288945,0.6676084536856888
4lb3,294,ASN,1.525661197623877,1.2134211231440164
4lb3,295,TRP,-1.5093129960511853,0.6026454115072717
4lb3,296,ARG,-1.3896993386382246,1.2590837046262953
4lb3,297,VAL,1.0515654652666433,0.14894737877500971
4lb3,298,CYS,-1.4823722489527262,0.30028102140972596
4lb3,299,ALA,-3.9452039483398536,1.1449203471903915
4lb3,300,LEU,-1.7942905715531619,0.9976056899518352
4lb3,301,LEU,2.2346242061988337,-0.07949090834030459
4lb3,302,SER,2.501430023098483,-0.2479052278574692
4lb3,303,CYS,2.5126312395664585,-0.1987866286752071
4lb3,304,THR,3.3312233497850112,0.3885005046118253
4lb3,305,SER,3.145432025598996,0.5012638085414268
4lb3,306,HIS,-1.445208683028165,0.5067206162020473
4lb3,307,LYS,2.733220858443588,0.23335922610096227
4lb3,308,ASP,1.959650432401128,-0.20452361776904837
4lb3,309,TYR,-1.7070636970124458,-0.10642206818646097
4lb3,310,PRO,3.4925167308417557,-0.23836804422438046
4lb3,311,PHE,2.206627960595408,1.162995783533301
4lb3,312,HIS,2.8181544078265093,6.251990371409975
4lb3,313,GLU,-1.0718285171542716,8.727677132734893
4lb3,314,GLU,1.7919213806706362,5.4374870444706875
4lb4,1,ALA,-1.4980251329707832,7.958187256199111
4lb4,2,SER,3.00891796748996,0.8637076048022235
4lb4,3,ARG,-2.8763127477494552,0.975569522480396
4lb4,4,ILE,-2.748172917424416,0.5588416744944812
4lb4,5,LEU,-1.6811178991991749,0.8980427815991572
4lb4,6,LEU,-3.031786198141224,0.17278653185333712
4lb4,7,ASN,2.3990571532924028,-0.05815417972666149
4lb4,8,ASN,2.0729925157147036,0.06649013328357127
4lb4,9,GLY,3.8249563826025663,0.6200726192512506
4lb4,10,ALA,-2.78543561881799,0.671170186920864
4lb4,11,LYS,-2.234139844508253,0.5338540602027431
4lb4,12,MET,-2.202234054283388,-0.4107448781876568
4lb4,13,PRO,-1.5557302650744362,-0.4903055313416142
4lb4,14,ILE,2.8408385140446426,-0.8435124430815419
4lb4,15,LEU,-2.6821914778440017,-0.3747449148446413
4lb4,16,GLY,-3.471977968117259,-0.5880626558957837
4lb4,17,LEU,-2.180994591875777,-0.9591029170405369
4lb4,18,GLY,-2.132783115246096,-0.8712388210667398
4lb4,19,THR,1.1209128578468408,-1.4935138685424731
4lb4,20,TRP,-1.4733653341338062,-0.9702964551379445
4lb4,21,LYS,3.037493645286042,-0.9471823234730883
4lb4,22,SER,-1.6116038823755803,-0.6506318139927717
4lb4,23,PRO,-1.885148417759063,-0.3238613896824566
4lb4,24,PRO,2.679386077974775,-0.33604324733639873
4lb4,25,GLY,2.70272317207043,-0.035418766653975774
4lb4,26,GLN,2.2694401398002197,0.045882889600270114
4lb4,27,VAL,2.4742740717455938,-0.7442918082330652
4lb4,28,THR,1.7724694459850894,-0.8697717233927318
4lb4,29,GLU,2.3799354059366076,-0.5185107831566129
4lb4,30,ALA,2.058813571709618,-0.4773086283025862
4lb4,31,VAL,1.9106859688185027,-1.1484976608421156
4lb4,32,LYS,1.8782980686560524,-1.0273957750362475
4lb4,33,VAL,1.6604848455507473,-0.9848823735410265
4lb4,34,ALA,1.8968606333592828,-1.0025876307665749
4lb4,35,ILE,2.0305914223768076,-1.043608132633443
4lb4,36,ASP,2.6854712388387494,-0.7175771864267575
4lb4,37,VAL,1.5884553668703982,-0.7799466073122866
4lb4,38,GLY,3.737833480800618,-0.6449487822366674
4lb4,39,TYR,-2.3590195298498036,-0.6125813140816674
4lb4,40,ARG,0.9739763426034748,-0.4950944961897053
4lb4,41,HIS,-3.102231720070308,-0.6139499877522404
4lb4,42,ILE,-2.9047846487482794,-1.2750255414319105
4lb4,43,ASP,-2.1653698463478577,-1.2092982508120853
4lb4,44,CYS,-3.7231652414640033,-1.018236631223885
4lb4,45,ALA,-3.2319332393219242,-0.7218542039531868
4lb4,46,HIS,2.1488909707850494,-1.140024987790817
4lb4,47,VAL,2.356052798871642,-1.4626019115315068
4lb4,48,TYR,2.5029075237430134,-1.5312911442043906
4lb4,49,GLN,2.4190286650513353,-0.27689993157493115
4lb4,50,ASN,1.1424446287943864,-0.735899355453548
4lb4,54,VAL,1.67652458027051,-1.116992175263272
4lb4,55,GLY,2.34841589615535,-1.0307594639947844
4lb4,56,VAL,1.8572051641884066,-1.0875143335670818
4lb4,57,ALA,2.0736456616674235,-0.7882916098643503
4lb4,58,ILE,1.617174036242426,-0.7639026497499654
4lb4,59,GLN,2.1759315879505214,-0.4747389815334421
4lb4,60,GLU,2.250257815620644,-0.2058900208705813
4lb4,61,LYS,2.353968451696624,-0.6408962097749575
4lb4,62,LEU,1.896626211345313,-0.4549420155816896
4lb4,63,ARG,2.1650162938137436,0.5136130789090867
4lb4,64,GLU,2.689749243549798,0.6374480126814354
4lb4,65,GLN,1.8347299549999634,0.47164940442044373
4lb4,66,VAL,1.851802466397465,-0.39886365184710043
4lb4,67,VAL,-3.3353773049118853,0.5083826144644803
4lb4,68,LYS,-2.7403153792685755,0.6227353668615816
4lb4,69,ARG,2.2944030098101167,-0.26965472586577066
4lb4,70,GLU,2.574750849194449,-0.15630553331833974
4lb4,71,GLU,2.330058880440117,-0.273587823162676
4lb4,72,LEU,-3.0838553284457144,-0.35564013902094016
4lb4,73,PHE,-2.1926920514961132,-1.01777193912607
4lb4,74,ILE,-2.489608660640113,-1.0320815869927922
4lb4,75,VAL,-2.9716287037246767,-1.098710761013902
4lb4,76,SER,-2.040720731748767,-1.174943350222959
4lb4,77,LYS,-3.3603856910594994,-1.1700931702089983
4lb4,78,LEU,-2.122115912507668,-0.9463245016459632
4lb4,79,TRP,-2.720125089785514,-0.9556302639734758
4lb4,80,CYS,2.4641321002525323,-1.0322677259014752
4lb4,81,THR,1.6001343635159189,-0.7959484092160666
4lb4,82,TYR,1.1365888681566942,-0.5759512800786528
4lb4,83,HIS,2.9636151104729778,0.26146358496506283
4lb4,84,GLU,-1.2132035419971148,1.6452523857521075
4lb4,85,LYS,2.2342244058393486,1.6336033417726368
4lb4,86,GLY,2.852901377299611,0.7817111276980335
4lb4,87,LEU,2.4108107308585454,-0.12966244860784107
4lb4,88,VAL,1.9772861216951205,-0.24532400167251026
4lb4,89,LYS,2.088406887282247,-0.3423344238713728
4lb4,90,GLY,2.335892844442242,-0.37597223354957054
4lb4,91,ALA,1.8219485018906074,-0.6989785795781646
4lb4,95,THR,2.1097727424663,-1.0091241494308896
4lb4,96,LEU,2.092012107038212,-0.5760480541629791
4lb4,97,SER,1.9230261956414605,-0.19346710673619355
4lb4,98,ASP,2.1000606837613054,-0.4536991046714666
4lb4,99,LEU,2.5266941688078366,-0.5735898247404665
4lb4,100,LYS,1.2276452400485898,0.6133987099459355
4lb4,104,LEU,-2.8680527536786613,-0.6220905318836281
4lb4,105,ASP,2.699790070096101,-1.0044855922716187
4lb4,106,LEU,-3.141613385883763,-0.880308964101474
4lb4,107,TYR,-2.856117899782561,-1.1526237092496683
4lb4,108,LEU,-2.772596796630577,-0.9549500948725355
4lb4,109,ILE,-1.4801382277674962,-1.0123922554793208
4lb4,110,HIS,2.1122600473316564,-1.4125845823687058
4lb4,111,TRP,-2.9523854546650616,-0.6898927449001154
4lb4,112,PRO,3.154576612879235,-0.4068145708123594
4lb4,113,THR,-1.9470501330727594,-0.0350012211239949
4lb4,114,GLY,-2.3908317358546545,-0.4856649063959903
4lb4,115,PHE,-3.193191262031297,-0.35566021633823364
4lb4,116,LYS,-1.585344018218128,-0.3680501031006153
4lb4,117,PRO,-2.195387892547017,0.1261301001496043
4lb4,118,GLY,-0.5823505383267906,0.6818766246138368
4lb4,119,LYS,2.486990156504703,0.13790926755217742
4lb4,120,GLU,-2.0083402270300152,0.03800650336060152
4lb4,121,PHE,2.646282846757614,-1.1417013251928096
4lb4,122,PHE,-0.5638567429344467,-0.7643528379679747
4lb4,123,PRO,-1.784778642337724,-0.22859708759971226
4lb4,124,LEU,-3.076411534256297,0.41319930015841644
4lb4,125,ASP,-2.494765186523456,0.5805910826968527
4lb4,126,GLU,3.3191309613939106,1.5118719832576013
4lb4,127,SER,1.9333895602053854,1.3626030440750985
4lb4,128,GLY,2.974088748094513,0.7148314921709296
4lb4,129,ASN,-2.1833797307488823,0.24479127607669246
4lb4,130,VAL,-2.4142121089690294,-0.08051788701578504
4lb4,131,VAL,-1.7937430926555877,-0.583325765506648
4lb4,132,PRO,-2.600058330028586,-0.21114413564644735
4lb4,133,SER,-2.9366597468330218,-0.1565829566150396
4lb4,134,ASP,2.2160233448903806,0.8134907680533088
4lb4,135,THR,-2.3893295715952036,1.4006743590638504
4lb4,136,ASN,-2.989340156635738,0.923786457309131
4lb4,137,ILE,2.591150309836472,0.21052115163560392
4lb4,138,LEU,2.0476158735049617,0.08170921659425218
4lb4,139,ASP,2.3304030634345283,0.17510700080871563
4lb4,140,THR,1.9074714333564025,-0.6164277332338483
4lb4,141,TRP,2.146075673904633,-0.8088312755080755
4lb4,142,ALA,2.2857236521319213,-0.3378171168330801
4lb4,143,ALA,2.193347438746605,-0.6573492697944633
4lb4,144,MET,1.9744321919500536,-1.090566195519321
4lb4,145,GLU,2.117889550299056,-1.043568040112898
4lb4,146,GLU,2.3579774252849637,-0.8255066573968319
4lb4,147,LEU,2.2061652408052885,-1.0156553552323822
4lb4,148,VAL,1.4906837969926494,-0.879215828435669
4lb4,149,ASP,2.7246156309645326,-0.24118626130754173
4lb4,150,GLU,2.6856794940980095,-0.18428801031697126
4lb4,151,GLY,3.0839254224412445,0.011415058936113354
4lb4,152,LEU,2.601169160713645,-0.8982421058420855
4lb4,153,VAL,-3.329222198779588,-0.63210831969713
4lb4,154,LYS,2.427001937302256,-0.9482898333811489
4lb4,155,ALA,-3.8231541956930273,-0.3964818925540958
4lb4,156,ILE,-3.3244539540245523,-0.7433294426311463
4lb4,157,GLY,-2.3619080036147686,-0.9618448191042086
4lb4,158,ILE,-3.7017395312717962,-0.6848953897563997
4lb4,159,SER,-3.1219179198223337,-0.880765826391902
4lb4,160,ASN,2.06736614860934,-0.8810253861338306
4lb4,161,PHE,-2.656984420079348,-0.7593056231854628
4lb4,162,ASN,-2.7187867095565714,-0.01857760416913869
4lb4,163,HIS,2.47818764600145,0.17246995764634246
4lb4,164,LEU,2.3047058049478535,0.10232918374219467
4lb4,165,GLN,2.0628514128125897,-0.30244190000190624
4lb4,166,VAL,1.7770803608576806,-0.2553767324421823
4lb4,170,LEU,2.3938868701064964,0.17986581683564537
4lb4,171,ASN,2.3477122705217885,1.2362067573364037
4lb4,172,LYS,-1.6311273348456061,0.4889146639052113
4lb4,173,PRO,-0.990533302428504,0.8384559407861709
4lb4,174,GLY,2.896397247354704,0.14321747869798507
4lb4,175,LEU,-1.8174274457891255,-0.18087829599967048
4lb4,176,LYS,1.3019053221578196,-1.1841824678510813
4lb4,177,TYR,-2.2677373993909824,-0.2685439226312542
4lb4,178,LYS,-2.4461952677092764,-0.47810538870005703
4lb4,179,PRO,-1.9591751928804015,-0.48415561268685053
4lb4,180,ALA,2.3530796240933696,-0.9053683849975485
4lb4,181,VAL,-3.705664371743914,-0.835914776393811
4lb4,182,ASN,-2.500673291310178,-0.9938294524399403
4lb4,183,GLN,-2.091295302900551,-1.0200265559665984
4lb4,184,ILE,-3.5507360347024184,-0.6869624502073137
4lb4,185,GLU,-1.8769247702248304,-0.5536059632453869
4lb4,186,CYS,-2.567382478098676,-0.4667750176573457
4lb4,187,HIS,-3.85378379869551,-0.7085248988432702
4lb4,188,PRO,3.7722207087685184,-0.901813239304426
4lb4,189,TYR,2.907203147555122,-0.9698148881945267
4lb4,190,LEU,-1.7804940503195097,-0.47827350149483366
4lb4,191,THR,2.140204126267275,-0.7463524196354094
4lb4,195,LEU,2.336173408233267,-0.1605712711051588
4lb4,196,ILE,2.0106054111441587,-0.27304480133656134
4lb4,197,GLN,2.141196163343546,0.11647363406514898
4lb4,198,TYR,1.9903201167405133,0.14599270020517074
4lb4,199,CYS,2.226277269762209,-0.02338263404375801
4lb4,200,GLN,2.2209623433526127,0.14479786888207657
4lb4,201,SER,2.6191025688661136,0.32478565177938334
4lb4,202,LYS,1.8187618708504911,0.5652697562612903
4lb4,203,GLY,2.759870877879775,0.5171422517659202
4lb4,204,ILE,-1.9313061864002614,0.34957824488295997
4lb4,205,VAL,-2.416742820573454,-0.1654205138898555
4lb4,206,VAL,-2.5535209207989253,-0.7284996069462358
4lb4,207,THR,-2.6490988051906683,-1.038280646575827
4lb4,208,ALA,-2.128650946528648,-0.8328124333266537
4lb4,209,TYR,-2.9666107515206437,-0.8885705008765322
4lb4,210,SER,1.7522467449397594,-1.1649511597399886
4lb4,211,PRO,3.0307878386179787,-1.327873083612137
4lb4,212,LEU,1.7104333491967314,-0.5258952566297801
4lb4,213,GLY,2.043883109100065,-0.20194024885032344
4lb4,214,SER,0.9669925676536608,-0.27050570467273516
4lb4,215,PRO,3.3686675396728463,0.22658993033116798
4lb4,216,ASP,2.303166594908138,0.04461294252811342
4lb4,217,ARG,-1.5537406162630838,0.22232464240253844
4lb4,218,PRO,3.441936869313522,-0.039419883940372935
4lb4,219,TRP,1.7744901060609017,0.12244552955219071
4lb4,220,ALA,-2.0049836672571852,1.5618829863509431
4lb4,221,LYS,-2.0657385203683365,10.605098894583548
4lb4,222,PRO,4.41401382905545,15.247835314791452
4lb4,223,GLU,4.487909124864097,15.170402834387637
4lb4,224,ASP,-0.34097519914483854,7.21953776121791
4lb4,225,PRO,-1.5249078580458193,4.953913812302318
4lb4,226,SER,-1.7706600378830484,1.2380342712209433
4lb4,227,LEU,1.9162482720576008,0.4071436098719777
4lb4,228,LEU,2.543580340049314,0.8183024933887986
4lb4,229,GLU,1.8213519386485082,0.5808992707635489
4lb4,230,ASP,-1.3850868126052907,0.3751927022925475
4lb4,231,PRO,2.8144047081078245,0.08897884260465413
4lb4,232,ARG,2.1522969151073634,0.2453742400588322
4lb4,233,ILE,1.658874152463591,-0.1835666079712344
4lb4,234,LYS,2.351134814070552,0.6121535706450727
4lb4,235,ALA,2.241267945986383,0.6237908859385831
4lb4,236,ILE,1.805211829892726,-0.23641446884664807
4lb4,237,ALA,2.0021863850563952,0.09709517148825245
4lb4,238,ALA,2.3965429123659105,0.8869088391231669
4lb4,239,LYS,2.1490958780143634,0.8673969560561918
4lb4,246,GLN,2.3266993489889525,-0.7405796255299537
4lb4,247,VAL,1.9762077711025512,-0.969219902350757
4lb4,248,LEU,2.3509821682518477,-1.0671767370073193
4lb4,249,ILE,1.8167570123413876,-0.7183463980985066
4lb4,250,ARG,2.3847475310964947,-0.7953547072300927
4lb4,251,PHE,1.8367411326587137,-1.249368041850376
4lb4,252,PRO,2.6229675623944426,-1.3116820919308618
4lb4,253,MET,2.146933991481585,-0.9723004874295779
4lb4,254,GLN,2.806109085012176,-0.5196054945482624
4lb4,258,VAL,-2.9262750423417687,-0.6262162638160632
4lb4,259,VAL,-2.8639505466351762,-0.9541357124473081
4lb4,260,ILE,-0.3265441734420849,-1.5522864300337091
4lb4,261,PRO,-2.0816099685843534,-0.9324969736300823
4lb4,262,LYS,-2.6230537186295666,-0.8914509399028246
4lb4,263,SER,-3.705563530898962,-0.6177217113327262
4lb4,264,VAL,1.0565489156820842,-0.5017152885441647
4lb4,265,THR,-1.6960604963810486,-0.19561138768580608
4lb4,266,PRO,2.8165284454349213,-0.3664929058366124
4lb4,267,GLU,2.1991127008155185,-0.28438665978765304
4lb4,268,ARG,2.2321596178700727,-0.588110785325192
4lb4,269,ILE,1.740502262236168,-0.8569723625393245
4lb4,270,ALA,2.3683274530585847,-0.195327329252803
4lb4,271,GLU,1.7108745200616091,0.19499622957789345
4lb4,272,ASN,2.407612921100936,-0.493149639085665
4lb4,273,PHE,2.392773968754974,-0.7726819567981587
4lb4,274,LYS,-0.279486793050039,-0.051596996230483104
4lb4,275,VAL,0.6468657198790284,-0.1512453429484206
4lb4,276,PHE,2.115936020765367,2.3065307002585964
4lb4,277,ASP,1.8393298236852373,1.751699752755681
4lb4,278,PHE,-3.403578712401993,1.0955584016629534
4lb4,279,GLU,-2.826895803798862,0.8256318334289471
4lb4,280,LEU,-2.4753555620730716,-0.0655434392021344
4lb4,281,SER,-2.6425440117644086,-0.17096090603997788
4lb4,282,SER,2.0536254650838774,-0.7905500700526823
4lb4,283,GLN,1.9636216354439744,-0.9408000884006846
4lb4,284,ASP,2.086863476916595,-0.7519376585109974
4lb4,285,MET,1.6733356272474755,-0.9128953910985166
4lb4,286,THR,1.8522369520915418,-0.9064854676336548
4lb4,287,THR,1.9183189286309958,-0.81628194127809
4lb4,288,LEU,2.212519800967741,-0.7828570135607782
4lb4,289,LEU,2.3327530023011533,-0.7190263034638538
4lb4,290,SER,2.9197246668102617,-0.5028306024356466
4lb4,291,TYR,2.824391305420578,-0.5102188258415159
4lb4,292,ASN,-1.8163175121710349,0.2525288165092987
4lb4,293,ARG,0.9761526514403539,0.6230082144360558
4lb4,294,ASN,1.4035153829610292,1.1212721912484154
4lb4,295,TRP,-1.5386888169698336,0.571995773123421
4lb4,296,ARG,-1.3236734004130364,1.2824172063336643
4lb4,297,VAL,0.9618996815836627,0.5509269954273919
4lb4,298,CYS,-1.8914544912391014,0.403690302116975
4lb4,299,ALA,-4.1610291066405996,1.0652515975427264
4lb4,300,LEU,-1.7437782791766174,1.092846554934195
4lb4,301,LEU,2.244286162000506,-0.09550099542841596
4lb4,302,SER,2.6229821593625933,-0.24778835409753208
4lb4,303,CYS,2.507248410558099,-0.22508158284809068
4lb4,304,THR,3.312290701886038,0.2468062411799113
4lb4,305,SER,3.050747232920371,0.5017586009494684
4lb4,306,HIS,-1.4795490283298345,0.6131559970553573
4lb4,307,LYS,2.8666607845741088,0.36788116820175387
4lb4,308,ASP,1.9919092726656844,-0.15018361017384507
4lb4,309,TYR,-1.6893864433029024,-0.08167702535430417
4lb4,310,PRO,3.4276393872523143,-0.30475479038192177
4lb4,311,PHE,2.26293571438869,1.1502353014582531
4lb4,312,HIS,2.8458052751257497,6.144315676704273
4lb4,313,GLU,-1.0644584371038222,8.938670648537121
4lb4,314,GLU,1.7986618172280928,5.270779040837992
4lbr,1,ALA,-1.5434596883345175,7.9646401810486624
4lbr,2,SER,3.055268869114473,0.9262312884905609
4lbr,3,ARG,-2.89449151182472,0.9161382343745373
4lbr,4,ILE,-2.724512858517754,0.4925504268718303
4lbr,5,LEU,-1.6848515152136412,0.8232410180130277
4lbr,6,LEU,-3.027573164573961,0.12861696854020493
4lbr,7,ASN,2.369891971131559,-0.0359741343216217
4lbr,8,ASN,2.0098765779132988,0.09694561506613344
4lbr,9,GLY,3.8947315083509295,0.6826800039449672
4lbr,10,ALA,-2.8769334938273365,0.706035179824775
4lbr,11,LYS,-2.2899681342764113,0.5155297948125628
4lbr,12,MET,-2.2221789780704198,-0.331976770320148
4lbr,13,PRO,-1.559909488041519,-0.47074144786066174
4lbr,14,ILE,2.7665139910117436,-0.7916711878878011
4lbr,15,LEU,-2.6617384348145188,-0.45025408557151725
4lbr,16,GLY,-3.5541707302665686,-0.5815996786082729
4lbr,17,LEU,-2.156094030185919,-0.8941904209247798
4lbr,18,GLY,-2.1370602305998285,-0.7567198264600722
4lbr,19,THR,1.1653155407857057,-1.3873786627162272
4lbr,20,TRP,-1.3994780035715957,-0.8782500624568557
4lbr,21,LYS,3.0359382993841852,-0.8725731410106792
4lbr,22,SER,-1.4938073086658974,-0.6062180981451813
4lbr,23,PRO,-1.8198183325975952,-0.388106098856454
4lbr,24,PRO,2.666711543133985,-0.4602860755492531
4lbr,25,GLY,2.768257825579873,-0.06695937605438589
4lbr,26,GLN,2.2047781944504723,-0.04327268630477576
4lbr,27,VAL,2.4579696554016706,-0.8073338187802992
4lbr,28,THR,1.8327722146347376,-0.8516081924422761
4lbr,29,GLU,2.488911907097317,-0.44901093916233287
4lbr,30,ALA,2.0219733505725572,-0.47075441207085417
4lbr,31,VAL,1.9745483388812848,-1.1552389115392772
4lbr,32,LYS,1.904201103878135,-1.053043279760122
4lbr,33,VAL,1.6837781881376623,-0.9817628920520319
4lbr,34,ALA,1.9770017487775648,-0.8999180258276884
4lbr,35,ILE,2.022401392321394,-1.0097482174924242
4lbr,36,ASP,2.7275385985091827,-0.7428402343856341
4lbr,37,VAL,1.5969032259612446,-0.6776393365529949
4lbr,38,GLY,3.8644321704864297,-0.4743737337062428
4lbr,39,TYR,-2.3926361925088617,-0.705919674874791
4lbr,40,ARG,0.9499883776335291,-0.5256093841244937
4lbr,41,HIS,-3.195467875383564,-0.6002891518741923
4lbr,42,ILE,-2.9067958297736465,-1.087598369110162
4lbr,43,ASP,-2.085980112870507,-1.0818823754574614
4lbr,44,CYS,-3.7868746262918034,-0.989667537607965
4lbr,45,ALA,-3.288910856582799,-0.9357118804034747
4lbr,46,HIS,2.189286536067547,-1.1815866890222444
4lbr,47,VAL,2.3329301412062624,-1.4545354122431267
4lbr,48,TYR,2.4859913129088316,-1.5484724382606068
4lbr,49,GLN,2.4026242549258616,-0.3848221326101086
4lbr,50,ASN,1.1528425246930771,-0.8918621888442164
4lbr,54,VAL,1.5871845950850612,-1.3144050627767163
4lbr,55,GLY,2.313336342362576,-1.1258887047363333
4lbr,56,VAL,1.9153653084313387,-1.0530323398526005
4lbr,57,ALA,2.0281768525424773,-0.7316756280098219
4lbr,58,ILE,1.639854238014764,-0.8086303769800421
4lbr,59,GLN,2.1600240856755857,-0.467543947475889
4lbr,60,GLU,2.1851139394380077,-0.24862800691758893
4lbr,61,LYS,2.362366112292329,-0.6395151359936907
4lbr,62,LEU,1.9262213462973101,-0.3078828057487621
4lbr,63,ARG,2.5898753079855914,0.6706067748228263
4lbr,64,GLU,3.0331435056655156,0.47481109702258617
4lbr,65,GLN,1.8474854475621827,0.5338241262512958
4lbr,66,VAL,2.0049376332580713,-0.32281312988999733
4lbr,67,VAL,-3.3021975775825196,0.5501399514432376
4lbr,68,LYS,-2.667963468399747,0.6439927642980362
4lbr,69,ARG,2.3693057128579245,-0.24680168502860175
4lbr,70,GLU,2.582731960903646,-0.19360650869300636
4lbr,71,GLU,2.361110330450695,-0.3835947433149282
4lbr,72,LEU,-3.026343993787101,-0.31932677009574045
4lbr,73,PHE,-2.151555087937949,-0.9826625917544538
4lbr,74,ILE,-2.55082882718211,-0.915424054660814
4lbr,75,VAL,-3.0148744590096834,-1.0706709459930832
4lbr,76,SER,-2.0849625671821603,-1.2744153993917773
4lbr,77,LYS,-3.4998226875566187,-1.2135811034308015
4lbr,78,LEU,-2.1140524610763305,-0.9928055909198736
4lbr,79,TRP,-2.7243409355570827,-0.8297591931463342
4lbr,80,CYS,2.4506271369272707,-1.009652544723795
4lbr,81,THR,1.6191839632304048,-0.953861884600614
4lbr,82,TYR,1.114211579682298,-0.6271865730148323
4lbr,83,HIS,2.9815381996052213,0.28990374763586885
4lbr,84,GLU,-1.0940084003403712,1.6505575249419444
4lbr,85,LYS,2.157393630835986,1.5895645324944083
4lbr,86,GLY,2.9079178272904933,0.7491626259321628
4lbr,87,LEU,2.452010481061392,-0.12951635173296921
4lbr,88,VAL,2.0381665661008745,-0.2647384536690404
4lbr,89,LYS,2.023308738205722,-0.4326107892589593
4lbr,90,GLY,2.3073397386546257,-0.34568029495785596
4lbr,91,ALA,1.870059633866714,-0.6563528252842044
4lbr,95,THR,2.073501711987506,-0.9741291310211979
4lbr,96,LEU,2.083859430124529,-0.5520269422744429
4lbr,97,SER,1.8804320834994377,-0.21448390051053012
4lbr,98,ASP,2.1237115013467185,-0.5679974592912899
4lbr,99,LEU,2.5244805343723056,-0.6163883380193427
4lbr,100,LYS,1.2598896421541042,0.6598969404926028
4lbr,104,LEU,-2.8974108852750664,-0.7268067915357888
4lbr,105,ASP,2.707745504733181,-1.0657332863867046
4lbr,106,LEU,-3.2084678897885075,-0.896510456270834
4lbr,107,TYR,-2.814922532907855,-1.182733009755072
4lbr,108,LEU,-2.8618083791104207,-1.016959174317456
4lbr,109,ILE,-1.4591676339817385,-1.0315458830601207
4lbr,110,HIS,2.089327437554864,-1.4157265744042526
4lbr,111,TRP,-3.005832931962894,-0.8064498671650288
4lbr,112,PRO,3.182973858427029,-0.31934266614470747
4lbr,113,THR,-1.8432322567867845,0.025227193219928706
4lbr,114,GLY,-2.4106145819395475,-0.5245679920920993
4lbr,115,PHE,-3.2952922213218314,-0.351756260280732
4lbr,116,LYS,-1.5492601798186492,-0.3824824643349391
4lbr,117,PRO,-2.227225002695728,0.23541513761428984
4lbr,118,GLY,-0.5655170464253909,0.6263888602461248
4lbr,119,LYS,2.5130712237964676,0.08903620382326288
4lbr,120,GLU,-1.9766324229571708,0.06071138743192893
4lbr,121,PHE,2.7087482282687607,-1.1509022585842505
4lbr,122,PHE,-0.5436862898929907,-0.7443641205747008
4lbr,123,PRO,-1.7786870214913348,-0.3328976316240711
4lbr,124,LEU,-3.0026005923292316,0.35775061038361117
4lbr,125,ASP,-2.4400792688249386,0.6182651342711294
4lbr,126,GLU,3.473963751957327,1.5695747513854725
4lbr,127,SER,1.8917780431591256,1.2672465807062945
4lbr,128,GLY,2.890335413067633,0.6602002299060241
4lbr,129,ASN,-2.1998170704792614,0.24258495838653063
4lbr,130,VAL,-2.468590480393067,-0.20077499284050682
4lbr,131,VAL,-1.8761174851590614,-0.5748165174479605
4lbr,132,PRO,-2.5548906189688485,-0.13049998258532539
4lbr,133,SER,-2.976676166871646,-0.14752762414345025
4lbr,134,ASP,2.147522651940785,0.8201703032796808
4lbr,135,THR,-2.282552214784415,1.42479397041236
4lbr,136,ASN,-2.8733831491711506,0.987616720559751
4lbr,137,ILE,2.506233099994552,0.3116483206500707
4lbr,138,LEU,2.094059822218359,0.1079711529640947
4lbr,139,ASP,2.3226430834026424,0.14245124454860655
4lbr,140,THR,1.8370317149824016,-0.6019319452893138
4lbr,141,TRP,2.124843011200003,-0.7931698043328934
4lbr,142,ALA,2.3707689484000034,-0.3576774960039021
4lbr,143,ALA,2.1342830192831506,-0.6524006740592297
4lbr,144,MET,1.928773376798213,-1.0683348316410493
4lbr,145,GLU,2.134529740275829,-0.9837926587811754
4lbr,146,GLU,2.315118011434751,-0.9113293801153546
4lbr,147,LEU,2.2372760920707018,-0.8794198850565729
4lbr,148,VAL,1.5254465124303338,-0.8503031553873692
4lbr,149,ASP,2.7023186753875934,-0.24733468630702787
4lbr,150,GLU,2.6936122795747806,-0.12574677105164275
4lbr,151,GLY,3.0975527660145996,0.10083905866250731
4lbr,152,LEU,2.573256708468181,-0.9319630286238295
4lbr,153,VAL,-3.265496209873412,-0.6921746765497973
4lbr,154,LYS,2.439209725615287,-0.8451547981352648
4lbr,155,ALA,-3.828223203978741,-0.3770348826685958
4lbr,156,ILE,-3.3203504490258506,-0.7136274006929344
4lbr,157,GLY,-2.395176956835717,-0.8798039511796536
4lbr,158,ILE,-3.667135372376066,-0.735882211711797
4lbr,159,SER,-3.202145689201337,-0.8484954674274428
4lbr,160,ASN,2.035884698877527,-0.8826206051246115
4lbr,161,PHE,-2.6309299997294446,-0.7484686422553414
4lbr,162,ASN,-2.601150570455243,0.007102592290214617
4lbr,163,HIS,2.617134934288072,0.24554939954389926
4lbr,164,LEU,2.3356949157750777,0.11195381257789039
4lbr,165,GLN,2.140864111781119,-0.27626892901649125
4lbr,166,VAL,1.697033688340207,-0.24224567638057903
4lbr,170,LEU,2.402078665359543,0.12412846892526729
4lbr,171,ASN,2.341866163268899,1.185785772740974
4lbr,172,LYS,-1.6748118213026373,0.3733771825124979
4lbr,173,PRO,-1.034640822939208,0.7700209013142705
4lbr,174,GLY,2.7846122891744836,0.16538136418133986
4lbr,175,LEU,-1.7865981170054135,-0.1749239623416998
4lbr,176,LYS,1.2960984692452477,-1.1505868673176476
4lbr,177,TYR,-2.208448904304913,-0.28455155277567684
4lbr,178,LYS,-2.459567993669547,-0.37845707420209346
4lbr,179,PRO,-1.983333146361501,-0.44701571404818585
4lbr,180,ALA,2.289696199466525,-0.9846605381207656
4lbr,181,VAL,-3.6447407923177253,-0.7549456041670242
4lbr,182,ASN,-2.44604724621029,-0.9083062043054647
4lbr,183,GLN,-2.0060196604007428,-1.070196656733894
4lbr,184,ILE,-3.54604349752462,-0.6118201259964634
4lbr,185,GLU,-1.83831052305419,-0.5987577229327216
4lbr,186,CYS,-2.645980068601812,-0.4966489360391538
4lbr,187,HIS,-3.8193730453567514,-0.575725958381902
4lbr,188,PRO,3.7754375019929634,-0.9012670973750456
4lbr,189,TYR,2.874934707049478,-0.8791051955062086
4lbr,190,LEU,-1.7250148049677398,-0.3256659602259885
4lbr,191,THR,2.138138775432276,-0.6991413009204523
4lbr,195,LEU,2.294987742197252,-0.12903037150581162
4lbr,196,ILE,1.9411609027178087,-0.31975418183994037
4lbr,197,GLN,2.0408780690243336,0.08922232605549635
4lbr,198,TYR,1.9367910113458793,0.12254915879998587
4lbr,199,CYS,2.2169489158624978,-0.0008102642166803653
4lbr,200,GLN,2.2160864498701187,0.13806882450024432
4lbr,201,SER,2.56527251430691,0.38029824023129627
4lbr,202,LYS,1.8536636896732472,0.5113523130235794
4lbr,203,GLY,2.7681743995358845,0.5305859741955817
4lbr,204,ILE,-2.022113381878428,0.2898247888731399
4lbr,205,VAL,-2.423316813252082,-0.16255545355485634
4lbr,206,VAL,-2.5375972515988345,-0.6987038676732681
4lbr,207,THR,-2.647843740299081,-1.0268871228268843
4lbr,208,ALA,-2.182489108504003,-0.9131436435685117
4lbr,209,TYR,-2.965605875023145,-0.8850059020708602
4lbr,210,SER,1.0782217714718425,-1.2827252595784535
4lbr,211,PRO,3.134792973041021,-1.285990399881489
4lbr,212,LEU,1.6817124758880657,-0.5690457066880775
4lbr,213,GLY,1.9259166045803586,-0.288978642429961
4lbr,214,SER,0.9696767697956514,-0.23838446769404822
4lbr,215,PRO,3.4894675375843964,0.15254510186704304
4lbr,216,ASP,2.3684444014484956,0.03733409361293043
4lbr,217,ARG,-1.591510914647024,0.222828897981364
4lbr,218,PRO,3.470716038342489,-0.07302257276132645
4lbr,219,TRP,1.573617616394989,0.0953152487594909
4lbr,220,ALA,-2.2377381827465435,1.6348160579217588
4lbr,221,LYS,-2.027144421664989,10.721560727704578
4lbr,222,PRO,4.6309232360537465,15.482282300145455
4lbr,223,GLU,4.542773415156787,14.83892799229014
4lbr,224,ASP,-0.5970396453976297,7.373933368110264
4lbr,225,PRO,-1.6000981954610598,5.104003459368163
4lbr,226,SER,-1.7143924074735808,1.2506736952454554
4lbr,227,LEU,1.9737473294373653,0.40170472542318697
4lbr,228,LEU,2.5628262228498357,0.8250177198760954
4lbr,229,GLU,1.8149814982494237,0.5561832637961486
4lbr,230,ASP,-1.3221475598992298,0.34226477917609893
4lbr,231,PRO,2.7784072265882678,0.13640874077672355
4lbr,232,ARG,2.1925781587228026,0.23244761420288074
4lbr,233,ILE,1.5848924278497327,-0.18573265223366314
4lbr,234,LYS,2.3291733203556313,0.6074438021272748
4lbr,235,ALA,2.2653692056002552,0.5711145892572944
4lbr,236,ILE,1.7937577574011445,-0.25000363854700336
4lbr,237,ALA,2.137816172152951,0.20694090964333958
4lbr,238,ALA,2.343116672176149,0.8732231449837455
4lbr,239,LYS,2.090972486285307,0.8489732537880207
4lbr,246,GLN,2.3576512254591875,-0.7353219765668021
4lbr,247,VAL,2.0150822192002438,-1.0081470676691568
4lbr,248,LEU,2.31137455433469,-1.1780495479015443
4lbr,249,ILE,1.753966807063042,-0.897882837892715
4lbr,250,ARG,2.4244151988668756,-0.7033996523459323
4lbr,251,PHE,1.8274507796979844,-1.2794018770414661
4lbr,252,PRO,2.6482995122830815,-1.406279634629938
4lbr,253,MET,2.1755625517219697,-0.8862314887021955
4lbr,254,GLN,2.792421656439701,-0.49691696426120574
4lbr,258,VAL,-2.810870673798082,-0.578537219456875
4lbr,259,VAL,-2.799818330938181,-0.8543854134522985
4lbr,260,ILE,-0.28877518856349804,-1.5457065114236048
4lbr,261,PRO,-2.0914591886590976,-1.065163180553307
4lbr,262,LYS,-2.627042586919998,-0.9053203298270462
4lbr,263,SER,-3.694387733417129,-0.686563569725956
4lbr,264,VAL,1.006630912846218,-0.612466083716967
4lbr,265,THR,-1.6721636319899484,-0.36687742098925863
4lbr,266,PRO,2.824138026740718,-0.49163011882655316
4lbr,267,GLU,2.25603212114096,-0.32114107853221496
4lbr,268,ARG,2.184585051805508,-0.6508756787164082
4lbr,269,ILE,1.6893524461329954,-0.97771258367971
4lbr,270,ALA,2.333482506887312,-0.15097012611716892
4lbr,271,GLU,1.8146480460024603,0.2050208147031294
4lbr,272,ASN,2.4169192584054646,-0.5243031285298178
4lbr,273,PHE,2.3707731185538905,-0.839864389168966
4lbr,274,LYS,-0.3298135805410247,-0.01812212457829554
4lbr,275,VAL,0.6877498260246551,-0.07036672990367325
4lbr,276,PHE,2.1635904920955213,2.4082885846286692
4lbr,277,ASP,1.8447917160605483,1.7232014728203775
4lbr,278,PHE,-3.417012363015686,1.051285745962365
4lbr,279,GLU,-2.8037348271456968,0.8302603152815805
4lbr,280,LEU,-2.3495193919411976,-0.10901194321860777
4lbr,281,SER,-2.5729998927547815,-0.3015707262379924
4lbr,282,SER,2.085751116849741,-0.9542670380616454
4lbr,283,GLN,1.9836544904301472,-1.0010615538097347
4lbr,284,ASP,2.1016631386082136,-0.7908634649487388
4lbr,285,MET,1.6340633870817447,-1.0593551010312408
4lbr,286,THR,1.9343721559455216,-0.9884949452514152
4lbr,287,THR,1.9418194377489362,-0.7675305448257791
4lbr,288,LEU,2.277665690577902,-0.7542407844755016
4lbr,289,LEU,2.3396861026678906,-0.8323391811938436
4lbr,290,SER,2.892475659394115,-0.5662497802055456
4lbr,291,TYR,2.796131612865474,-0.4647070187745523
4lbr,292,ASN,-1.80631154862039,0.2017817796936818
4lbr,293,ARG,0.9293168788027314,0.615064622906647
4lbr,294,ASN,1.3869090033811262,1.1544730964889895
4lbr,295,TRP,-1.6721464585692565,0.710323214847739
4lbr,296,ARG,-1.6352794341222305,1.2472230235944934
4lbr,297,VAL,1.3556956738503114,0.2852194095307999
4lbr,298,CYS,-1.937734198763082,0.0904198315720415
4lbr,299,ALA,-4.126087825104435,0.9060702042932094
4lbr,300,LEU,-1.7915682136851447,1.1153977638019843
4lbr,301,LEU,2.281857179572987,-0.05654795906116975
4lbr,302,SER,2.508255727750876,-0.33038218903258854
4lbr,303,CYS,2.5150804783662717,-0.2118567745282132
4lbr,304,THR,3.3769075424303074,0.3523954110594554
4lbr,305,SER,3.03705418641805,0.4195443322138948
4lbr,306,HIS,-1.4589845064981715,0.4663510045661742
4lbr,307,LYS,2.6989247537476984,0.34298506182931626
4lbr,308,ASP,1.9839749730360958,-0.1466331635835723
4lbr,309,TYR,-1.6790193991590245,-0.12085360746992971
4lbr,310,PRO,3.4767904119302906,-0.26237780638674635
4lbr,311,PHE,2.308187919512844,1.1697191053110063
4lbr,312,HIS,2.9239440763498687,6.265331033630582
4lbr,313,GLU,-1.0712498378878856,8.832444560902312
4lbr,314,GLU,1.728561639437292,5.3980668442859505
4lbs,1,ALA,-1.5166724854794353,7.8293513533257215
4lbs,2,SER,2.905636745801474,0.7604793049970229
4lbs,3,ARG,-2.896111338032949,0.8532710527197428
4lbs,4,ILE,-2.7021206836346217,0.3734406754959958
4lbs,5,LEU,-1.6723013690378312,0.7146158310066241
4lbs,6,LEU,-3.011908080270139,0.08265367743199832
4lbs,7,ASN,2.3376435086493426,-0.1377258088962857
4lbs,8,ASN,2.0536144143996866,-0.0041315478929146695
4lbs,9,GLY,3.7644999971755335,0.4752333269236284
4lbs,10,ALA,-2.824349965129776,0.5256299622810161
4lbs,11,LYS,-2.3235371545262065,0.36129063128930533
4lbs,12,MET,-2.1984224855516703,-0.4673310165258615
4lbs,13,PRO,-1.5777036312402268,-0.5901939004358115
4lbs,14,ILE,2.7901794355720058,-0.9391985379925267
4lbs,15,LEU,-2.5629341464075956,-0.40043764805859244
4lbs,16,GLY,-3.4497256900633166,-0.6395609139443265
4lbs,17,LEU,-2.160020525139509,-1.080209068317731
4lbs,18,GLY,-2.2928144111873427,-1.0010356323471823
4lbs,19,THR,1.075297056621592,-1.6101674792119096
4lbs,20,TRP,-1.3162046425809695,-0.8933086727861361
4lbs,21,LYS,3.0355829210823218,-0.9300855119039722
4lbs,22,SER,-1.4779032798225964,-0.7057157260896215
4lbs,23,PRO,-1.859846824281637,-0.49709406214172613
4lbs,24,PRO,2.6847686267254134,-0.4262830943891964
4lbs,25,GLY,2.7029077521997156,-0.12535447128489655
4lbs,26,GLN,2.238502997117595,-0.14276433148043158
4lbs,27,VAL,2.4544314875792095,-0.8654084403559549
4lbs,28,THR,1.7676590597163018,-0.9145935516510738
4lbs,29,GLU,2.5083253031660573,-0.592140629144793
4lbs,30,ALA,2.0133702807799154,-0.5856611927946173
4lbs,31,VAL,1.8842600008807864,-1.3581931413766128
4lbs,32,LYS,1.9214945883654317,-1.206281103249007
4lbs,33,VAL,1.6523677051775527,-1.157185411382391
4lbs,34,ALA,1.9856123048201288,-1.0264675165742942
4lbs,35,ILE,2.0142413986390317,-1.1778181003552766
4lbs,36,ASP,2.6860742425671527,-0.8339108615600856
4lbs,37,VAL,1.6346894682765023,-0.8730497032879807
4lbs,38,GLY,3.733922853188673,-0.7319424594510388
4lbs,39,TYR,-2.298491844458442,-0.7668260587204624
4lbs,40,ARG,0.9089983434960639,-0.6519478641613158
4lbs,41,HIS,-3.1706609580475478,-0.7086479441669096
4lbs,42,ILE,-2.965642963190447,-1.3345738939514653
4lbs,43,ASP,-2.1246567010446182,-1.307000753403737
4lbs,44,CYS,-3.8117046987675485,-1.1738369111652969
4lbs,45,ALA,-3.2414874204818447,-0.9962364884430472
4lbs,46,HIS,2.159273782219456,-1.2606040316027773
4lbs,47,VAL,2.3505730391169593,-1.562524658983082
4lbs,48,TYR,2.507045583607203,-1.659965940488233
4lbs,49,GLN,2.324793477227445,-0.5131761244550315
4lbs,50,ASN,1.0413795420365726,-0.9858180033396564
4lbs,54,VAL,1.5777625048322177,-1.3505912535789675
4lbs,55,GLY,2.3305201259567183,-1.191506241136748
4lbs,56,VAL,1.8862872415535084,-1.287659942693855
4lbs,57,ALA,1.9998485008061684,-0.9700821897310727
4lbs,58,ILE,1.6016996520001963,-0.945024771406327
4lbs,59,GLN,2.0970692746573425,-0.6072182436524316
4lbs,60,GLU,2.1707752191430862,-0.442762673598661
4lbs,61,LYS,2.3415407608492327,-0.7754280415929369
4lbs,62,LEU,1.927103648583981,-0.41296333616702435
4lbs,63,ARG,2.5062669282962857,0.5566290948653753
4lbs,64,GLU,2.9819997979786783,0.3622345131634155
4lbs,65,GLN,1.8362418273664063,0.4369766354815144
4lbs,66,VAL,1.9181159182558392,-0.4615843659336934
4lbs,67,VAL,-3.3155120595519842,0.39527138047747196
4lbs,68,LYS,-2.630749851044469,0.44925886114322094
4lbs,69,ARG,2.294906880985384,-0.4493397043331769
4lbs,70,GLU,2.559440948516682,-0.3757546825644816
4lbs,71,GLU,2.36718289426927,-0.48939914040409094
4lbs,72,LEU,-3.057730863660824,-0.5597075447233888
4lbs,73,PHE,-2.1916477697760275,-1.117307783226
4lbs,74,ILE,-2.5433989269977113,-1.1273887694340814
4lbs,75,VAL,-3.05308451957463,-1.2340323850678718
4lbs,76,SER,-2.1041752062331587,-1.338837922113311
4lbs,77,LYS,-3.4421044924632143,-1.3256282087519697
4lbs,78,LEU,-2.066224239978641,-1.0639921025495607
4lbs,79,TRP,-2.7473081786287423,-0.9937043657328388
4lbs,80,CYS,2.464532383190958,-1.198694804010535
4lbs,81,THR,1.5677340856250424,-1.027240913942791
4lbs,82,TYR,1.1327525010908865,-0.708458996987973
4lbs,83,HIS,2.9608954357004538,0.2182551457756022
4lbs,84,GLU,-1.113327317063847,1.5067896818961066
4lbs,85,LYS,2.1456650816174885,1.5058227919550549
4lbs,86,GLY,2.92297421657821,0.6178571602628733
4lbs,87,LEU,2.412420100021675,-0.31174938287586357
4lbs,88,VAL,2.037711117906912,-0.32359290448908473
4lbs,89,LYS,2.056083267661089,-0.41983679247780176
4lbs,90,GLY,2.3112770353324152,-0.4184527561658649
4lbs,91,ALA,1.859335156089762,-0.7950152280450526
4lbs,95,THR,2.0385079793255576,-1.1363007871732445
4lbs,96,LEU,2.035974132317192,-0.7007447607718087
4lbs,97,SER,1.8555592779557626,-0.3831962702426991
4lbs,98,ASP,2.1950525442588322,-0.573409465894161
4lbs,99,LEU,2.5065571562712665,-0.6943468776690083
4lbs,100,LYS,1.078417160033768,0.4637696231949131
4lbs,104,LEU,-2.863858897348759,-0.9488028871049706
4lbs,105,ASP,2.6672528683170236,-1.1848891620634798
4lbs,106,LEU,-3.170317827052239,-0.9548997460833334
4lbs,107,TYR,-2.829495142574107,-1.203158057490262
4lbs,108,LEU,-2.835664627354077,-1.1287389896368973
4lbs,109,ILE,-1.5414237380083462,-1.0974637933665754
4lbs,110,HIS,2.114726343573954,-1.4913419946005178
4lbs,111,TRP,-3.0174310390332137,-0.8490246439887018
4lbs,112,PRO,3.1249389846070086,-0.4459103035964725
4lbs,113,THR,-1.9202947832759885,-0.12078375437863433
4lbs,114,GLY,-2.397806122988987,-0.6173370913300648
4lbs,115,PHE,-3.348786353794547,-0.5494365559926678
4lbs,116,LYS,-1.6562502986332943,-0.44950553322180686
4lbs,117,PRO,-2.2355330110450646,0.10196710106879986
4lbs,118,GLY,-0.6507377519133235,0.5361679302897024
4lbs,119,LYS,2.518554758362016,0.020552920838052154
4lbs,120,GLU,-1.9899299796005698,-0.10610391875870775
4lbs,121,PHE,2.6606053505779883,-1.2346244413643428
4lbs,122,PHE,-0.6054859650602028,-0.9036828270219741
4lbs,123,PRO,-1.7692226617141542,-0.4343248145291873
4lbs,124,LEU,-3.086921526044364,0.2885642634318265
4lbs,125,ASP,-2.4994732036139515,0.4820404415526259
4lbs,126,GLU,3.2584193936128774,1.338707614078315
4lbs,127,SER,1.9329453426440748,1.1918652117694082
4lbs,128,GLY,2.889077157674104,0.5279309561203057
4lbs,129,ASN,-2.2524984651366844,0.023303136306446655
4lbs,130,VAL,-2.4347968010809207,-0.2880069972760247
4lbs,131,VAL,-1.840394421479137,-0.6990552103811161
4lbs,132,PRO,-2.602475703681585,-0.29086962726969484
4lbs,133,SER,-2.9589580542005494,-0.30246070192705776
4lbs,134,ASP,2.1806029361114643,0.7760131752832087
4lbs,135,THR,-2.3805166807564078,1.3015591177486818
4lbs,136,ASN,-2.967460357550773,0.897279839770177
4lbs,137,ILE,2.5900073748785206,0.19862382749425744
4lbs,138,LEU,2.019403728292391,-0.0444499892328044
4lbs,139,ASP,2.274826293091905,0.03345083745265582
4lbs,140,THR,1.8429994409215085,-0.7278712061972559
4lbs,141,TRP,2.1613903880900263,-0.9105788942826869
4lbs,142,ALA,2.3554247207189527,-0.43487903347174794
4lbs,143,ALA,2.2150293067307394,-0.7005940877563317
4lbs,144,MET,1.9705045336461078,-1.142955567294383
4lbs,145,GLU,2.045243809069542,-1.1237214892359835
4lbs,146,GLU,2.317469329012388,-1.0181510949902535
4lbs,147,LEU,2.1975717299140287,-1.1397596233904939
4lbs,148,VAL,1.538851514838165,-0.9996133809185205
4lbs,149,ASP,2.663077088161275,-0.44958300071510177
4lbs,150,GLU,2.605853261328902,-0.3874119076936736
4lbs,151,GLY,3.0699335543949444,-0.16208824675138
4lbs,152,LEU,2.6127529984550044,-1.0322594629658823
4lbs,153,VAL,-3.315275063721542,-0.79193574347104
4lbs,154,LYS,2.4528238812292895,-1.0921579354336366
4lbs,155,ALA,-3.7982257990956803,-0.4649237413429617
4lbs,156,ILE,-3.3585444837240344,-0.8062250196768309
4lbs,157,GLY,-2.340975774114264,-1.0062124839877726
4lbs,158,ILE,-3.6969317720329364,-0.8111311174758369
4lbs,159,SER,-3.0962151742214914,-0.9248724499209189
4lbs,160,ASN,2.0031690978968566,-0.9922809520707219
4lbs,161,PHE,-2.5993293977580567,-0.8107461199758617
4lbs,162,ASN,-2.698129002942507,-0.08084650980804742
4lbs,163,HIS,2.406378108949846,0.06597565061385328
4lbs,164,LEU,2.292262897275612,-0.06496051624076205
4lbs,165,GLN,2.0760709574644904,-0.3891792617380868
4lbs,166,VAL,1.7053743170564981,-0.3672768023425108
4lbs,170,LEU,2.3747625645843273,0.029422800772854297
4lbs,171,ASN,2.2854154468723444,1.0683549235700165
4lbs,172,LYS,-1.6843415328002238,0.321619830830364
4lbs,173,PRO,-0.9933690612516995,0.6332839992875261
4lbs,174,GLY,2.8508830836779655,0.009688130763459321
4lbs,175,LEU,-1.783611336297458,-0.29294417495516795
4lbs,176,LYS,1.331252395343962,-1.2731603689653432
4lbs,177,TYR,-2.2845247056805773,-0.3702477828381356
4lbs,178,LYS,-2.4703323064315783,-0.49994436520269925
4lbs,179,PRO,-1.9429189227184263,-0.5071150185645089
4lbs,180,ALA,2.3682901080144685,-1.0100823651536623
4lbs,181,VAL,-3.6712996034563736,-0.8974741252265374
4lbs,182,ASN,-2.507100267339245,-1.1242469696621713
4lbs,183,GLN,-2.0276235622319723,-0.9991093432905697
4lbs,184,ILE,-3.533918195291508,-0.6431182093389064
4lbs,185,GLU,-1.8021633531799945,-0.6650684448870469
4lbs,186,CYS,-2.7279177420129987,-0.6675659130349817
4lbs,187,HIS,-3.897673836306923,-0.8145025416761617
4lbs,188,PRO,3.7679944172571314,-1.0131399159262757
4lbs,189,TYR,2.8824370242702972,-0.9587634338806247
4lbs,190,LEU,-1.7604159339811942,-0.5608602123995309
4lbs,191,THR,2.0806864373632106,-0.8719152491666282
4lbs,195,LEU,2.253277611606521,-0.24410411685654193
4lbs,196,ILE,2.0170238378663514,-0.4073334926808106
4lbs,197,GLN,1.9791198346432206,0.09936457864207669
4lbs,198,TYR,1.8199981747019023,-0.008191956075608553
4lbs,199,CYS,2.148561740577009,-0.157165812931463
4lbs,200,GLN,2.33688157261026,0.11029059990068336
4lbs,201,SER,2.499770398104055,0.2410609916061325
4lbs,202,LYS,1.781029684592828,0.4318545793306729
4lbs,203,GLY,2.76017028449204,0.4147834030311094
4lbs,204,ILE,-1.911920956807055,0.24924610146861303
4lbs,205,VAL,-2.46287718870411,-0.33106903522100284
4lbs,206,VAL,-2.5791724542975643,-0.7723462572856042
4lbs,207,THR,-2.630968109373455,-1.0589120160994852
4lbs,208,ALA,-2.1517717642203706,-1.0185204637522
4lbs,209,TYR,-2.9874065093981814,-1.0050068412269026
4lbs,210,SER,1.0616297205801395,-1.4246729515783962
4lbs,211,PRO,3.058764833844501,-1.3935671601016746
4lbs,212,LEU,1.7343571192749905,-0.6609908520672777
4lbs,213,GLY,1.9561418378355224,-0.44803644228649975
4lbs,214,SER,0.9948512304939274,-0.44062838724083403
4lbs,215,PRO,3.4503426819997376,-8.927753265569334e-05
4lbs,216,ASP,2.4301495903283916,-0.07486316080620385
4lbs,217,ARG,-1.569690929953125,0.19578152646473956
4lbs,218,PRO,3.4534303889457374,-0.14695266338479948
4lbs,219,TRP,1.651252196854527,0.05876399062770326
4lbs,220,ALA,-1.9782338689931451,1.626523501043366
4lbs,221,LYS,-1.862248734400965,10.528731063878718
4lbs,222,PRO,4.649416451777073,15.372518741441027
4lbs,223,GLU,4.501639526207761,14.63941143840014
4lbs,224,ASP,-0.6459399185751723,7.272043881332315
4lbs,225,PRO,-1.6289891556801412,4.987635195202112
4lbs,226,SER,-1.8174091221743967,1.108934118526275
4lbs,227,LEU,1.9039381023127455,0.18093543669122059
4lbs,228,LEU,2.5267215738865096,0.6945286411723266
4lbs,229,GLU,1.8273016881586874,0.3524279426911335
4lbs,230,ASP,-1.414044593176727,0.14820995228383868
4lbs,231,PRO,2.892351042903101,-0.08385577691435535
4lbs,232,ARG,2.127974346444927,-0.0290729646598525
4lbs,233,ILE,1.6630244921438897,-0.26395658999264815
4lbs,234,LYS,2.341265663665774,0.5301716957318269
4lbs,235,ALA,2.275044253779384,0.4758828329390358
4lbs,236,ILE,1.8002251862556387,-0.4234247314015832
4lbs,237,ALA,2.1347986827423204,0.07835510474713728
4lbs,238,ALA,2.392902623146393,0.7854352833761487
4lbs,239,LYS,2.1412857118072837,0.7360224509245423
4lbs,246,GLN,2.364446192221143,-0.9425052320795542
4lbs,247,VAL,1.9672052541514233,-1.07923503412239
4lbs,248,LEU,2.3456198644639965,-1.1846624557444172
4lbs,249,ILE,1.809089441754707,-1.0104812267586778
4lbs,250,ARG,2.382952937678305,-0.9686291638459786
4lbs,251,PHE,1.8056620043130214,-1.4180120884737477
4lbs,252,PRO,2.6002697501189407,-1.4342753189147495
4lbs,253,MET,2.174943840981825,-1.0095464273572063
4lbs,254,GLN,3.0836366053237474,-0.4842783139855265
4lbs,258,VAL,-2.8680834265477286,-0.6713186632818375
4lbs,259,VAL,-2.8465028905102434,-0.8667275640185171
4lbs,260,ILE,-0.25193060445432264,-1.5672613046793815
4lbs,261,PRO,-2.0311620185375565,-1.010783391841204
4lbs,262,LYS,-2.568089746304884,-0.8588329859236788
4lbs,263,SER,-3.682261396322495,-0.6871347225476911
4lbs,264,VAL,1.0532855094102047,-0.6477294574436077
4lbs,265,THR,-1.7024183561771546,-0.44136257132323325
4lbs,266,PRO,2.8293190499559975,-0.6233890134687706
4lbs,267,GLU,2.193742434917634,-0.451567050785291
4lbs,268,ARG,2.2184455236300353,-0.6878045395571677
4lbs,269,ILE,1.7081281706012619,-1.0213553612322324
4lbs,270,ALA,2.2489044418695197,-0.19944431595033163
4lbs,271,GLU,1.8826080298339694,-0.012810518051394364
4lbs,272,ASN,2.384255116291547,-0.762622413575776
4lbs,273,PHE,2.40173676670442,-0.89020985041365
4lbs,274,LYS,-0.3480857175541148,-0.18212195519819488
4lbs,275,VAL,0.6568279126083263,-0.2545552315673282
4lbs,276,PHE,2.106946163328185,2.19362522344699
4lbs,277,ASP,1.8774217277197671,1.6327687108046076
4lbs,278,PHE,-3.4275395045250887,0.9069746146701467
4lbs,279,GLU,-2.9441592940507073,0.6323845550045509
4lbs,280,LEU,-2.545394313044668,-0.3111980010976877
4lbs,281,SER,-2.6252437906813997,-0.4288773318173022
4lbs,282,SER,1.9976600186045326,-1.05457109951145
4lbs,283,GLN,1.9497403619384581,-1.1443668372963012
4lbs,284,ASP,2.1072015727288327,-1.0287576979467
4lbs,285,MET,1.6578643817898169,-1.1236067394071143
4lbs,286,THR,1.8566815163813633,-1.058804077741147
4lbs,287,THR,1.887330841053025,-0.9187646751001207
4lbs,288,LEU,2.2422464040199284,-0.8704124799311458
4lbs,289,LEU,2.3043116345057593,-0.9367105282751363
4lbs,290,SER,2.8324855500240154,-0.6806624501762422
4lbs,291,TYR,2.857120186995841,-0.5933987998796251
4lbs,292,ASN,-1.8516337786110484,0.043222130403762674
4lbs,293,ARG,0.918560955754877,0.5005646698157696
4lbs,294,ASN,1.3972158489716413,1.022423137311362
4lbs,295,TRP,-1.863750135237102,0.5925009251369155
4lbs,296,ARG,-1.7859965195971979,1.0526304409942118
4lbs,297,VAL,1.5132126108555888,0.14159901185195223
4lbs,298,CYS,-2.0113809020202638,0.18061886345834524
4lbs,299,ALA,-4.30325615820356,0.9088408796472853
4lbs,300,LEU,-1.889338705627184,0.9600656082500049
4lbs,301,LEU,2.258041781021432,-0.16252322679578393
4lbs,302,SER,2.528588323588803,-0.355523747635652
4lbs,303,CYS,2.522762003351019,-0.33571648258445946
4lbs,304,THR,3.3791362811233943,0.21490033293988503
4lbs,305,SER,3.078112212047265,0.3315255064930259
4lbs,306,HIS,-1.48101555644232,0.40353742997825887
4lbs,307,LYS,2.8178759583850885,0.13345300301207816
4lbs,308,ASP,1.9027379451533828,-0.2927628259891013
4lbs,309,TYR,-1.6361105971268215,-0.21758760696297608
4lbs,310,PRO,3.439842135194783,-0.4164807135855967
4lbs,311,PHE,2.145819645222322,1.0097886601795365
4lbs,312,HIS,2.7898281794872837,6.103455121001675
4lbs,313,GLU,-1.0775286115521538,8.64130776909323
4lbs,314,GLU,1.7112578409665504,5.3121600327134795
4rek,13,ALA,-2.7688763011626265,0.3499782273169708
4rek,14,VAL,-3.171964886074549,-0.09359980227581148
4rek,15,VAL,-2.6121706591631915,-0.1885342144193023
4rek,16,ILE,-2.0593648305485615,0.08232163132489013
4rek,17,GLY,-2.4799278829057134,0.17792705344235948
4rek,18,THR,0.23995669762248636,-0.728792388218823
4rek,19,GLY,-0.7464374812460313,-0.1691857249271199
4rek,20,TYR,1.8590353720415607,-0.5947337976074637
4rek,21,GLY,2.1785906523810024,-0.5098146863875748
4rek,22,ALA,2.0429932136475797,-0.5849197418216314
4rek,23,ALA,1.8505341610188795,-0.6333331063883479
4rek,24,VAL,1.5257227283190737,-0.3557425886161874
4rek,25,SER,1.8635874553956029,-0.33562495549149735
4rek,26,ALA,2.381981867123386,-0.3377028337584049
4rek,27,LEU,1.896708955119841,-0.0992055572490793
4rek,28,ARG,2.556200902708718,-0.16180138949543577
4rek,29,LEU,1.9449827594306563,-0.13200629234587907
4rek,30,GLY,2.2083651619732847,-0.03075987204209323
4rek,31,GLU,2.587352097645148,0.34405444206972485
4rek,32,ALA,2.338079983669012,1.4477479469910148
4rek,33,GLY,3.081501001494833,1.591303232705571
4rek,34,VAL,-2.0155387882562725,0.7360579765369093
4rek,35,GLN,-1.9206979802527877,0.5835058847917383
4rek,36,THR,-2.8154885304113293,0.3649275105552985
4rek,37,LEU,-2.600363885143697,0.11238092829856253
4rek,38,MET,-2.467632523920124,-0.12668098790729582
4rek,39,LEU,-2.19738835079008,-0.19843601928539462
4rek,40,GLU,-2.379089810811764,-0.1619002875623669
4rek,41,MET,2.9457147623600446,-0.46000426639590325
4rek,42,GLY,-0.9690093020294821,-0.30078436446023077
4rek,43,GLN,-3.070349179290544,-0.03567516096816996
4rek,44,LEU,-1.9269074876770156,-0.07896205658908073
4rek,45,TRP,-1.0694343087521694,0.04871745615462466
4rek,46,ASN,1.3936343910695117,0.5771731318897763
4rek,52,GLY,3.674851835860321,0.7603220004441841
4rek,53,ASN,-2.4085172723595547,0.6356108283096421
4rek,54,ILE,2.0670365243078646,-0.16779456949540664
4rek,61,PRO,-2.1856180298572108,0.1790511892384909
4rek,62,ASP,-1.8431291572892723,0.2024992081347451
4rek,63,LYS,2.736825138226841,-0.33024840163299857
4rek,64,ARG,2.6621898949635616,-0.5269494095162951
4rek,65,SER,2.4061187991487727,-0.10131640054331142
4rek,66,SER,-2.193097400548184,0.21853911078161062
4rek,67,TRP,-1.7160666729152494,-0.25638682297306825
4rek,71,ARG,-3.3061506635453424,0.759177025911733
4rek,72,THR,-2.851292030518732,0.44398633707429663
4rek,73,GLU,-3.223765708824352,1.0178324510197676
4rek,74,ALA,-1.3915063273499881,1.1947444691938074
4rek,75,PRO,-1.3300372101146754,1.1621773125578527
4rek,76,LEU,-1.3954317653316266,1.22078152899616
4rek,77,GLY,3.228978478193193,0.637421985614334
4rek,78,SER,1.471223797757275,0.5151478426261824
4rek,79,PHE,2.768908176277154,0.6917364833784289
4rek,80,LEU,3.0306850017197817,1.119551040004879
4rek,81,TRP,2.2782932789503816,0.833424075180871
4rek,82,LEU,2.5356330354777694,0.42902701404615606
4rek,83,ASP,2.8765615425568436,0.7400070543120647
4rek,84,VAL,2.5401021803070334,0.625229326806138
4rek,85,VAL,2.504326647325466,0.07060397084685387
4rek,86,ASN,-2.0099178899209442,1.310523111276916
4rek,87,ARG,-3.5485753232245782,0.9556524756241167
4rek,88,ASN,-2.1918236344910302,1.0348266726567297
4rek,89,ILE,-3.5551213410306994,1.0016037375908364
4rek,90,ASP,-2.178288345260418,1.3070136632513734
4rek,91,PRO,-1.6755673062401697,0.9292108565955417
4rek,92,TYR,-3.959933626234609,0.3285725529263895
4rek,93,ALA,0.37414678697736686,-0.24740631903443222
4rek,94,GLY,-1.2839497426231077,-0.0009664852893139255
4rek,95,VAL,2.6760151643476027,-0.5223111346769915
4rek,96,LEU,-2.3011683064112147,0.17362727349958193
4rek,97,ASP,-2.0702464048538456,0.18135985557119075
4rek,98,ARG,-1.5625496309694011,0.3895977369739275
4rek,99,VAL,-2.0871714969472857,0.31926929912238
4rek,100,ASN,-1.6930982855023158,1.7274608681885244
4rek,106,VAL,-2.4010631239375284,0.3861348858017919
4rek,107,TYR,-2.498757938061531,-0.07892496694042907
4rek,108,VAL,-3.621245459980108,-0.2666888227080816
4rek,109,GLY,-2.2799709112326227,0.00018246448308488242
4rek,110,ARG,-2.2896601367267806,-0.17418697996773075
4rek,111,GLY,-2.06717637951563,0.3494625142387756
4rek,112,VAL,-1.3111550088270432,-0.27770504513670125
4rek,113,GLY,3.5420723051687277,-0.3805864330716977
4rek,114,GLY,0.13043557192114968,-0.11797124391568888
4rek,115,GLY,2.5131755687039874,-1.0023480324348935
4rek,116,SER,2.563179392064603,-1.2342885629869325
4rek,117,LEU,2.223049835658396,-0.9590960951181627
4rek,118,VAL,2.3877038240876587,-0.7498581517955347
4rek,119,ASN,-2.1279688853414185,0.2668555737813832
4rek,120,GLY,1.5076610400642427,-0.2398695763261806
4rek,121,GLY,2.352105438950464,0.00082897007497072
4rek,122,MET,-1.8026368608866876,0.17859669213192486
4rek,123,ALA,-2.0639501619104443,0.13675670537768891
4rek,124,VAL,-2.912904584051935,0.2443288430763288
4rek,125,GLU,-1.592310830887065,1.1387959415187465
4rek,126,PRO,-2.058572898123239,1.2796705170484066
4rek,127,LYS,-1.4471266044460676,1.4119963436843999
4rek,128,ARG,2.443476191283957,0.8592405438184473
4rek,129,SER,2.625108773549116,0.6540317405349151
4rek,130,TYR,1.9843922746662677,0.29874114659637785
4rek,131,PHE,2.1137963625352234,0.40141082599924677
4rek,132,GLU,2.3129704753917903,0.6621878017192524
4rek,133,GLU,2.2111426647513235,0.9241759721977395
4rek,134,ILE,2.625922729454863,0.4121189640323438
4rek,135,LEU,-0.39493955601006464,0.6573978655796759
4rek,136,PRO,3.6636066346003635,1.694691212454252
4rek,137,ARG,3.2726211097263236,1.3958079557219514
4rek,144,TYR,2.678542985773646,1.0085545079659477
4rek,145,ASP,2.4384944300693383,1.434247315093836
4rek,146,ARG,1.61772922650589,1.184109840321717
4rek,147,TYR,2.6578799839378693,0.21812658894203465
4rek,148,PHE,2.351283987396063,-0.17343019808665697
4rek,149,PRO,2.6506790113962873,0.41808884486718767
4rek,150,ARG,1.9549433491973032,0.5145691329478753
4rek,156,ARG,1.6010951671423421,0.780045114586271
4rek,157,VAL,-2.1971436536984217,0.8503649959178794
4rek,158,ASN,-3.595260480786829,0.9081074617488782
4rek,159,HIS,-2.6306969088375136,1.3401224321155376
4rek,160,ILE,-2.452463527916308,1.3827166520834469
4rek,161,ASP,-1.6456824993344303,1.5875299581369255
4rek,162,THR,2.5600730924902817,1.5240020552130813
4rek,163,LYS,2.0813789754377887,1.3492131694700178
4rek,164,TRP,1.935033987820602,0.6924797216290529
4rek,165,PHE,2.3275146758672145,0.8266996610325292
4rek,166,GLU,2.205151616689665,1.383661805142053
4rek,167,ASP,2.5700455335204335,1.8853529587593623
4rek,168,THR,-1.847521483491009,1.3652054930732136
4rek,169,GLU,2.5379336834744293,0.3836993456290815
4rek,170,TRP,2.4767538676608907,-0.23321694692022304
4rek,171,TYR,1.2677242483545563,0.12203842033305726
4rek,172,LYS,2.3863550476095425,0.1729792523169818
4rek,173,PHE,2.18136868124916,0.13514016836449128
4rek,174,ALA,1.911784250317432,0.3285358770591001
4rek,175,ARG,2.3158170533264335,0.3716958467629555
4rek,176,VAL,1.918878020855423,0.3454690078242237
4rek,177,SER,2.7021101784162425,0.6216601421964512
4rek,178,ARG,2.289178819251411,1.091279061230653
4rek,179,GLU,2.099989823362278,1.28134841948928
4rek,180,GLN,2.0974321557504343,0.7814771977545913
4rek,181,ALA,2.375416731978183,1.2005801541155952
4rek,182,GLY,2.7054760616950237,2.086123362480053
4rek,183,LYS,2.6858821615079345,2.0878767684657937
4rek,184,ALA,2.1127809833166267,2.5227168750098787
4rek,185,GLY,2.9094116735938553,3.223894830224858
4rek,186,LEU,-2.3911856968094183,3.36719933182799
4rek,187,GLY,-2.6020820858319853,3.9861539158604593
4rek,188,THR,-3.2557718333270236,2.0303099960907596
4rek,189,VAL,-3.248143512036133,1.2541244425749005
4rek,190,PHE,-2.3654130073852127,1.3048311354705213
4rek,191,VAL,-2.0601308526662203,0.38907006386093457
4rek,192,PRO,-2.4571709761027476,0.4639681417133487
4rek,193,ASN,-3.1772957308699015,0.3985327430240829
4rek,194,VAL,2.8334027044930505,-0.2745093344374566
4rek,195,TYR,-2.1243492912301774,0.4597642258413565
4rek,196,ASP,-1.256197956711486,0.6388221671111552
4rek,197,PHE,2.618847124955305,0.5343892165974167
4rek,198,GLY,1.9123033389148554,0.6863388226935817
4rek,199,TYR,1.9269372888415282,0.10000989796220147
4rek,204,ALA,2.304139196739797,0.6930228084262442
4rek,205,ALA,2.3525962342499263,1.173434868983144
4rek,206,GLY,2.886500021572767,1.343018025367416
4rek,207,GLU,2.7454565701546296,0.8164676553664658
4rek,208,VAL,-2.905569586365754,0.769239891053881
4rek,209,PRO,-1.8203360756379479,0.6564123127419671
4rek,210,LYS,-2.5987094615293254,0.5606812087320316
4rek,211,SER,0.5508300528108764,-0.3501003431796568
4rek,212,ALA,2.494659956195187,-0.4976713294947271
4rek,213,LEU,1.3817584510014667,-0.2866745363342908
4rek,214,ALA,0.31951740556795444,0.10680724084713374
4rek,215,THR,1.3451306414580546,0.42762092235535704
4rek,216,GLU,-2.9268663180467467,0.12936560201989913
4rek,217,VAL,0.91132843578872,-0.6643992395667402
4rek,218,ILE,2.7005262462810737,-0.7650142786764649
4rek,219,TYR,1.4361480106188953,-0.7380947120333224
4rek,220,GLY,-2.478860227539929,0.3181494770510702
4rek,221,ASN,-2.440374397225318,0.13705663259885317
4rek,222,ASN,3.1717813745207915,-0.1463811820813003
4rek,223,HIS,-3.1606574168381534,0.7397902974494905
4rek,224,GLY,3.639372752466836,0.47752838001309794
4rek,228,LEU,2.9179844599234017,-0.41399751488786213
4rek,229,ASP,2.865212261479269,-0.2179526971623476
4rek,230,LYS,2.8259253879092037,0.37156006398022484
4rek,231,THR,0.3695696912259573,0.6879510302130609
4rek,232,TYR,2.5873218606165582,-0.1692687142640613
4rek,233,LEU,2.2285051795608766,-0.5062752392150226
4rek,234,ALA,2.0914383776282457,0.03351508222862273
4rek,235,ALA,2.333638013060037,0.24998780190736716
4rek,236,ALA,2.1751924251015273,0.16022270121694582
4rek,237,LEU,2.135426748024759,0.23572879874064215
4rek,238,GLY,2.959038714262826,0.7960335409684937
4rek,239,THR,3.0546953404655164,0.8400667402510222
4rek,245,GLN,-2.416084957258745,0.4709238197036292
4rek,246,THR,-3.075115783094842,0.33235997533630834
4rek,247,LEU,1.6119925018868677,-0.27336625728429736
4rek,248,HIS,-2.0525335710223023,0.32908934331033923
4rek,249,GLN,-2.2058472536043423,0.24301953193799616
4rek,253,ILE,-2.7464660838248602,0.5557178070890992
4rek,262,ALA,-2.8914328261309814,0.9380955654853159
4rek,263,LEU,-2.893870344953818,0.6557438271165257
4rek,264,THR,-2.500178930652767,0.3165054754321264
4rek,265,VAL,-2.68500488802789,0.6527288687930191
4rek,266,GLU,-2.02763875156575,0.7126557342077848
4rek,267,GLN,-2.250298945713055,0.5088956313849583
4rek,268,LYS,-3.341937070438251,0.618600934915999
4rek,269,ASP,-2.6974358247112535,0.6717482432625611
4rek,270,THR,3.0893614441235986,0.1546945762502839
4rek,271,ASP,2.2154848942596552,0.7901912247752236
4rek,272,GLY,2.3782177254220684,1.019851252217231
4rek,273,LYS,-2.2236276146035516,1.1115793213061933
4rek,274,LEU,-1.443645676769597,1.4331929357763407
4rek,275,LEU,1.8713733967766575,1.2854750164943682
4rek,276,ALA,-3.377306397072481,1.7605822155820705
4rek,277,THR,-2.660199493765606,2.2370540085894266
4rek,281,SER,-2.750405737003043,1.9184247302778261
4rek,282,CYS,-3.5611567850992794,0.9074740928364594
4rek,283,ARG,1.560092013790216,0.41120152047297504
4rek,284,TYR,-2.552313472713346,0.6117999449679768
4rek,285,LEU,-2.4100083231414073,0.01088058791132049
4rek,286,PHE,-2.4344224698876284,-0.057377183806764605
4rek,287,LEU,-2.2854426051942154,-0.12458369639078842
4rek,288,GLY,0.19503741386494491,-0.4397459069939721
4rek,289,ALA,1.9238339914187783,-0.3522475953966785
4rek,290,GLY,-2.0840821986960965,0.08430759901545243
4rek,294,SER,1.7730939504103407,-0.7928675477975486
4rek,295,THR,2.021296329003757,-0.6588549155734027
4rek,296,GLU,2.0540659983227174,-0.370472862049322
4rek,297,LEU,2.3898696997409496,-0.3404422572448732
4rek,301,ALA,2.3533395387893257,-0.24610163886040926
4rek,302,ARG,1.7106399362702303,-0.04586790048974677
4rek,303,ASP,2.6633845435612025,0.7827994436876823
4rek,304,THR,2.009389184469965,0.3634622888425125
4rek,305,GLY,3.056192333518087,0.6956975997149137
4rek,306,THR,2.9529893912546235,0.20047994724546003
4rek,307,LEU,-0.47160349978190724,0.3784859931121835
4rek,311,ASN,-2.5839148446863995,1.2239832561667539
4rek,312,SER,2.842566603290776,0.6745158653220924
4rek,313,GLU,2.911893642685297,0.3373160803398626
4rek,314,VAL,-1.2713148925522495,0.6204597939325942
4rek,315,GLY,3.554664706711916,0.2368369679222867
4rek,316,ALA,-2.9167500864861915,0.6238948600367655
4rek,317,GLY,1.8264386775180754,0.22138851436853074
4rek,318,TRP,-2.2856224913202423,0.31233994226442713
4rek,319,GLY,-3.001677020930226,0.20251472132690296
4rek,320,PRO,1.2363952393905255,-0.532718062189125
4rek,321,ASN,2.2121863842222425,0.1845275688340086
4rek,322,GLY,2.9423328604347896,0.2053237231147352
4rek,323,ASN,-1.7505768646372515,-0.04608980290489175
4rek,324,ILE,-2.97406613742625,0.4236531124527667
4rek,325,MET,-2.450825339842427,0.6963358604510735
4rek,326,THR,-3.5113778753618354,1.0143277933413235
4rek,327,ALA,-3.114466429714004,0.783495067979954
4rek,328,ARG,-3.103197164523276,0.6606585932333859
4rek,329,ALA,-1.761787018894749,0.7791846327241942
4rek,330,ASN,-1.932424384172295,1.5097895627583717
4rek,331,HIS,-1.9611337782766336,1.4050765030412726
4rek,332,MET,2.7909311147640645,1.1194084230981491
4rek,333,TRP,3.090799695988238,1.253881902514094
4rek,334,ASN,0.08669725296301233,0.9242548847435823
4rek,335,PRO,-1.9908227931005191,1.5762902223770165
4rek,336,THR,2.1055005305623795,0.39622565516946623
4rek,337,GLY,-1.9047671119826162,1.7072379329737308
4rek,341,SER,-1.9163814908261436,0.3992018622570438
4rek,342,SER,2.9503526280856955,-0.008413175828956516
4rek,343,ILE,-1.2442336618176224,0.7238874727011617
4rek,344,PRO,-2.148092291978096,1.314661589108092
4rek,345,ALA,2.3104783571234844,0.7200038726752173
4rek,346,LEU,-3.143233459300128,1.1393876113933388
4rek,347,GLY,-3.294664156408551,1.2493436702490652
4rek,348,ILE,-1.8232621401001634,1.5191510082401285
4rek,349,ASP,-1.1274182256018017,2.964825075896008
4rek,350,ALA,0.4232912881091149,1.306555093160062
4rek,351,TRP,-1.865874974498234,1.6095350306055636
4rek,352,ASP,1.317094591161923,2.030043199311376
4rek,353,ASN,3.4871844545391464,1.8884410454829434
4rek,354,SER,-1.9205915887264564,2.5862530213912844
4rek,355,ASP,3.371543911343611,1.90697464272815
4rek,356,SER,2.2653965382204895,1.4584145145830842
4rek,357,SER,-1.975387599091503,0.9488202848347979
4rek,358,VAL,-2.953934497648281,0.6871585555550581
4rek,359,PHE,-2.145924513348302,0.4891548261100169
4rek,363,ALA,-1.9105934720314706,0.927060023426052
4rek,364,PRO,-2.9864336019259645,1.5406713965879704
4rek,365,MET,-2.435876644804829,1.649794191928427
4rek,366,PRO,2.229046348699924,1.9918900207461427
4rek,367,ALA,2.4488254703817525,2.4881078038920097
4rek,368,GLY,2.904406880077033,3.326125746247974
4rek,369,LEU,-2.6252844026607556,3.0778109705756966
4rek,370,GLU,-1.6064191524590112,1.9077243040807206
4rek,371,THR,2.0017520120507664,0.6792238481812524
4rek,372,TRP,2.3265480655903645,0.9352469970773674
4rek,373,VAL,-2.133014016273801,1.0334604289554856
4rek,374,SER,-2.427504315165022,0.3451319049800245
4rek,375,LEU,-2.9000133561338384,0.3809681627623245
4rek,376,TYR,-3.052442667058593,0.06868341736693405
4rek,377,LEU,-1.9804188225570956,0.30740286923185783
4rek,378,ALA,-2.413680267303304,0.40104726335952706
4rek,379,ILE,-2.7465014469782316,0.2182555405236996
4rek,380,THR,-3.621038083970432,0.4852531788973473
4rek,381,LYS,-1.9250937960608896,0.6795422295942419
4rek,382,ASN,-2.2779403415010067,0.57796664692758
4rek,383,PRO,2.713990664434686,0.35048924726310066
4rek,384,GLN,-1.9552207413897529,0.6975980086161416
4rek,385,ARG,-3.3139403430151586,0.8907776834749541
4rek,386,GLY,-3.0992526259865896,0.9365098396271178
4rek,387,THR,-2.9155779348641957,0.6245068859272693
4rek,391,ASP,-1.3219861624857911,0.8466779859294069
4rek,392,ALA,3.097393645226999,0.4759078571276717
4rek,393,ALA,2.4680635839957157,0.3156085319910637
4rek,394,THR,2.940043168812162,0.236364563221878
4rek,395,ASP,1.6948731150112863,0.9625800744353684
4rek,402,THR,-2.6248042838218253,1.7946598893182875
4rek,406,ASN,2.05424436168839,0.43397767871968174
4rek,407,ALA,2.931300115503098,0.5947793532464494
4rek,408,PRO,2.706060760458527,0.1279671158577229
4rek,409,ALA,1.9654133146948851,0.20183203215865664
4rek,410,VAL,1.9146599909171873,0.25107218204536347
4rek,411,ASN,2.305487399692058,0.7093119095954682
4rek,412,ALA,2.1282283897616665,0.6643051481370137
4rek,413,ALA,2.2646258870007157,0.7694774685692362
4rek,414,LYS,2.357000987449057,0.6213313977800026
4rek,415,ALA,2.4739596149925767,0.9750620700297675
4rek,416,LEU,1.8374456966101105,0.7829693706564552
4rek,417,PHE,2.7485054324617932,0.4117016303765598
4rek,418,ASP,2.370473028189166,0.5015035015930466
4rek,419,ARG,2.3660274862223547,0.8600679599761784
4rek,420,ILE,2.003078293409285,0.5075101454653321
4rek,421,ASN,2.5906365569247574,0.6899472494424973
4rek,422,LYS,2.1778969168222644,0.9474733013966173
4rek,423,ALA,2.6907112784568117,1.372409901538925
4rek,424,ASN,2.6468850303728186,1.2812912548511437
4rek,425,GLY,2.513869585374153,1.6296317279170285
4rek,426,THR,-3.3544432596319687,1.4067888099366037
4rek,427,ILE,-3.2458862832229296,0.9032809826187512
4rek,428,TYR,-2.667961542060265,0.6687964849661007
4rek,429,ARG,-2.5297991479023736,0.2736468635038309
4rek,430,TYR,0.858879844626528,0.22873762775249476
4rek,431,ASP,1.9466851873761437,0.7011818811760753
4rek,432,LEU,3.1031858297365975,0.589719741121114
4rek,433,PHE,1.4244323588615475,3.260433742071726
4rek,434,GLY,-2.086903303296566,3.9289501817458916
4rek,435,THR,2.8604205925222357,4.668542023491352
4rek,436,GLN,-1.2383686295428857,4.106373885221076
4rek,437,LEU,-1.2671907308210826,2.7698236702725128
4rek,438,LYS,-2.117088095712877,1.5533820737044126
4rek,439,ALA,2.943978307308526,0.47368981044182384
4rek,440,PHE,-1.8670518938119358,0.9936087971608363
4rek,441,ALA,-1.8020340315173908,0.7820422114855861
4rek,442,ASP,0.9484180436585304,0.3247167904513534
4rek,443,ASP,0.7754959219392693,0.26974980906764917
4rek,447,HIS,-0.4150621889057047,-0.32415660171875366
4rek,448,PRO,-1.875907081805737,0.09579355163504563
4rek,449,LEU,-2.6974643404153382,0.16139394170031068
4rek,450,GLY,-1.2007359673599358,0.05327026511507877
4rek,451,GLY,3.2783103575238375,0.10322764566878775
4rek,452,CYS,-0.10130044120910169,0.5566420185784703
4rek,453,VAL,-2.3336022831732643,0.5996245135204898
4rek,454,LEU,-1.2600860200816477,1.027649614828708
4rek,458,THR,-3.966994326929831,0.5705540410446096
4rek,459,ASP,-1.3624442235591805,0.2606694630865997
4rek,460,ASP,2.6754091721432984,0.10645835343622767
4rek,461,TYR,1.3091722506964778,-0.03432039560701755
4rek,462,GLY,2.9162274227553677,0.4316263702104596
4rek,463,ARG,-1.545169937989282,0.34543636837081865
4rek,464,VAL,-1.742520731249769,0.6065095878643788
4rek,465,ALA,-1.589514008367257,1.1222385974567584
4rek,466,GLY,3.642167930092604,0.7445233243715589
4rek,467,TYR,-3.381670791446724,1.1976011881932687
4rek,468,LYS,-2.158938551034338,1.330645119527522
4rek,469,ASN,2.275400530935641,0.4536281398167328
4rek,470,LEU,-2.433604739732062,0.23280502536503037
4rek,471,TYR,-3.0743133042652873,0.18008979458969412
4rek,472,VAL,-2.910991235826665,-0.14800764819358608
4rek,473,THR,1.8983235775945704,-0.6727267449028798
4rek,474,ASP,-1.1948516409039147,0.16341876012051793
4rek,475,GLY,2.8277705882763673,-0.6530839682791195
4rek,476,SER,2.7373469728770385,-0.6212765071741514
4rek,477,LEU,2.381336476094945,-0.35015750169176624
4rek,481,SER,-3.214642587551759,0.34215210912225963
4rek,482,VAL,1.8009691526664382,-0.6539845236231765
4rek,483,GLY,3.706110185430826,0.17478275291304765
4rek,487,PHE,3.025389938222568,-0.8538848552064997
4rek,488,VAL,2.166539104811357,-0.5999645637161465
4rek,489,THR,1.909528618832607,-0.8187629327570017
4rek,490,ILE,1.9000860770068495,-0.8349440657397991
4rek,491,THR,1.8299639267654102,-0.669967178731103
4rek,492,ALA,2.1271825382202714,-0.4439936772391346
4rek,493,LEU,2.098796490052139,-0.5638192353084003
4rek,494,ALA,2.4165049227119506,-0.31716939533362565
4rek,495,GLU,1.8878937712254094,-0.16927425057895884
4rek,496,ARG,1.878911040928458,0.015789777538435697
4rek,497,ASN,1.9480839144146032,-0.36073866371409974
4rek,498,VAL,2.0687663838606327,-0.5435141284779019
4rek,499,GLU,2.2230951813538216,0.041638953773737386
4ua6,27,SER,-2.7786616370267727,1.8876903235294447
4ua6,28,ALA,2.317142522116656,1.2522584930091334
4ua6,29,VAL,2.34620395434465,-0.04778540014431197
4ua6,30,GLN,2.3128340724733363,0.4776887334985674
4ua6,31,GLN,2.2358982550751594,0.7118756987572631
4ua6,32,LYS,2.009395945516094,-0.5167378195997259
4ua6,33,LEU,2.3153022154495133,-1.217038436160976
4ua6,34,ALA,2.2857147397472133,-0.2729892757516996
4ua6,35,ALA,2.297701283401956,-0.3243576550244635
4ua6,36,LEU,1.6751645024062312,-0.8463092699762383
4ua6,44,LEU,-2.908041433570738,-0.7252620206493983
4ua6,45,GLY,-2.7343692217110465,-0.9962235417665566
4ua6,46,VAL,-3.1662530180129553,-0.43528892281007386
4ua6,47,ALA,-2.664773363089239,-0.7579645810174354
4ua6,48,LEU,-2.8803510462415725,-0.11609442583993053
4ua6,49,ILE,-2.69481813975378,-0.9185073015735902
4ua6,54,ASN,1.617477701271525,0.8542876639820989
4ua6,55,THR,-2.6414601137399205,1.1449061015776434
4ua6,56,GLN,-2.8471126682517527,2.2343611184655483
4zm7,2,THR,-2.0738872592549025,0.20746105258322386
4zm7,3,GLY,3.0477509508352965,-0.25341924710551517
4zm7,4,GLY,2.349395866122897,-0.12487247709637515
4zm7,5,TYR,-2.4948866048267786,-0.15501787007125703
4zm7,6,VAL,-2.382870445571291,-0.6174820472081997
4zm7,7,GLN,-2.167377104879626,-0.046746326006775675
4zm7,8,GLN,-3.003428422620082,0.5376700585304879
4zm7,9,ALA,3.015335587551941,-0.5261500606853505
4zm7,10,THR,-3.240634616038697,-0.10404858081376066
4zm7,11,GLY,-1.237584502103591,-0.2543297073550463
4zm7,12,GLN,-2.8508138068971274,-0.3495433687840833
4zm7,16,THR,-2.5345088289110485,-0.9729297231974208
4zm7,17,MET,-3.3211783787533657,-0.43281997197164046
4zm7,21,CYS,1.2716337541687919,0.4015938465787971
4zm7,22,GLY,3.3515336545810874,0.48574301529521124
4zm7,23,SER,0.06091143572391739,0.3059962301462608
4zm7,24,PRO,-2.8004669321150857,0.05045260676280874
4zm7,25,ALA,3.0008706402443783,-0.7703925547116199
4zm7,26,CYS,3.028619728268794,-0.8938895062716624
4zm7,30,ALA,-3.160993382524679,-0.06545971512869121
4zm7,31,SER,2.540674983390759,-1.2223740894591646
4zm7,32,GLY,-1.1320228222384874,-0.8314147427341924
4zm7,33,PHE,-2.19575135516801,-0.9016100576403854
4zm7,34,THR,-3.6320749817676803,-0.7996382463497368
4zm7,35,ALA,-3.759434277123336,-0.8938860345201969
4zm7,36,ALA,-2.722497065767891,-0.6596536506297833
4zm7,37,ILE,-2.9700340100482157,-0.5884949666806416
4zm7,38,ASN,-1.998294442035942,-0.4405429569255988
4zm7,39,GLN,2.299784443173208,-1.1164730300047692
4zm7,40,LEU,2.4041962418964316,-1.5012354952370628
4zm7,41,ALA,2.368874165343945,-1.1854299019240482
4zm7,42,PHE,1.728421625893064,-1.3299432606187416
4zm7,43,GLY,2.75050805241528,-0.5466898060109598
4zm7,44,SER,-3.3910306145138263,0.4765511294079941
4zm7,45,ALA,-3.14255098599861,0.5579243155867601
4zm7,46,PRO,-0.8327504723212721,0.9025578751825903
4zm7,47,GLY,4.002155389677853,1.8016176724048922
4zm7,48,LEU,1.8668005831179066,2.096885231739274
4zm7,49,GLY,-0.6099633053622158,1.2492960422502088
4zm7,50,ALA,-2.44241845472612,0.2729124436270445
4zm7,51,GLY,-2.9976297426724803,-0.2658078675478019
4zm7,52,ASP,3.391476899355796,-1.1238695895613529
4zm7,53,ALA,3.2013006208824843,-1.208573120046957
4zm7,54,CYS,-1.2131048504721602,-0.7270577162098948
4zm7,55,GLY,3.397626249684962,-1.2121878475641727
4zm7,56,ARG,-2.610398653528594,-0.9639858981172599
4zm7,57,CYS,-2.6405454931507433,-0.941896779300124
4zm7,58,PHE,-3.2274095452020255,-1.0940783543115031
4zm7,59,ALA,-2.1432809903970047,-0.6773778384995756
4zm7,60,LEU,-2.7804326683401968,-0.8744090347400628
4zm7,61,THR,-2.5310515779608997,-0.8003513744691886
4zm7,62,GLY,-2.0994071099357647,-0.17888542134261426
4zm7,63,ASN,1.4392276646364215,-0.48115994603909007
4zm7,64,HIS,-3.2161381742893456,0.007239895639080443
4zm7,65,ASP,-1.4696821262663884,-0.19136970949714424
4zm7,66,PRO,3.206096161806822,0.4136791623173549
4zm7,70,ASN,2.907576351262785,1.2180701154741167
4zm7,71,TYR,-1.6547214266000774,2.1288188976986193
4zm7,72,THR,2.2098771029419497,3.2236238095245096
4zm7,73,GLY,-5.104549608148094,4.616136104807323
4zm7,74,PRO,-2.8080198058660777,3.2080465573557992
4zm7,75,PHE,-1.708120620968635,0.9149637083370885
4zm7,76,GLY,-1.5194574248569646,-0.029849316089495332
4zm7,77,GLN,-2.950145454925164,-0.17585548807349552
4zm7,78,THR,-2.4342572262714905,-0.6188117268367319
4zm7,79,ILE,-3.297837470123356,-0.7032070887023172
4zm7,80,VAL,-2.5711954937496735,-0.968667026364246
4zm7,81,VAL,-3.3499094061496537,-0.8254434918487061
4zm7,82,LYS,-2.6098856681186136,-1.1530145289339861
4zm7,83,VAL,-2.016442622061695,-1.1859560383762928
4zm7,84,THR,1.9277499839852468,-1.4929181734342873
4zm7,85,ASP,-3.619425497790458,-0.7174950786374743
4zm7,86,LEU,-2.8755318705568502,-0.7252168588884752
4zm7,90,GLN,-2.122094068064009,5.476453135676506
4zm7,91,GLY,-0.8472122319132603,7.192903044202925
4zm7,92,ASN,2.789214162397791,6.790305502929096
4zm7,93,GLN,-1.9857874214594367,6.007713784430351
4zm7,94,GLU,1.9597859695821498,1.7934134651447524
4zm7,95,PHE,-1.1843475029775294,1.0799360304661523
4zm7,96,CYS,2.6260159098606577,0.2123386672426225
4zm7,97,GLY,1.6493755166829893,-0.09366670317041906
4zm7,105,ASP,-1.2870792196864556,1.3828635203774204
4zm7,106,GLN,3.1205578555786406,1.6493967642452056
4zm7,107,HIS,1.7538492626962403,1.767300484919685
4zm7,108,GLY,2.8031774647952763,1.1170407166627498
4zm7,109,MET,-1.9535678544315103,0.017112119809101368
4zm7,110,PRO,3.1188465728469503,-0.718841748620063
4zm7,111,PHE,-3.7035086395172687,-0.7053631452852661
4zm7,112,HIS,-3.086576616850832,-0.9186721139309816
4zm7,113,PHE,-2.6403979051725073,-1.332727026035302
4zm7,114,ASP,-2.18990747298446,-0.9215621358093937
4zm7,115,ILE,-2.0663550708662455,-0.59031428525732
4zm7,116,CYS,-1.8107384104501623,-0.5838284071102106
4zm7,117,GLU,2.406166881396808,-1.1471145805197123
4zm7,118,ASP,2.1130781246555492,-1.0752803219568017
4zm7,119,THR,1.6171679401754226,-1.0670623879631667
4zm7,120,GLY,3.831611112062411,-0.7621822797388442
4zm7,124,LYS,2.350437884597269,-0.7547732980800612
4zm7,125,PHE,1.8698651839459013,-0.6009890852517787
4zm7,126,PHE,-1.244368073231508,0.0950361089713856
4zm7,127,PRO,-1.6613795737506443,1.0977709925912356
4zm7,128,SER,-1.1420676123306264,2.448469415879956
4zm7,129,GLY,3.1353340489966213,2.7466121876603693
4zm7,130,HIS,-0.5240558653528462,1.1191506936488718
4zm7,131,GLY,1.7911355604151908,0.8408932408843103
4zm7,132,ALA,-2.493798078288882,0.61343939706888
4zm7,133,LEU,-3.532163322364907,-0.21680478669490177
4zm7,134,THR,-3.2747309536223335,-0.2874975576171161
4zm7,135,GLY,-0.768794533729519,-0.5152403824225728
4zm7,136,THR,-3.681041094908279,-0.3996009377304121
4zm7,140,VAL,-3.6894705799255765,-0.6630585863580114
4zm7,141,SER,-2.4205338223553645,-0.7544567505261625
4zm7,142,CYS,2.777962504337272,-1.4545307696002545
4zm7,143,SER,2.559922395444575,-1.109753927369815
4zm7,144,GLN,1.5560452020076436,-0.8256435001653065
4zm7,145,TRP,-2.3181641933483497,-0.6053739058548285
4zm7,146,SER,-2.519445035750046,-0.4311566039298036
4zm7,150,GLY,-2.350711643889985,0.2825380578163757
4zm7,157,ALA,-1.996739867299137,0.7184370409463151
4zm7,158,CYS,-2.686089789450236,-0.24415314159033272
4zm7,162,GLU,2.6783707536797356,-1.0077610955700176
4zm7,163,THR,1.4915478573335592,-0.08054688835236562
4zm7,164,ALA,-1.7297798412430874,0.2873042604381208
4zm7,165,PRO,-1.8944025214974833,-0.1253375293367685
4zm7,166,ASN,-1.8929756117512182,-0.2974810283058112
4zm7,167,TRP,-3.7739861114430635,0.3382828907274197
4zm7,168,PRO,-2.1028926670767683,0.49541672593123
4zm7,169,SER,-4.323920855258816,-0.1955526833579379
4zm7,170,THR,-2.9739592421275454,-0.03905204833735723
4zm7,171,ALA,0.20491105379241956,-0.2896841337982676
4zm7,172,CYS,2.859959781261364,-0.37785891651016124
4zm7,173,GLY,-2.1766649785990886,0.02950355535339516
4zm7,177,THR,-2.9838788305684334,0.6619964660206784
4zm7,178,ALA,-2.295013361703528,0.016108516238067635
4zm7,179,PRO,-1.8493479721538004,0.24513038102611234
5al6,196,ASP,2.9528748513637697,3.9371054797161023
5al6,197,LEU,0.9395184337605019,-1.143699203163574
5al6,198,ALA,2.785882178513688,1.1548417460805473
5al6,199,ALA,2.386408135578882,0.5477034438734365
5al6,200,LEU,2.124132959445591,-0.3032202287950245
5al6,204,VAL,2.2696621718892804,-1.0766420384252642
5al6,205,GLU,2.4886105409212393,-0.8206327327641596
5al6,206,SER,2.0096056569494496,-0.8621019667855873
5al6,207,VAL,1.8916614592919647,-1.1616245116179165
5al6,211,GLN,2.215726895869573,-1.1661228422816543
5al6,212,GLN,2.403652299522999,-0.8543048092133593
5al6,213,GLN,2.018799495468381,-0.9298436389541017
5al6,214,LEU,2.050760642904212,-0.9097932021359771
5al6,215,ARG,2.1213588337611684,-0.6637275264174826
5al6,216,ASN,2.2328174678593475,-0.7971899391656053
5al6,217,LEU,1.9796509519297465,-0.620591032444592
5al6,222,LEU,1.8841066628606147,-0.6393135737739847
5al6,228,ALA,2.1638957982345675,-0.4152487754452374
5d8v,13,THR,1.7443990278033756,-2.9758231089320204
5d8v,14,ALA,2.2077358337187647,-2.4448848378203323
5d8v,15,ILE,1.6871776882739031,-2.5657810106711767
5d8v,16,ALA,2.418509967988795,-2.388509334993296
5d8v,17,LEU,1.5180379234251415,-2.434448615527109
5d8v,18,LYS,1.7094911146384226,-2.0909032577672786
5d8v,19,TYR,-2.38141080283468,-1.75248040061387
5d8v,23,ALA,2.470766273019652,-2.7329033354525603
5d8v,27,GLU,0.1256846147739308,-2.8131902158607036
5d8v,28,ARG,2.6143919344736504,-2.517227353213822
5d8v,29,VAL,1.9843273645123847,-2.3417046649169957
5d8v,30,ALA,2.1600564821647197,-2.3134240603662195
5d8v,31,ALA,2.4799279637019747,-2.503039129492181
5d8v,35,GLY,2.953390512575571,-1.4048124234262818
5d8v,42,HIS,-3.838298389470004,-2.081182151873456
5d8v,43,CYS,2.414528594679269,-2.700987888216667
5d8v,44,ALA,2.8446646629333032,-2.513240795689762
5d8v,45,ASN,0.9570742216158382,-2.691938703071907
5d8v,46,CYS,-2.690249810240338,-2.237587759052047
5d8v,47,GLN,3.0390393829398934,-2.2930154818564987
5d8v,57,ASP,3.2354239198329307,-1.4654856916777563
5d8v,69,ILE,-3.5072353271115064,-1.8978905297403865
5d8v,70,ASN,-2.312558341410049,-1.9001536604789993
5d8v,71,VAL,2.706476467484953,-2.638629304942384
5d8v,72,ASN,1.8972247920946157,-2.2557810721796474
5d8v,73,GLY,-1.8115896012308228,-2.5896458039567194
5d8v,74,TRP,-3.8387747616045473,-2.1495847899811324
5d8v,75,CYS,-3.961786294214918,-2.1055089323025262
5d8v,76,ALA,3.1201152198262068,-2.399439847721527
5d8v,77,SER,1.9539198427066296,-2.5254587703729254
5d8v,78,TRP,-2.378712144669203,-2.3359750780311668
5d8v,79,THR,-3.2967357169564826,-1.9269332867851097
5d8v,80,LEU,-2.0267825246404176,-2.207441657763201
5gv7,1002,THR,-2.297794692899357,5.887051083178594
5gv7,1003,PRO,-1.2982722685487775,2.5628566795102437
5gv7,1004,ALA,-1.530019845748584,1.9752442457174961
5gv7,1005,ILE,-3.07031013810355,1.7353201808327594
5gv7,1006,THR,2.2707777524527426,1.103021393985004
5gv7,1007,LEU,-0.1855870384932733,1.0844551166645693
5gv7,1008,GLU,2.466170168620054,2.8788478517203293
5gv7,1009,ASN,-2.2739824362357135,3.074688788713623
5gv7,1010,PRO,3.4909141444957705,3.8775960344477602
5gv7,1011,ASP,2.551805462708045,3.273931774376193
5gv7,1012,ILE,-2.4255597110187765,1.7363911346338763
5gv7,1013,LYS,-2.2517259791173863,2.8483451988602106
5gv7,1014,TYR,-1.6547034328025476,0.3320559095272302
5gv7,1015,PRO,-0.7662497304568264,1.3616320523145424
5gv7,1016,LEU,-4.208115491641511,0.014156051984966155
5gv7,1017,ARG,-1.3796565723831284,0.37240311654323355
5gv7,1018,LEU,-1.6412489399371153,1.0373266071934626
5gv7,1019,ILE,2.7396422394069675,0.04630148551266888
5gv7,1023,VAL,-1.5847250322332067,1.1937300020957613
5gv7,1024,VAL,1.2475281704907055,1.465511925098619
5gv7,1025,ASN,-1.3899140947160393,1.5162674473107032
5gv7,1026,HIS,3.16169214675039,2.174832267942898
5gv7,1027,ASP,2.019657196041857,0.8547088048048743
5gv7,1028,THR,-2.7832892959159374,0.7021915865915155
5gv7,1032,ARG,-2.588979810151203,-0.3455370083209741
5gv7,1033,PHE,-3.3319723305154043,-0.09244735699810035
5gv7,1034,ALA,-1.9856233910760321,0.31257295798147483
5gv7,1035,LEU,-2.798165670136273,0.8108025507272548
5gv7,1036,PRO,3.5079227422467225,1.2479563836849308
5gv7,1037,SER,-3.1687497465512635,2.379641343894169
5gv7,1038,PRO,4.034969393260206,2.9229868503692287
5gv7,1039,GLU,3.0546714437421634,2.8605276476644383
5gv7,1040,HIS,-2.7345468243730413,1.600668691835057
5gv7,1041,ILE,-3.351124111710541,0.7957230210767042
5gv7,1042,LEU,1.7672711798788627,0.23678329621415836
5gv7,1043,GLY,0.7477544042632056,0.7529156473080705
5gv7,1044,LEU,-1.6706767316109878,-0.31019291737898413
5gv7,1045,PRO,-2.4497568739462086,-0.07573964235588007
5gv7,1046,VAL,-1.933994683231531,-0.11334224502059265
5gv7,1047,GLY,3.242197860001315,-0.9800902052679792
5gv7,1048,GLN,-3.6236619546918103,0.23480597222222108
5gv7,1049,HIS,-3.5588220981604013,-0.7597265892101528
5gv7,1050,ILE,-3.873779675735687,-0.8228197690633944
5gv7,1051,TYR,-3.4106974157529955,-0.33670392257388154
5gv7,1052,LEU,-2.598948749927404,0.12369623558771532
5gv7,1053,SER,-3.0456648101232338,-0.2484556363555147
5gv7,1054,ALA,-3.7343272326875003,-0.2709546969744978
5gv7,1055,ARG,-1.850106280905308,0.8730244463637271
5gv7,1059,ASN,-2.681025299324335,0.15094159874743787
5gv7,1060,LEU,-2.0729786986135816,-0.4647313575518646
5gv7,1061,VAL,-3.196872462169997,-0.30301964382213487
5gv7,1062,ILE,-2.9280014666485443,0.04339745551809675
5gv7,1063,ARG,-2.8240643430074,-0.08445317295116456
5gv7,1064,PRO,-2.3180206874861287,0.2245375313450681
5gv7,1065,TYR,-3.036231816888662,-0.4020685371474591
5gv7,1066,THR,-2.0664947912200633,-0.5220130644584805
5gv7,1067,PRO,-2.681375705570163,-0.5124444813433371
5gv7,1068,VAL,2.5819480363989005,-0.40404993243908033
5gv7,1069,SER,-2.42065267165572,0.8452422450575837
5gv7,1070,SER,-2.8179045244498093,-0.1646903933018696
5gv7,1071,ASP,2.87121453119875,-0.2101474022759275
5gv7,1072,ASP,3.4676637850493,0.8397847151907173
5gv7,1076,PHE,-3.9650371583177653,1.0133605102838543
5gv7,1077,VAL,-3.9002756152668443,-1.0712619504460434
5gv7,1078,ASP,-2.870100269154562,-1.5771769129297732
5gv7,1079,LEU,-3.0396442214446453,-1.0032930031170897
5gv7,1080,VAL,-3.2566001354644656,-0.42928282579376054
5gv7,1081,ILE,-2.7315279576335545,-0.1664440559902817
5gv7,1082,LYS,-2.2267981159343146,0.7714065492756471
5gv7,1086,LYS,-1.9259178311300877,2.393921123218906
5gv7,1087,ASP,3.433577322242231,3.418459251119336
5gv7,1088,THR,1.046595351941454,5.557075840911372
5gv7,1089,HIS,-1.399463471755348,5.241136890625046
5gv7,1090,PRO,3.7524166502339495,4.755191958032638
5gv7,1091,LYS,3.3676588164259176,4.063822427848167
5gv7,1092,PHE,0.471999782162228,3.781467843749574
5gv7,1093,PRO,3.9938822753278105,4.881601867206277
5gv7,1094,ALA,3.5107295123495073,3.348325625436247
5gv7,1097,LYS,2.015163910996166,-0.05365728879192982
5gv7,1098,MET,2.6001553052667425,-0.5343226686184536
5gv7,1099,SER,2.3953291152089977,-0.36807681500762746
5gv7,1100,GLN,2.6837743942929992,-0.7290721916004591
5gv7,1101,TYR,1.578760239770431,-1.2294919138358393
5gv7,1102,LEU,2.437378288606514,-0.9708182383224361
5gv7,1103,GLU,2.7080768180288977,0.35123226173502364
5gv7,1104,SER,2.9017785407514656,0.8344497789177614
5gv7,1105,MET,-1.915097832488901,1.6246423705023665
5gv7,1106,LYS,-2.20581059900097,2.110522485478036
5gv7,1107,ILE,-1.1789077629949487,1.4508178494842114
5gv7,1108,GLY,3.5325740755487844,0.600436528436627
5gv7,1109,ASP,-2.6740670456530835,0.9300052319375235
5gv7,1110,THR,-3.0622207253650617,0.6156674966278731
5gv7,1111,ILE,-3.4226579701944644,-0.03526283544187964
5gv7,1112,GLU,-2.2262437483913873,-0.9665889363785873
5gv7,1113,PHE,-2.9113484408739563,0.21833620734180986
5gv7,1114,ARG,-4.077195088586724,0.6528000178948521
5gv7,1115,GLY,-3.109536768576335,1.2093800859323203
5gv7,1116,PRO,-3.522919701429094,0.9847057275667448
5gv7,1117,ASN,-3.6120393431133735,0.1966757608279396
5gv7,1118,GLY,-1.7768393571337624,1.27300055993619
5gv7,1119,LEU,3.1051440011570133,-0.1141150958283424
5gv7,1120,LEU,-2.359882684275391,-0.08501447871348487
5gv7,1121,VAL,-3.083267142067079,-0.2653483546293817
5gv7,1122,TYR,-1.802501014839254,0.7215867124903532
5gv7,1123,GLN,1.5422362258046938,1.9375284470761382
5gv7,1129,ALA,-1.388817140234062,1.5703549543507707
5gv7,1130,ILE,-2.232207145633089,2.0142880664703164
5gv7,1131,ARG,-1.9284274911901813,2.4442048847269877
5gv7,1132,PRO,3.214761913263099,4.21087446351194
5gv7,1133,ASP,-0.6714655971756264,9.501031183438124
5gv7,1142,THR,-2.184813953664334,4.542408754141256
5gv7,1143,VAL,-3.2532901261812137,2.0224609320013074
5gv7,1144,LYS,2.52457967870077,-0.48452585443587287
5gv7,1145,SER,-4.405853020400884,-0.8679609557355545
5gv7,1146,VAL,-2.9712592501244637,-0.7018084476028789
5gv7,1149,ILE,-2.64388915597782,-1.184286757157334
5gv7,1150,ALA,-2.7921011989702045,-0.32539894439195755
5gv7,1151,GLY,-2.411515523053261,-0.12717820089232246
5gv7,1155,ILE,2.8026083898968923,-1.5840731674367041
5gv7,1156,THR,3.2267472756489637,-0.974475675191208
5gv7,1157,PRO,2.6586076065515534,-0.6993355255635707
5gv7,1158,MET,1.8123923411015737,-1.1716335498088757
5gv7,1159,LEU,2.0638007305977544,-1.0720800473884349
5gv7,1160,GLN,2.0594948833956845,-1.3095666574257883
5gv7,1161,VAL,1.6011487419609376,-1.6692248828786456
5gv7,1165,ILE,1.8414999860733223,-1.3706322969373277
5gv7,1166,MET,2.9031465896384194,-0.6498569778082601
5gv7,1167,LYS,2.9905731242260187,0.40455889956477836
5gv7,1168,ASP,-1.3504510389468247,-0.28057141688587256
5gv7,1169,PRO,3.2825655698637766,-0.03862940837330589
5gv7,1170,ASP,1.6896118688352562,0.6403815122763368
5gv7,1171,ASP,-1.970039719444293,0.40867216903919956
5gv7,1172,HIS,1.7921897271700908,0.7058862136498437
5gv7,1173,THR,-2.6578074863703693,-0.10048010957581775
5gv7,1174,VAL,-2.362382879699947,-0.45609429781844285
5gv7,1175,CYS,-2.233460790405106,-0.08469194783630238
5gv7,1176,HIS,-2.173202850874265,-0.07585080820906272
5gv7,1177,LEU,-2.413682167168581,-0.44387429822831026
5gv7,1178,LEU,-2.756183646212738,-0.6912254418922349
5gv7,1179,PHE,-2.3426119001844645,-0.26147137320672253
5gv7,1180,ALA,-3.3373689067250485,-0.7760303842888671
5gv7,1181,ASN,-3.4310822638777245,-0.022604882956249243
5gv7,1182,GLN,2.582314578148982,0.31837069079269215
5gv7,1183,THR,-3.3038972332663086,1.3240452729661987
5gv7,1184,GLU,1.9388981309071847,0.29904970927494234
5gv7,1188,LEU,-2.6993826143919932,0.2782843824761366
5gv7,1189,LEU,1.9160889325512687,-0.7586470344137365
5gv7,1190,ARG,2.8041611415800807,-0.953949268717959
5gv7,1191,PRO,2.403389407585271,-0.5598630670023834
5gv7,1192,GLU,1.8901169608409982,-0.6079375273500914
5gv7,1193,LEU,2.1601974724031083,-0.5700545752632994
5gv7,1194,GLU,2.6006865097855596,-0.5102298214534838
5gv7,1195,GLU,1.9588347574260916,-0.1119241387094917
5gv7,1196,LEU,2.3434677680984652,0.16803681831319323
5gv7,1197,ARG,2.2567238550837674,-0.23937968781132776
5gv7,1198,ASN,2.301241464952213,-0.692366181933604
5gv7,1199,GLU,2.495671636545302,-0.086756389902968
5gv7,1200,HIS,0.9892796943889092,0.882669967875876
5gv7,1201,SER,3.5677112968315194,0.7252232166760607
5gv7,1205,LYS,-3.0591251503948094,-0.3549868352627651
5gv7,1206,LEU,-2.3873270758573932,-0.05182962952609654
5gv7,1207,TRP,-3.056780791104434,0.07440298511151473
5gv7,1208,TYR,-3.138103204151742,-0.295023653631164
5gv7,1209,THR,-3.1829380717932594,-0.21509223123607793
5gv7,1210,VAL,-3.3850528431473568,-0.2801898872448414
5gv7,1211,ASP,2.186022079051194,0.5144302078701523
5gv7,1212,ARG,-2.9924692746097774,1.3167279800242206
5gv7,1213,ALA,-2.5074197683611614,0.8814604923445746
5gv7,1219,TYR,-1.1962818651451614,0.6170192581628777
5gv7,1220,SER,-2.9843737952794713,-0.0276167917100783
5gv7,1221,GLN,-3.640126946649914,-0.05043613857087131
5gv7,1222,GLY,-2.639770574920306,0.1604112566649723
5gv7,1223,PHE,-1.8046844760853014,0.3235284146050755
5gv7,1224,VAL,-1.6921144812682336,0.5824101335304719
5gv7,1225,ASN,-2.092690078976724,0.27734396401503336
5gv7,1226,GLU,1.927815860087015,0.6473987297648653
5gv7,1227,GLU,1.2832294108912314,0.9125407888610327
5gv7,1228,MET,2.7269238912101206,-0.5618065959839033
5gv7,1229,ILE,2.3000685330152884,-0.985672755411802
5gv7,1230,ARG,2.4402092639006527,-0.9742095097284781
5gv7,1231,ASP,2.102154065110703,0.42181280541307764
5gv7,1232,HIS,1.6453918329104336,0.6262212731352811
5gv7,1233,LEU,-3.200989290349197,0.8301386135705324
5gv7,1234,PRO,-1.0211513839807895,0.7259596198748638
5gv7,1235,PRO,-1.6635973567447966,1.905360454401487
5gv7,1236,PRO,2.6409716795558587,-0.5158461603790401
5gv7,1237,GLU,2.857292707419521,-0.25674665201145147
5gv7,1238,GLU,2.152187655340767,0.821210151713906
5gv7,1239,GLU,1.2281467097763423,0.864244819127616
5gv7,1240,PRO,-2.5773593001773936,-0.07166558130781146
5gv7,1241,LEU,-2.1680931290119685,0.34592878232005386
5gv7,1242,VAL,-2.1990030585313347,-0.14517428067562657
5gv7,1243,LEU,-3.211594739320042,-0.6168938516659199
5gv7,1244,MET,-3.2291032685641206,-0.3038509515380197
5gv7,1245,CYS,-2.1903027319704416,0.22814693539904668
5gv7,1246,GLY,-2.9575298224281417,1.4980606265401266
5gv7,1247,PRO,-1.557694233791616,2.779382911139999
5gv7,1248,PRO,3.727311499840925,4.5806555643511375
5gv7,1249,PRO,3.094252430185191,3.5299949433914746
5gv7,1250,MET,2.0008021597868226,0.9352254783406642
5gv7,1251,ILE,2.404504170030693,1.1064617948414062
5gv7,1252,GLN,2.4436557498407567,1.4180351819420676
5gv7,1253,TYR,2.1653925883822382,0.9709911584657877
5gv7,1254,ALA,1.966650539227707,0.10911018331953556
5gv7,1255,CYS,1.9916489463621354,0.10632319787140443
5gv7,1256,LEU,3.0096454005213733,0.8573303804119515
5gv7,1257,PRO,2.661318120136526,1.0100751910220491
5gv7,1258,ASN,2.247795436162119,0.37478592440169145
5gv7,1259,LEU,2.169842199521926,-0.3131833620279836
5gv7,1260,GLU,2.4999996592839624,1.0005221051351656
5gv7,1261,ARG,2.576831981248401,1.9453569428435586
5gv7,1262,VAL,2.3685047302165083,0.9571794837177836
5gv7,1263,GLY,2.9656776327442578,1.932714656075664
5gv7,1271,ALA,-2.032540903352005,-0.11109285441904908
5gv8,1003,PRO,-1.0450402391989424,2.7417244588266256
5gv8,1004,ALA,-1.4232548517524872,2.349206155714046
5gv8,1005,ILE,-2.9923445917495046,1.9440506852137605
5gv8,1006,THR,2.229820490692271,1.3469479718015798
5gv8,1007,LEU,-0.3394132695458054,1.2343373328070184
5gv8,1008,GLU,2.5061872512645893,2.957645952004552
5gv8,1009,ASN,-1.4208392613199476,2.821488020271285
5gv8,1013,LYS,-2.5872099994909834,2.184656675369806
5gv8,1014,TYR,-1.7144354816405685,-0.235571898569073
5gv8,1015,PRO,-1.3899814496147342,0.7942662284253704
5gv8,1016,LEU,-3.587587340204742,0.16275401494383301
5gv8,1017,ARG,-2.2299386426355534,0.1572001516230115
5gv8,1018,LEU,-1.1954251284580366,1.082448918555831
5gv8,1019,ILE,2.684675579760673,0.33342561105254637
5gv8,1023,VAL,-1.6529497843617997,0.8514595696630107
5gv8,1024,VAL,1.4186024780680548,0.3982571033376696
5gv8,1025,ASN,-1.6601835861298886,1.1053026830196573
5gv8,1026,HIS,3.396059716525197,1.655526865582159
5gv8,1027,ASP,2.1189952432398753,1.210952159986258
5gv8,1028,THR,-2.9220598790711305,-0.04909162969648664
5gv8,1029,ARG,-3.186347995846094,-0.3246154412672484
5gv8,1030,ARG,-2.2787944826500146,0.12527776002911176
5gv8,1031,PHE,-2.840204721125475,-0.07031416100793261
5gv8,1032,ARG,-2.2731324895453873,-0.3133693093524252
5gv8,1033,PHE,-3.8244676923156478,-0.6034999359763544
5gv8,1034,ALA,-2.597976754760806,-0.3045554733822485
5gv8,1035,LEU,-2.4720555883964725,0.753034805336825
5gv8,1036,PRO,3.6468876802307144,1.5910669125322474
5gv8,1037,SER,-2.879757462419918,2.4955830973488937
5gv8,1038,PRO,3.4642942987050707,2.0536431088733194
5gv8,1039,GLU,2.974639834562771,1.8654689952405852
5gv8,1040,HIS,-2.9574878147649466,0.49617015375061546
5gv8,1041,ILE,-3.233409844383921,-0.2911096469036961
5gv8,1042,LEU,1.4836189083241051,-0.04986114884233505
5gv8,1043,GLY,0.92916981916187,1.677648130313935
5gv8,1044,LEU,-1.3081918163221384,-0.06005597556247455
5gv8,1045,PRO,-2.641156775545725,-0.41741839848718193
5gv8,1046,VAL,-2.0788482673698097,-0.4598866967823993
5gv8,1047,GLY,3.236783104759586,-0.6992380235971213
5gv8,1048,GLN,-3.163094489317056,0.14550368467400862
5gv8,1049,HIS,-4.050623051175433,-0.5754091006803101
5gv8,1053,SER,-3.2433356758478813,-0.633834315048869
5gv8,1054,ALA,-4.260998076002411,-0.5632973632777892
5gv8,1055,ARG,-1.6196472762256762,0.9570544436488665
5gv8,1056,ILE,-2.191864989639953,1.2797398451137378
5gv8,1057,ASP,1.9099257547069932,1.7734829575883952
5gv8,1058,GLY,4.071426205703532,0.7558545752552884
5gv8,1059,ASN,-2.4867793424451254,0.8311190908270796
5gv8,1060,LEU,-2.2223765563538342,-0.20328467548292609
5gv8,1061,VAL,-2.841185621138922,-0.46651650684483964
5gv8,1062,ILE,-2.7453700701057713,-0.3409457108480425
5gv8,1063,ARG,-3.069535403405231,-0.8651357704350239
5gv8,1064,PRO,-2.438979669429656,-0.5402271733091685
5gv8,1065,TYR,-3.2899086046705412,-0.9188651842504526
5gv8,1066,THR,-2.2140310581918876,-1.7808121602529232
5gv8,1069,SER,-2.736215298114341,0.15351596909306886
5gv8,1070,SER,-2.698660117739678,-0.42250828749875907
5gv8,1071,ASP,3.190077694498846,1.1123371378371014
5gv8,1072,ASP,3.434443795759974,2.756343189941241
5gv8,1076,PHE,-3.953544662449733,1.0119952048543783
5gv8,1077,VAL,-3.611287112190023,-0.6811591860587398
5gv8,1078,ASP,-2.3101379992292004,-0.6243169533595314
5gv8,1079,LEU,-2.8500801425716427,-0.6699015899927014
5gv8,1080,VAL,-2.5265285787595664,-0.3328471425965952
5gv8,1081,ILE,-2.8512448735299003,-0.1621166946322897
5gv8,1082,LYS,-2.0818946121600845,0.0375524790528038
5gv8,1086,LYS,-1.9765495388477927,2.1035627290240853
5gv8,1090,PRO,3.994497632419943,3.5277149913768526
5gv8,1091,LYS,3.1142816020393425,2.2592133573094895
5gv8,1092,PHE,-0.19958096235293873,1.7696297604254856
5gv8,1093,PRO,3.7960693128578495,2.8545466990578126
5gv8,1094,ALA,3.2025521177400202,1.6494800824199167
5gv8,1097,LYS,2.1779829528997765,0.08006343061350171
5gv8,1098,MET,2.3859563705389806,-0.3698942323616275
5gv8,1099,SER,2.3406371916655906,-0.9068457591632697
5gv8,1100,GLN,2.5713930261644236,-1.0590043258653226
5gv8,1101,TYR,2.0577087897603437,-0.6532024752074628
5gv8,1102,LEU,2.4516684510804305,-0.3696290428174565
5gv8,1106,LYS,-1.9661635569590155,1.376056166288665
5gv8,1107,ILE,-1.4908180723331554,1.1834245449290601
5gv8,1108,GLY,3.519489762814905,0.5746287855099395
5gv8,1109,ASP,-2.626971149316323,1.0589768257023395
5gv8,1110,THR,-3.2971758070716195,0.2299628467867343
5gv8,1111,ILE,-3.210876736621577,0.6089048394720626
5gv8,1112,GLU,-2.3694585104056585,-0.564336639823031
5gv8,1116,PRO,-3.4246957618417797,0.7549031206222789
5gv8,1117,ASN,-3.833066875861062,-0.008374704537739915
5gv8,1118,GLY,-1.7811591040076264,1.0173229899132523
5gv8,1119,LEU,3.0008163572296263,0.16621785858189694
5gv8,1120,LEU,-2.5205916835147706,0.42982929298722283
5gv8,1121,VAL,-2.857619739112669,-0.20016013719466433
5gv8,1122,TYR,-1.9553379219800988,0.5515879666920219
5gv8,1123,GLN,2.7203744076210814,1.5291228392049072
5gv8,1124,GLY,-2.1727931054047955,2.046400919331449
5gv8,1125,LYS,1.7333273620654208,0.8896518739317117
5gv8,1126,GLY,3.9472750856380294,1.1525577815792618
5gv8,1127,LYS,-2.0706115942563317,0.8125329777289734
5gv8,1128,PHE,-2.3957397298677496,1.6564605225175588
5gv8,1129,ALA,-1.8313305685259968,0.9132671848780409
5gv8,1130,ILE,-2.000538404021947,1.9267430785869875
5gv8,1131,ARG,-2.19927188621815,1.9239101825182796
5gv8,1132,PRO,3.645331284957236,2.8434552161654856
5gv8,1133,ASP,-3.5362395083221196,6.72243157343211
5gv8,1134,LYS,3.2422602411934873,9.356308446008214
5gv8,1135,LYS,4.6891167097561,12.746800805967078
5gv8,1142,THR,-1.4583455091569346,4.585609420316568
5gv8,1143,VAL,-3.4129406252972623,1.7425019442400915
5gv8,1149,ILE,-2.6193819404719463,-1.0913046313812078
5gv8,1150,ALA,-3.061214593777493,-0.17875093268321623
5gv8,1151,GLY,-2.2902920277130776,-0.04053525455471395
5gv8,1152,GLY,-0.48141269218380356,-0.5802692894354853
5gv8,1155,ILE,2.636520284580408,-1.03618144841479
5gv8,1156,THR,3.357900458079968,-0.9021667956743942
5gv8,1157,PRO,2.590434842351252,-0.9298516506591664
5gv8,1158,MET,1.6299785865748275,-0.9853561934013719
5gv8,1159,LEU,2.0373836321186074,-0.8560814900654565
5gv8,1160,GLN,2.0483204664341397,-1.2201085445866848
5gv8,1161,VAL,1.8329422877522572,-1.3407955695169687
5gv8,1162,ILE,1.7152317025011483,-1.0017149720467637
5gv8,1163,ARG,1.2648217831623916,-0.5204204052781489
5gv8,1164,ALA,2.2936360095998984,-0.6488846073103186
5gv8,1165,ILE,1.9658037486193982,-0.8169198222303443
5gv8,1166,MET,2.9956213862182466,-0.41002147816388024
5gv8,1167,LYS,3.29370311824578,0.5332551646362891
5gv8,1168,ASP,-1.4430916472983424,-0.12155696341724646
5gv8,1169,PRO,3.3055341170936416,0.07426563960061772
5gv8,1170,ASP,1.7870539259328406,0.9305517111751974
5gv8,1171,ASP,-1.789582594694243,0.8255623133059166
5gv8,1172,HIS,1.5721407814253185,0.1812210761235908
5gv8,1173,THR,-2.3604284946650838,0.21924674745261324
5gv8,1174,VAL,-2.3709786783466114,-0.6425237875845288
5gv8,1175,CYS,-2.218788302545041,-0.17333243852000985
5gv8,1176,HIS,-2.2306982614480924,-0.11139644239076175
5gv8,1177,LEU,-2.636375903971736,-0.6459996253661746
5gv8,1178,LEU,-2.960711147174303,-0.7590679809268847
5gv8,1179,PHE,-2.1803782391838964,-0.4212969044452627
5gv8,1180,ALA,-2.9001416704664362,-0.4358459410011933
5gv8,1181,ASN,-3.7243685214510376,-0.37634853834932425
5gv8,1182,GLN,2.186383867984508,-0.45486242090926643
5gv8,1183,THR,-3.5717091244007633,0.5783095180148433
5gv8,1184,GLU,2.2173533156233276,-0.7203423380644083
5gv8,1188,LEU,-2.027886606826981,-0.07628132805437798
5gv8,1189,LEU,1.9368628351857244,-0.5817838296658139
5gv8,1190,ARG,2.7105110583413627,-1.1574891441591297
5gv8,1191,PRO,2.168540440337442,-0.5664083741277903
5gv8,1192,GLU,1.940518146894315,-0.8916185710993845
5gv8,1193,LEU,1.8955117113520508,-0.5948689270967966
5gv8,1194,GLU,2.426382876306742,-0.5634179151944902
5gv8,1195,GLU,1.5626892744752068,-0.4960577798772101
5gv8,1196,LEU,2.2017473909149827,-0.8648450694088222
5gv8,1197,ARG,2.2429993692950627,-0.5166136212343726
5gv8,1198,ASN,2.643779623369699,-0.07768061016470351
5gv8,1199,GLU,2.4909808245343696,0.15719545272850344
5gv8,1200,HIS,0.9457365249741128,0.35485682183284295
5gv8,1201,SER,3.1015647776657382,0.6330839731741513
5gv8,1207,TRP,-3.076934497168002,-0.038573702140000846
5gv8,1208,TYR,-3.1309652242673116,-0.3867597529175681
5gv8,1209,THR,-3.0053439353910427,-0.34487941989881943
5gv8,1210,VAL,-3.1012266597345186,-0.49883302262425694
5gv8,1211,ASP,2.2254414605159645,0.12956305420571826
5gv8,1212,ARG,-3.324759440067844,0.6117858960257452
5gv8,1213,ALA,-2.5787997980217234,0.4225833000346471
5gv8,1214,PRO,-3.3984387025707323,2.147396955501507
5gv8,1219,TYR,-1.0123985341102213,0.48076815622054286
5gv8,1220,SER,-2.856302890756391,-0.04244921568343494
5gv8,1221,GLN,-3.4943401194635273,0.03546076736567506
5gv8,1222,GLY,-2.231930645631024,0.15160232143739874
5gv8,1223,PHE,-2.2115771193375076,0.6496701581668822
5gv8,1224,VAL,-2.070752025734662,-0.34907514731117106
5gv8,1225,ASN,-3.6906866516995898,-0.05224496189479259
5gv8,1226,GLU,1.9213171686512251,-0.30821753859138706
5gv8,1227,GLU,1.9193008339987958,-0.7457910870758959
5gv8,1231,ASP,2.1884626806392204,-0.6584151677819882
5gv8,1232,HIS,1.4239477866452452,-0.9334359955034903
5gv8,1233,LEU,-2.434428508186451,0.10788433915300068
5gv8,1234,PRO,-1.8505755615332942,0.5126468274316288
5gv8,1235,PRO,-2.0175532999351478,1.2536511989711627
5gv8,1236,PRO,2.578937514375875,0.025068083967323903
5gv8,1237,GLU,2.7043576841097035,0.22323843816977718
5gv8,1238,GLU,2.2487699288830174,0.38590156349794047
5gv8,1239,GLU,1.1566259785421273,0.4048016798786295
5gv8,1240,PRO,-2.3470393495600477,0.2320796372961892
5gv8,1241,LEU,-2.356332449850759,0.16050267773525442
5gv8,1242,VAL,-2.1084642372885143,0.2831081000071644
5gv8,1243,LEU,-2.9952869249575516,-0.0036937245411678143
5gv8,1244,MET,-3.1325792129709473,-0.37988633073371153
5gv8,1245,CYS,-2.436427181713307,-0.16359006690020242
5gv8,1246,GLY,-2.885491238093049,1.3032034376198502
5gv8,1247,PRO,-1.5378496586114545,2.156241746007678
5gv8,1248,PRO,3.6792320504860965,4.566068607207308
5gv8,1249,PRO,2.855814641451974,3.644428545528342
5gv8,1250,MET,2.0748410642067867,0.5834873615089122
5gv8,1251,ILE,1.9730141137223034,0.7509328589182629
5gv8,1252,GLN,2.410500016877727,0.8187004071840122
5gv8,1253,TYR,2.121074329812606,0.378809372056357
5gv8,1254,ALA,2.1598376644656776,-0.1818104326119043
5gv8,1255,CYS,1.1484059166440743,-1.0164778721705523
5gv8,1256,LEU,3.331844738967236,-0.05360080922471996
5gv8,1257,PRO,2.377081359119508,0.521316770854683
5gv8,1258,ASN,2.2848652308814916,-0.26619269253697236
5gv8,1259,LEU,2.0343775705704297,-0.38550761439956127
5gv8,1260,GLU,2.617015901560961,0.7740298047316216
5gv8,1261,ARG,2.498444946209962,1.3224664106637165
5gv8,1262,VAL,2.491854225412055,0.15676801175307264
5gv8,1263,GLY,3.246065952018148,1.0710315055890551
5gv8,1271,ALA,-1.9331186090780481,0.29242237859562165
5kwm,2,VAL,-2.8411280655823354,0.304108851742665
5kwm,3,GLY,2.6804937820773675,0.8679759033976866
5kwm,7,ALA,-3.2808880768494473,0.4193050105999115
5kwm,8,ASN,-2.1145194452662754,0.1578008280721692
5kwm,9,VAL,2.1852623054385365,-0.6154657880496103
5kwm,10,GLN,2.3964916440075985,-0.09801364000764921
5kwm,11,ASP,2.5713406532864034,-0.45705703982900225
5kwm,15,THR,-1.9164629213840592,-0.2957941935914289
5kwm,16,VAL,-3.579535294919814,-0.29265402712832844
5kwm,27,CYS,-3.7614141950877134,0.9491859263907605
5kwm,28,GLY,-3.473032311782018,0.058707034230345456
5kwm,29,GLY,-3.8717034655948632,0.0007853163002660192
5kwm,33,ALA,-3.5807598422479816,0.982514919959759
5kwm,34,PRO,3.4623238785065986,0.35814199709635886
5kwm,35,ASN,1.8578747277006795,0.4209609753715686
5kwm,36,LYS,-2.5313735682893115,0.33975059574846356
5kwm,37,VAL,-2.586708429264349,-0.01967233559058733
5kwm,38,VAL,-2.33149562128118,0.014739687524571969
5kwm,39,THR,-2.505557482945708,-0.10020086983681586
5kwm,40,ALA,-2.408975756429642,0.4206973622140246
5kwm,41,ALA,2.6488703276914767,0.24802398786048976
5kwm,42,HIS,2.9263875278388074,0.4089975317687871
5kwm,43,CYS,2.7742700284270465,0.7605287098222885
5kwm,50,ALA,3.2051615867089405,1.627313345279498
5kwm,55,VAL,-2.452217029933308,0.08141559047454476
5kwm,56,SER,-3.247638885027317,0.1995407975829074
5kwm,57,GLY,3.203062099164616,0.14455446789855902
5kwm,58,ARG,-1.9495585574740988,-0.08956016474954115
5kwm,59,THR,2.1431616131564866,-0.8485265405784528
5kwm,63,SER,-2.3866166183369018,0.6424161169243641
5kwm,64,ASN,0.2721123913404806,-0.020926699550384596
5kwm,65,GLU,-3.008030215246927,0.49508283387037005
5kwm,66,GLY,-0.11781715716209626,0.7653986000457973
5kwm,67,THR,-2.9013306525202713,0.6768726661048816
5kwm,68,VAL,-2.1901487715849868,0.6568297049784989
5kwm,72,THR,2.3612518594611984,0.5311247759938968
5kwm,73,ASN,-2.9144031361479223,1.1795342915470253
5kwm,74,VAL,-2.294607282964373,0.8504073737354215
5kwm,75,TRP,-2.420367918875834,0.9180073037941091
5kwm,76,VAL,-2.82758600747292,1.5302743816838984
5kwm,77,HIS,-1.0159474367801014,1.9396712361194963
5kwm,83,ALA,2.548037535235224,2.529988926876867
5kwm,87,PHE,1.6533553159714967,0.9837114215456881
5kwm,88,ASP,0.20388000461600161,0.371331739965206
5kwm,89,VAL,-3.4041207478612874,0.41775750494327857
5kwm,90,SER,-3.7054322622793774,0.4780707517652318
5kwm,91,VAL,-2.6890986728557,0.3089648501913763
5kwm,92,LEU,-2.503472819006401,0.48631327315481476
5kwm,93,THR,-2.3184617777063625,0.4691922310986756
5kwm,94,LEU,-2.767593544244145,0.5850500417212238
5kwm,95,GLU,3.1435639191225717,0.7776808235096063
5kwm,104,GLU,-2.861552830284778,0.49537657591643786
5kwm,105,LEU,-2.5626968987913537,0.8970824238961382
5kwm,106,ALA,-1.6645895910390385,1.0749831057325905
5kwm,107,LYS,-2.4723544709720024,1.5351000922082845
5kwm,108,ALA,2.8596704045851813,1.7701772903523045
5kwm,109,ASP,2.14393437545595,2.090255547873337
5kwm,110,ASP,-1.7980233257327645,1.5357933767870868
5kwm,111,ALA,2.853739619210566,0.9626890498901803
5kwm,112,GLY,2.730586226167177,0.3323236012816284
5kwm,113,TYR,2.7394313893657762,0.44117426336939086
5kwm,114,ALA,-0.9065743800598944,1.1122739215907325
5kwm,118,ALA,-1.4043566562798633,0.4268538980391444
5kwm,119,ALA,-2.988488448674029,0.7163564165003714
5kwm,120,THR,-2.31060695973439,0.3185221853803898
5kwm,121,ILE,-2.7370264063980705,0.11614910801381682
5kwm,122,LEU,-2.982563643761125,0.13319494393466727
5kwm,123,GLY,-2.5561023220299024,0.09844758928657162
5kwm,124,TRP,1.1889270333610127,-0.3572231920958844
5kwm,125,GLY,-0.9154920271150224,0.3207684380956628
5kwm,126,ASN,-2.1709192780995314,0.6575809806389815
5kwm,127,THR,1.7957582947397848,0.2618580155665083
5kwm,128,SER,-3.4321443124972317,0.8874929793908256
5kwm,129,GLU,-1.27196978527568,0.8444128904940231
5kwm,130,GLY,3.197162648236864,1.590853291661576
5kwm,131,GLY,-1.2586018377186767,1.5013212566991543
5kwm,132,GLN,-2.7358310944176276,1.3051048414659485
5kwm,133,GLN,-2.51815651821902,1.3801921661892473
5kwm,134,ALA,-1.7761178688196566,1.5077534576067186
5kwm,135,ASP,2.411217933621123,0.4661273353061737
5kwm,136,HIS,-2.3474527862435575,0.4496639801059961
5kwm,137,LEU,-2.2996326077592464,-0.22145566891025392
5kwm,141,THR,-2.7079518094587316,0.5383627180118244
5kwm,145,ASN,-2.0484176230735156,1.56030921717587
5kwm,146,SER,-2.0863104331232374,1.8876552137261393
5kwm,154,TYR,-2.15676399903748,2.4516601917984366
5kwm,158,THR,-2.2840384120196258,2.2641647488937395
5kwm,159,PRO,3.4587340912235973,1.666840562325528
5kwm,160,ASP,3.391429869750125,1.669916051950862
5kwm,161,ALA,2.7985921813166943,0.8378577650115074
5kwm,162,MET,-3.559801767604394,0.8460391563075945
5kwm,166,GLY,-2.5736700629983305,1.6200553123306622
5kwm,167,VAL,-2.634967090680452,1.5822298155277847
5kwm,168,PRO,3.36638824717499,1.8170567487284783
5kwm,169,GLU,2.1199667771424453,1.8556856495165752
5kwm,170,GLY,-0.5221578393063505,1.0599509182849705
5kwm,174,THR,-2.969047379212288,0.39213227533964773
5kwm,175,CYS,-2.2131435956086833,0.4814933188363467
5kwm,176,GLN,-1.2743418403764444,1.449728214441046
5kwm,177,GLY,3.417661634414328,0.17599083583076458
5kwm,181,GLY,-1.3577441075702499,-0.2879199068773284
5kwm,182,PRO,-2.7517853610653513,-0.20521495920096097
5kwm,186,ASN,1.6402245007700227,-0.18008496027276652
5kwm,190,ILE,2.2707585076019385,-0.3506523615720523
5kwm,191,GLY,-3.2041733237069954,0.08749660771014234
5kwm,192,VAL,-2.487772912611764,0.051102294787451756
5kwm,193,THR,-1.5527012186749454,0.3171795989274644
5kwm,194,SER,1.462724785491772,0.30127526397289456
5kwm,195,TRP,-3.425912249046938,1.3620638674101053
5kwm,199,CYS,-2.096836391442629,1.0976014532638525
5kwm,200,ALA,2.329945058233261,0.6374920298609232
5kwm,201,ARG,-1.921701060417148,1.127727329910139
5kwm,202,PRO,-1.1037985552495913,1.7951037750180325
5kwm,203,GLY,3.3643436252824785,1.92256354272112
5kwm,204,LYS,-1.0705807340576852,1.1932064604710397
5kwm,205,PRO,-2.676191118488339,1.390201803662464
5kwm,206,GLY,-2.0842403122894275,1.0196084384543205
5kwm,207,VAL,-2.926668631443216,0.7767629165241894
5kwm,208,TYR,-3.3834763522284805,0.5782692696974091
5kwm,212,GLY,2.686087448192079,0.5554135499758519
5kwm,213,ALA,2.645124731163735,0.8890546460068534
5kwm,214,TYR,1.1097731971746967,0.9805819395676295
5mn1,17,VAL,-2.82044669060255,0.01169869414817856
5mn1,18,GLY,2.648844246227993,0.18413894351319765
5mn1,22,CYS,1.6973058264121041,-0.10319722276082563
5mn1,23,GLY,-2.0829586065256263,0.560712021110748
5mn1,24,ALA,-1.077287592094868,0.621690542706308
5mn1,25,ASN,2.434902651525471,0.5192962821923255
5mn1,26,THR,2.9722909290720803,-0.13280645790322998
5mn1,27,VAL,-0.7805348601514775,-0.391453704556105
5mn1,28,PRO,2.9855321939471207,-0.5224993393161059
5mn1,29,TYR,2.6534846739223967,-0.7127160241240587
5mn1,33,LEU,-2.3306946454279607,-0.36879643789345856
5mnk,17,VAL,-2.8200338164155965,0.1406625864770764
5mnk,18,GLY,2.696662783799779,0.2322071251591572
5mnk,19,GLY,-1.76116644285522,0.42328639834817133
5mnk,20,TYR,-3.6282329519312397,0.5184390672921936
5mnk,21,THR,-1.3554137370624326,0.677123898894625
5mnk,22,CYS,1.7513260728850109,-0.0520465687590089
5mnk,23,GLY,-2.1784671841248064,0.6529683104964564
5mnk,24,ALA,-1.1357071937012555,0.5744982614749546
5mnk,25,ASN,2.5173868714165133,0.617570654545635
5mnk,26,THR,2.8781424071132222,-0.02676397027791627
5mnk,27,VAL,-0.8134991733090657,-0.15015142991102087
5mnk,28,PRO,3.001533499584484,-0.19897461465311767
5mnk,29,TYR,2.7639333452209973,-0.3945641710659302
5mnk,33,LEU,-2.382909827867304,-0.37104417005672
5nfm,4,ALA,-2.2490947350032626,2.13991853206221
5nfm,5,PRO,-1.3333399247102975,0.5893258218503289
5nfm,6,GLY,3.7817886980644686,-0.6949076428520091
5nfm,7,ASP,2.346254104006302,-1.2189041216836463
5nfm,8,ILE,1.6530030127236721,-1.4347929084670983
5nfm,9,GLU,1.8148734127589923,-1.6806152174800906
5nfm,10,ASP,2.0698118684669793,-1.3866068679856791
5nfm,11,MET,2.061416252727783,-1.34819140311627
5nfm,12,ILE,2.0444969940067512,-0.9303462780267068
5nfm,13,LYS,2.554065515534995,-0.796293225955732
5nfm,14,ALA,2.088361317328743,-0.8777501345170992
5nfm,15,GLY,2.591585881336163,-1.0515528756616945
5nfm,16,ILE,-0.6987093027681356,-0.6911417435820089
5nfm,17,PRO,-1.1803392294461752,0.2685193074699516
5nfm,18,GLY,3.8696533781129587,0.3559882132659775
5nfm,19,ALA,-2.4725012973579736,-0.3629560076509978
5nfm,20,ARG,-2.286866382135897,-0.29354388883557314
5nfm,21,VAL,-2.925567975479202,-0.5495729181702331
5nfm,22,THR,-2.2974943838169812,-0.6219223877503176
5nfm,23,ILE,-2.617890055456528,-0.768391843361046
5nfm,24,ARG,-2.707224153502793,-0.4448245281192523
5nfm,25,ASP,-1.6657416916661127,-0.8740905911578
5nfm,26,LEU,-2.0001365108296554,-0.9505541971564383
5nfm,27,ALA,1.9797351278280277,-1.0101400830724996
5nfm,28,GLY,2.133459286168611,-0.9826569943756189
5nfm,29,ASP,2.3665943648361836,-1.3074810362567468
5nfm,30,GLY,2.718019837149886,-0.6658944856388322
5nfm,31,ASP,1.0681210212879104,-0.9417385052330796
5nfm,32,HIS,-2.923521288047546,-1.0203160673127953
5nfm,33,TYR,-4.015605457003849,-1.0677303823044135
5nfm,34,ALA,-3.0472985848889884,-0.07585852858091126
5nfm,35,ALA,-2.660418430628043,-0.0515434579044332
5nfm,36,GLU,-2.466852372661793,-0.6401635746201085
5nfm,37,VAL,-2.6236018841518245,-1.0102981818374461
5nfm,38,VAL,-2.542829775413956,-0.9051913203096528
5nfm,39,ALA,-3.100553943757151,-1.0010747452304203
5nfm,40,GLU,2.320431905505151,-1.6802027616807682
5nfm,41,ALA,2.5784469402010783,-1.3184585314456077
5nfm,42,PHE,2.6263892538299225,-1.569334062834671
5nfm,43,ARG,-1.1575673542585307,-0.8359944299362406
5nfm,47,ARG,2.4019193039384485,-1.8324006561813369
5nfm,48,VAL,1.9241072644212887,-1.9583987304127766
5nfm,49,GLN,2.112329072101133,-1.8312977162491266
5nfm,50,GLN,1.7358733585255155,-1.7637339707061246
5nfm,51,HIS,2.143442411113098,-1.9826825987482564
5nfm,52,GLN,2.1374001931488467,-1.914852052764357
5nfm,53,MET,2.1649431189449313,-1.9278787624009337
5nfm,54,VAL,1.7764298789067745,-2.037635181264859
5nfm,55,TYR,1.9580030674466053,-1.9925029516125206
5nfm,56,ASN,2.218109801665082,-1.6749728114960167
5nfm,57,ALA,2.4928097254218,-1.5522914325896306
5nfm,58,LEU,2.73301108445487,-1.4777763529804668
5nfm,59,LYS,1.892137290354683,-0.5934792835457935
5nfm,60,GLY,3.0984779947887855,0.2446156352192279
5nfm,61,ASN,2.629293086420305,-0.31277715716117377
5nfm,62,MET,-1.4572457363782758,-0.02722274006588006
5nfm,63,GLY,-1.458533004725685,0.5736744769541353
5nfm,64,GLY,2.744757836788914,-0.4357262896206632
5nfm,65,ILE,2.362188091336127,-1.345763921857698
5nfm,66,LEU,2.233676214087404,-1.5815375460813312
5nfm,67,HIS,2.4318483530129917,-1.4183290026826618
5nfm,68,ALA,2.635556228972916,-1.520702086363977
5nfm,69,LEU,-1.5013902353254391,-1.048267193548317
5nfm,70,ALA,-1.8418359832375253,-0.447919790430314
5nfm,74,SER,-4.047987612840697,-0.8740906639190471
5nfm,75,ALA,-2.4225426283409788,-0.7517984310374912
5nfm,76,PRO,-2.028639893703097,-0.4612888828142508
5nw3,1,ALA,-2.8868814708900654,0.18723234838781222
5nw3,2,LYS,-3.15619202362072,0.5159601200269187
5nw3,3,TRP,-3.238964272309481,-1.1994164114334225
5nw3,4,VAL,-2.665228777681931,-1.4916764529314819
5nw3,5,CYS,-1.7214679283981835,-1.7599942658613943
5nw3,6,LYS,2.9342890998576134,-1.7222551695539496
5nw3,7,ILE,1.9258141996718183,-1.7875296735873698
5nw3,8,CYS,2.817107210503703,-1.7355540782579901
5nw3,9,GLY,3.110561080512239,-1.933544840483299
5nw3,10,TYR,-2.4720033916854565,-1.7300046297455196
5nw3,11,ILE,-2.251352599388875,-1.7925551281460756
5nw3,12,TYR,-1.8037273488030696,-1.913661460610478
5nw3,13,ASP,-2.1126458260349827,-1.6224492529112984
5nw3,14,GLU,2.867995952751463,-2.0472539529005114
5nw3,15,ASP,2.991152780882197,-1.7773809431297278
5nw3,16,ALA,2.564600420970279,-1.61325368268416
5nw3,17,GLY,-0.5133340140179796,-1.6274543274352031
5nw3,21,ASN,0.7370145011525951,-1.4376804003751402
5nw3,22,GLY,2.882615122619334,-1.4620184567802614
5nw3,23,ILE,-2.324898326832821,-1.5683635719519453
5nw3,24,SER,-2.2869514229422223,-1.6579804507469225
5nw3,25,PRO,-1.3334113634012452,-1.0398906188638564
5nw3,26,GLY,2.841992536327759,-0.6527360795433687
5nw3,27,THR,-2.17396708702106,-1.272009916423995
5nw3,28,LYS,-2.5250436474430273,-1.4461884203870436
5nw3,29,PHE,2.0417593194233845,-2.095808423292721
5nw3,30,GLU,2.3881437317348713,-1.1546914024064603
5nw3,31,GLU,2.5277787957587936,-1.0402496017348073
5nw3,32,LEU,-1.2661546976680387,-0.98890864077461
5nw3,33,PRO,-2.261845040926866,-1.142559340289973
5nw3,34,ASP,2.95891473369023,-1.4704809457542267
5nw3,35,ASP,1.9421929771914646,-1.0325593084624394
5nw3,36,TRP,-2.547165030800779,-1.3815853326231138
5nw3,37,VAL,-3.7536674260472758,-1.4635004520568056
5nw3,38,CYS,-1.5478061583713643,-1.6127990233970542
5nw3,39,PRO,3.0799928314557143,-1.617200234700289
5nw3,40,ILE,1.5299872552155387,-1.6372298443252866
5nw3,41,CYS,2.8348872202524467,-1.9629453244953863
5nw3,42,GLY,2.253640478497787,-1.6764650886097
5nw3,46,SER,2.497227031825641,-2.342446088643498
5nw3,47,GLU,1.4724640751374163,-2.065441799235618
5nw3,48,PHE,-2.8945504509365914,-1.439597730237358
5nw3,49,GLU,-2.7254345686368633,-1.2852590615762034
5nw3,50,LYS,-2.0730489051897303,-1.335175697011568
5nw3,51,LEU,-1.211751228578482,-1.2914243976919868
